ID_COMPRA;NUMERO_UASG;NUMERO_COMPRA;ANO_COMPRA;OBJETO;CHAVE_COMPRA_PNCP;ID_ITEM;numero_item;descricao;descricao_detalhada;unidade_fornecimento;valor_estimado;quantidade_solicitada;orcamento_sigiloso;codigo_item_catalogo;tipo_item_catalogo
681935;70014;105;2026;"Aquisição de medicamentos ambulatoriais ";0594074000012110001722026;7521045;18;Dipirona Sódica;dosagem: 500 Dipirona Sódica 500 mg Nome comercial de referência: Novalgina. Laboratório fabricante de referência: Sanofi Aventis;Comprimido;0.91;100;N;267203;M
681935;70014;105;2026;"Aquisição de medicamentos ambulatoriais ";0594074000012110001722026;7521046;19;Dipirona Sódica;concentração: 1, forma farmacêutica: comprimido efervescente Dipirona Sódica 1000 mg Nome comercial de referência: Novalgina. Laboratório fabricante de referência: Sanofi Aventis;Comprimido;1.65;30;N;474749;M
681808;984305;51;2026;Registrar preços para futura e eventual contratação de empresa especializada em fornecimento de medicamentos para a Farmácia Básica, em atendimento às demandas da Secretaria Municipal de Saúde de Cataguases – MG.;1770249900026210000832026;7519285;57;Fenobarbital Sódico;"dosagem: 100 ";Comprimido;0.49;100000;N;267660;M
681675;987453;4;2026;"Registro de Preços visando a aquisição de medicamentos e sensor de monitoramento contínuo de glicose para atender às necessidades do Departamento de Saúde do Município, como: Unidades Básicas de Saúde, Hospital Municipal São Jorge, SAMU e PAM.  ";7624506700015810000372026;7517286;30;Fenobarbital Sódico;dosagem: 100, forma farmacêutica: solução injetável Considerar itens descritos no Anexo I (Termo de Referência) do Edital de Licitação. Para maiores informações consulte o Portal da Transparência através de pmbvista.pr.gov.br;Ampola;2.42;1000;N;300725;M
681831;90126;46;2026;Aquisição de Medicamento em Cumprimento de Determinação Judicial;4637450000019410054772026;7519498;4;Dipirona Sódica;"composição: associada à cafeína e diidroergotamina, concentração: 350 mg + 100 mg + 1 ";Comprimido;1.14;504;S;340419;M
682633;987777;30;2026;"Registro de preços para Contratação de empresa especializada no fornecimento de medicamentos para a aquisição e manutenção do atendimento aos usuários dos diversos serviços de saúde realizados pela Secretaria Municipal de Saúde. ";7617588400018710003092026;7533553;87;Prometazina Cloridrato;dosagem: 25 Prometazina Cloridrato 25 MG. Drágeas.;Drágea;0.12;80000;N;267768;M
682465;988841;61;2026;RP - Medicamentos;8848836600010010002542026;7531647;34;Dipirona Sódica;"dosagem: 500 ";Comprimido;0.12;1480000;N;267203;M
682822;458403;5;2026;Registro de preços visando a aquisição compartilhada de medicamentos para o atendimento das demandas do Consórcio Intermunicipal de Saúde do Sudoeste (CONSUD) e de seus 27 (vinte e sete) municípios consorciados.;0033367800019610000222026;7538027;74;Levomepromazina;Levomepromazina, Dosagem:100 MG Medicamentos compartilhados;Comprimido;1.25;241301;S;268129;M
684536;160482;73;2026;Aquisição de alimento animal (Ração canina) e suprimentos para realização de medidas profiláticas destinada ao 32° Pel PE;0039445200010310136682026;7566921;6;Vacina;"tipo: déctupla, composição: adenovírus (2), cinomose, coronavirose, parvovírus, outros componentes: parainfluenza, componentes adicionais: leptospira diversa, forma farmacêutica: suspensão injetável, aplicação*: uso veterinário ";Frasco-Ampola;76.74;10;N;439507;M
679983;926750;1;2026;"Aquisição de medicamentos essenciais para manutenção das atividades do SAMU Regional Norte Novo. ";1798938600010910000172026;7499344;8;Dipirona Sódica;dosagem: 500, apresentação: solução injetável DIPIRONA SÓDICA 500 MG/ML, apresentação solução injetável de uso endovenoso e intramuscular. Ampola com 2ml,  com lote, data de validade e dados de identificação. O medicamento deve possuir lote, data de fabricação, data de validade número do registr;Ampola;1.14;500;S;268252;M
680669;160192;359;2026;"Aquisição de Medicamentos de Uso veterinário. ";0039445200010310130502026;7498654;2;Dipirona Sódica;"concentração: 500, forma física: solução injetável, uso: uso veterinário ";Frasco;52.97;2;N;409123;M
680505;450522;293;2026;Registro de Preço para Eventual e Futura Aquisição de Medicamentos para o Atendimento na Atenção Básica, para atender as necessidades da Secretaria Municipal de Saúde de Ariquemes, por um período de 12 (doze) meses.;0410481600011610001832026;7496998;40;Prometazina Cloridrato;dosagem: 25 Prometazina Cloridrato Dosagem: 25 MG;Comprimido;0.37;48000;N;267768;M
683919;927502;332;2026;"Aquisição dos medicamentos Sacubitril Valsartana Sódica Hidratada 100mg, Fluoxetina 20mg/ml, Ácido Docosahexaenoico (DHA) 47mg, Brometo de Tiotrópio 2,5mcg, Micofenolato de Sódio 360mg, Salmeterol 25mcg + Propionato de Fluticasona 125mcg, Imunoterapia subcutânea para ácaros (extrato alergênico padronizado para imunoterapia alérgeno-específica (ácaros), solução para uso subcutâneo), Cloridrato de Metilfenidato 10mg, conforme solicitações médicas anexadas nos autos, via dispensa de licitação, com ";0073306200010210003112026;7558971;7;Vacina;composição 1: extrato alérgeno de ácaros, forma farmacêutica 1: injetável, tipo 1: padronizado IMUNOTERAPIA SUBCUTÂNEA PARA ÁCAROS - EXTRATO ALERGÊNCIO PADRONIZADO PARA IMUNOTERAPIA ALÉRGENO-ESPECÍFICA (ÁCAROS), SOLUÇÃO PARA USO SUBCUTÊNEO.;Frasco;428.75;12;N;483360;M
682822;458403;5;2026;Registro de preços visando a aquisição compartilhada de medicamentos para o atendimento das demandas do Consórcio Intermunicipal de Saúde do Sudoeste (CONSUD) e de seus 27 (vinte e sete) municípios consorciados.;0033367800019610000222026;7538223;270;Tramadol Cloridrato;Tramadol Cloridrato, Dosagem:50 MG/ML, Forma Farmacêutica:Solução Injetável Medicamentos compartilhados;Ampola;3.23;49401;S;292382;M
678901;90167;188;2026;Aquisição de Medicamentos Comprimidos (Folinato de Calcio, Captopril 25mg, Dipirona 500mg e Outros).;4637450000019410053542026;7472205;3;Dipirona Sódica;"composição: associada à adifenina e prometazina, concentração: 500mg + 10mg + 5mg ";Comprimido;1.78;2000;N;275475;M
678609;135017;3;2026;Registro de preços para aquisição futura de adubos, fitossanitários, alimentos para animais e materiais e medicamentos de uso veterinário.;0034800300011010004752026;7469648;33;Dipirona Sódica;concentração: 500, forma física: solução injetável, uso: uso veterinário Devido a inconsistências nos CATMATs, a descrição completa do item  encontra-se no Anexo I - Termo de Referência do Edital. Pedimos que seja observada atentamente, visando a formalização da Proposta mais vantajosa para a Administração.;Frasco;12.86;50;S;409123;M
678893;456546;100;2026;Medicamentos de Controle Especial (Port. 344/98);0829318500018110000242026;7472565;24;Tramadol Cloridrato;dosagem: 50, forma farmacêutica: liberação lenta TRAMADOL, CLORIDRATO 50 MG COMPRIMIDO;Cápsula;0.39;7000;S;309436;M
678609;135017;3;2026;Registro de preços para aquisição futura de adubos, fitossanitários, alimentos para animais e materiais e medicamentos de uso veterinário.;0034800300011010004752026;7469715;100;Vacina;tipo: inativada, outros componentes: c. pseudotuberculosis (ovis), c. perfringens (d), componentes adicionais: c. tetani, c.novyi (b), c. septicum e c. chauvoei, forma farmacêutica: suspensão injetável, aplicação*: uso veterinário Devido a inconsistências nos CATMATs, a descrição completa do item  encontra-se no Anexo I - Termo de Referência do Edital. Pedimos que seja observada atentamente, visando a formalização da Proposta mais vantajosa para a Administração.;Doses;4.53;300;S;449713;M
678747;160034;51;2026;Aquisição de insumos veterináriosaquisição de aquisição de material de consumo referentes às medidas anuais profiláticas para cães do exército e materiais médico-hospitalares para o 6º Batalhão de Polícia do Exército;0039445200010310127492026;7470915;1;Vacina;"tipo: déctupla, composição: adenovírus (2), cinomose, coronavirose, parvovírus, outros componentes: parainfluenza, componentes adicionais: leptospira diversa, forma farmacêutica: suspensão injetável, aplicação*: uso veterinário ";Doses;48.89;15;N;439507;M
678893;456546;100;2026;Medicamentos de Controle Especial (Port. 344/98);0829318500018110000242026;7472552;11;Fenobarbital Sódico;dosagem: 100, forma farmacêutica: solução injetável FENOBARBITAL 100 MG/ML SOLUÇÃO INJETÁVEL 2 ML;Ampola;3.89;50;S;300725;M
683418;983677;3;2026;AQUISIÇÃO PARA O FORNECIMENTO PARCELADO E CONTÍNUO DE MEDICAMENTOS, PARA ATENDER ÀS NECESSIDADES DAS SEGUINTES UNIDADES DE SAÚDE DO MUNICÍPIO DE LAJE.;1382549200010410000862026;7548909;81;Dipirona Sódica;Dipirona Sódica, Dosagem:500 MG/ML, Apresentação:Solução Injetável Itens Hospitalares;Ampola;0.65;25000;N;268252;M
683015;155906;7;2026;Aquisição de Medicamentos Cardiovasculares, Antiinflamatórios, Anestésicos, SNC e contraste por meio de Registro de Preços, a fim de atender às necessidades da Maternidade Climério de Oliveira (MCO/ UFBA), do Hospital Universitário Prof. Alberto Antunes (HUPAA-UFAL) e do Hospital Universitário Prof. Edgard Santos (HUPES/UFBA), integrantes da Rede HU Brasil, pelo período de 12 (doze) meses.;1512643700030510026252026;7540397;41;Dipirona Sódica;"dosagem: 500 ";Comprimido;0.14;150500;S;267203;M
683418;983677;3;2026;AQUISIÇÃO PARA O FORNECIMENTO PARCELADO E CONTÍNUO DE MEDICAMENTOS, PARA ATENDER ÀS NECESSIDADES DAS SEGUINTES UNIDADES DE SAÚDE DO MUNICÍPIO DE LAJE.;1382549200010410000862026;7548837;9;Diazepam;Diazepam, Dosagem:5 MG Itens Hospitalares;Comprimido;0.07;25000;N;267195;M
683524;451164;35;2026;Medicamentos (mat. farmacológico);8025735500010810003342026;7550298;3;Clorpromazina;"dosagem: 25 mg ";Comprimido;0.34;650;N;267635;M
683015;155906;7;2026;Aquisição de Medicamentos Cardiovasculares, Antiinflamatórios, Anestésicos, SNC e contraste por meio de Registro de Preços, a fim de atender às necessidades da Maternidade Climério de Oliveira (MCO/ UFBA), do Hospital Universitário Prof. Alberto Antunes (HUPAA-UFAL) e do Hospital Universitário Prof. Edgard Santos (HUPES/UFBA), integrantes da Rede HU Brasil, pelo período de 12 (doze) meses.;1512643700030510026252026;7540376;20;Clorpromazina;Clorpromazina, Concentração:40 MG/ML, Forma Farmaceutica:Solução Oral - Gotas 40 mg/mL (4%) solução oral;Frasco;7.42;106;S;340207;M
682633;987777;30;2026;"Registro de preços para Contratação de empresa especializada no fornecimento de medicamentos para a aquisição e manutenção do atendimento aos usuários dos diversos serviços de saúde realizados pela Secretaria Municipal de Saúde. ";7617588400018710003092026;7533491;25;Clorpromazina;concentração: 40, forma farmaceutica: solução oral - gotas Clorpromazina 40 MG/ML. Solução Oral gotas;Frasco;8.93;1000;N;340207;M
682822;458403;5;2026;Registro de preços visando a aquisição compartilhada de medicamentos para o atendimento das demandas do Consórcio Intermunicipal de Saúde do Sudoeste (CONSUD) e de seus 27 (vinte e sete) municípios consorciados.;0033367800019610000222026;7538284;331;Levomepromazina;Levomepromazina, Dosagem:40 MG/ML, Apresentação:Solução Oral Medicamentos compartilhados;Frasco;18.96;15801;S;268130;M
682465;988841;61;2026;RP - Medicamentos;8848836600010010002542026;7531718;105;Dipirona Sódica;dosagem: 500 Cota reservada ME/EPP;Comprimido;0.12;20000;N;267203;M
682943;90157;354;2026;aquisição de medicamentos;4637450000019410055512026;7539421;4;Diazepam;"dosagem: 10 ";Comprimido;0.19;1000;S;267197;M
682822;458403;5;2026;Registro de preços visando a aquisição compartilhada de medicamentos para o atendimento das demandas do Consórcio Intermunicipal de Saúde do Sudoeste (CONSUD) e de seus 27 (vinte e sete) municípios consorciados.;0033367800019610000222026;7538140;187;Clorpromazina;Clorpromazina, Dosagem:5 MG/ML, Apresentação:Solução Injetável Medicamentos compartilhados;Ampola;3.72;3501;S;268069;M
678537;981645;90020;2026;"Contratação de Pessoa Jurídica visando o fornecimento de medicamentos psicotrópicos em atendimento as necessidades da Secretaria Municipal de Saúde do Município de Caraúbas/RN. ";0834910200012910000992026;7467043;23;Clorpromazina;Clorpromazina Concentração: 40 MG/ML, Forma Farmaceutica: Solução Oral - Gotas;Frasco 20,00 ML;9.60;200;N;340207;M
678609;135017;3;2026;Registro de preços para aquisição futura de adubos, fitossanitários, alimentos para animais e materiais e medicamentos de uso veterinário.;0034800300011010004752026;7483417;33;Dipirona Sódica;concentração: 500, forma física: solução injetável, uso: uso veterinário Devido a inconsistências nos CATMATs, a descrição completa do item  encontra-se no Anexo I - Termo de Referência do Edital. Pedimos que seja observada atentamente, visando a formalização da Proposta mais vantajosa para a Administração.;Frasco;12.86;50;S;409123;M
678609;135017;3;2026;Registro de preços para aquisição futura de adubos, fitossanitários, alimentos para animais e materiais e medicamentos de uso veterinário.;0034800300011010004752026;7483482;98;Vacina;tipo: inativada, composição: vírus da influenza eqüina (cepas variadas), outros componentes: vírus encefalomielite eqüina (leste e oeste), componentes adicionais: herpes vírus equino (tipo 1 e 4), toxoide tetânico, forma farmacêutica: suspensão injetável, aplicação*: uso veterinário Devido a inconsistências nos CATMATs, a descrição completa do item  encontra-se no Anexo I - Termo de Referência do Edital. Pedimos que seja observada atentamente, visando a formalização da Proposta mais vantajosa para a Administração.;Doses;82.26;80;S;462470;M
682822;458403;5;2026;Registro de preços visando a aquisição compartilhada de medicamentos para o atendimento das demandas do Consórcio Intermunicipal de Saúde do Sudoeste (CONSUD) e de seus 27 (vinte e sete) municípios consorciados.;0033367800019610000222026;7538258;305;Clorpromazina;Clorpromazina, Concentração:40 MG/ML, Forma Farmaceutica:Solução Oral - Gotas Medicamentos compartilhados;Frasco;12.46;951;S;340207;M
682385;156654;42;2026;MEDICAMENTOS SÓLIDOS E LIQUIDOS - PARTE I. Pregão 42/2026. Unidade Gestora: 156654. Itens licitados 72.  Entrega das Propostas: a partir de 09/07/2026 às 08h00 no site www.gov.br/compras. Abertura das Propostas: 22/07/2026 às 08h30 no site www.gov.br/compras;1512643700030510025012026;7530367;34;Clorpromazina;"concentração: 40, forma farmaceutica: solução oral - gotas ";Frasco;7.49;200;S;340207;M
681577;90203;259;2026;AQUISIÇÃO DE MEDICAMENTOS FRACASSADOS E DE USO NA UCP;4637450000019410054542026;7515944;6;Clorpromazina;"dosagem: 5, apresentação: solução injetável ";Ampola;7.89;125;S;268069;M
681532;926873;90003;2026;"Registro de preços para futura e eventual aquisição de medicamentos para tratamento dos sintomas das arboviroses, tendo como principais a dengue, chikungunya, Zika e febre do Oropouche, bem como testes rápidos para diagnóstico de dengue, chikungunya e Zika em apoio aos entes integrantes do Consórcio Interestadual de Desenvolvimento do Brasil Central - BrC ";2379116900010210000062026;7515427;8;Dipirona Sódica;Dipirona Sódica Dosagem: 500MG/ML, Apresentação: Solução Injetável;Ampola 2,00 ML;0.47;3539165;S;268252;M
681808;984305;51;2026;Registrar preços para futura e eventual contratação de empresa especializada em fornecimento de medicamentos para a Farmácia Básica, em atendimento às demandas da Secretaria Municipal de Saúde de Cataguases – MG.;1770249900026210000832026;7519271;43;Clorpromazina;"dosagem: 100 ";Comprimido;0.84;100000;N;267638;M
681935;70014;105;2026;"Aquisição de medicamentos ambulatoriais ";0594074000012110001722026;7521039;12;Dipirona Sódica;composição: associada à cafeína e isometepteno, concentração: 300mg + 30mg + 30mg Associação: Mucato de Isometepteno 30mg, Dipirona Sódica 300mg, Cafeína Anidra 30mg Nome comercial de referência: Neosaldina. Laboratório fabricante de referência: Nycomed;Comprimido;1.07;100;N;270633;M
683418;983677;3;2026;AQUISIÇÃO PARA O FORNECIMENTO PARCELADO E CONTÍNUO DE MEDICAMENTOS, PARA ATENDER ÀS NECESSIDADES DAS SEGUINTES UNIDADES DE SAÚDE DO MUNICÍPIO DE LAJE.;1382549200010410000862026;7548838;10;Diazepam;Diazepam, Dosagem:10 MG Itens Hospitalares;Comprimido;0.07;70000;N;267197;M
683802;752100;125;2026;ItA aquisição de medicamentos e materiais médico-hospitalares atende à demanda dos atendimentos clínicos do Departamento de Saúde do CIAGA na assistência médica ambulatorial dos militares da ativa, da reserva e dos alunos deste Centro de Instrução. Dessa forma, os produtos adquiridos fornecerão um alto padrão de medicamentos e materiais de saúde, gerando resultados satisfatórios aos pacientes em consequência de tratamentos eficazes.;0039450200014410079562026;7555296;7;Dipirona Sódica;"composição: associada à clorfenamina maleato e cafeína, concentração: 250 mg + 2 mg e 250mg + 30 ";Comprimido;1.05;3000;N;340758;M
681808;984305;51;2026;Registrar preços para futura e eventual contratação de empresa especializada em fornecimento de medicamentos para a Farmácia Básica, em atendimento às demandas da Secretaria Municipal de Saúde de Cataguases – MG.;1770249900026210000832026;7519279;51;Dipirona Sódica;"dosagem: 500 ";Comprimido;0.98;100000;N;267203;M
681714;90175;42;2026;Aquisição de Medicamentos- Baclofeno 10mg, Comprimido e Outros Através de Licitação.;4637450000019410054622026;7517785;3;Dipirona Sódica;"dosagem: 500, apresentação: solução injetável ";Ampola;3.01;1200;S;268252;M
681659;987857;7;2026;Aquisição de tuberculina aviária, tuberculina bovina, antígeno acidificado tamponado (AAT), vacina RB-51, pistolas para aplicação de tuberculina, cutímetro e botas impermeáveis de cano longo, destinados ao atendimento das demandas da Secretaria Municipal de Agricultura, visando à execução das ações de defesa sanitária animal.;7592758200015510001742026;7517122;2;Vacina;"aplicação*: uso veterinário, composição: s. gallinarum, forma farmacêutica: injetável, tipo: viva ";Frasco-Ampola;143.34;85;N;624112;M
683015;155906;7;2026;Aquisição de Medicamentos Cardiovasculares, Antiinflamatórios, Anestésicos, SNC e contraste por meio de Registro de Preços, a fim de atender às necessidades da Maternidade Climério de Oliveira (MCO/ UFBA), do Hospital Universitário Prof. Alberto Antunes (HUPAA-UFAL) e do Hospital Universitário Prof. Edgard Santos (HUPES/UFBA), integrantes da Rede HU Brasil, pelo período de 12 (doze) meses.;1512643700030510026252026;7540402;46;Fenobarbital Sódico;Fenobarbital Sódico, Dosagem:100 MG/ML, Forma Farmacêutica:Solução Injetável 100 mg/mL solução injetável;Ampola;2.30;2700;S;300725;M
680351;250059;179;2026;33409.000037/2026-41 - Aquisição de medicamentos do grupo  Uso Geral IV - DFD 344 - R$ 302.184,98;0039454400018510013772026;7493745;13;DIPIRONA SÓDICA;"APRESENTAÇÃO: SOLUÇÃO INJETÁVEL, DOSAGEM: 500 ";Ampola 2 ML;0.01;215400;N;268252;M
678609;135017;3;2026;Registro de preços para aquisição futura de adubos, fitossanitários, alimentos para animais e materiais e medicamentos de uso veterinário.;0034800300011010004752026;7469713;98;Vacina;tipo: inativada, composição: vírus da influenza eqüina (cepas variadas), outros componentes: vírus encefalomielite eqüina (leste e oeste), componentes adicionais: herpes vírus equino (tipo 1 e 4), toxoide tetânico, forma farmacêutica: suspensão injetável, aplicação*: uso veterinário Devido a inconsistências nos CATMATs, a descrição completa do item  encontra-se no Anexo I - Termo de Referência do Edital. Pedimos que seja observada atentamente, visando a formalização da Proposta mais vantajosa para a Administração.;Doses;82.26;80;S;462470;M
678609;135017;3;2026;Registro de preços para aquisição futura de adubos, fitossanitários, alimentos para animais e materiais e medicamentos de uso veterinário.;0034800300011010004752026;7509413;99;Vacina;tipo: inativada e adsorvida, composição: vírus da influenza eqüina (cepas variadas), outros componentes: herpes vírus eqüino, forma farmacêutica: suspensão injetável, aplicação*: uso veterinário Devido a inconsistências nos CATMATs, a descrição completa do item  encontra-se no Anexo I - Termo de Referência do Edital. Pedimos que seja observada atentamente, visando a formalização da Proposta mais vantajosa para a Administração.;Doses;53.45;80;S;439543;M
681233;987459;11;2026;REGISTRO DE PREÇO PARA EVENTUAL AQUISIÇÃO DE MATERIAL DE CONSUMO MÉDICO HOSPITALAR PARA ATENDER AS NECESSIDADES DAS UNIDADES BÁSICAS DE SAÚDE, VINCULADAS À SECRETARIA MUNICIPAL DE SAÚDE.;7610559200017810000792026;7509461;3;Diluente Para Vacina;"adicional: tamponada, aplicação: uso veterinário, composição: água para injeção, esterilidade: estéril, forma farmacêutica: líquido ";Mililitro;1.40;1000;N;624427;M
681287;926850;69;2026;Registro de preços para futura e eventual aquisição de medicamentos para suprir as necessidades da Secretaria Municipal de Saúde/PMVR no atendimento da Rede de Atenção Básica de Saúde de Volta Redonda, incluindo Farmácia Municipal, Postos de Saúde e demais unidades de atendimento que necessitam de medicamentos do Componente Básico da Assistência Farmacêutica (Portaria nº 1.555/GM/MS e suas atualizações).;3956391100016210001422026;7509960;41;Dipirona Sódica;dosagem: 500, apresentação: solução oral (gotas) DIPIRONA SÓDICA 500 MG/ML SOLUÇÃO ORAL 10 ML;Frasco;3.17;10490;N;267205;M
680916;160039;97;2026;Aquisição de Medicamentos Injetáveis;0039445200010310131102026;7501953;74;Prometazina Cloridrato;"dosagem: 25, apresentação: solução injetável ";Ampola;4.56;400;N;267769;M
682822;458403;5;2026;Registro de preços visando a aquisição compartilhada de medicamentos para o atendimento das demandas do Consórcio Intermunicipal de Saúde do Sudoeste (CONSUD) e de seus 27 (vinte e sete) municípios consorciados.;0033367800019610000222026;7538028;75;Levomepromazina;Levomepromazina, Dosagem:25 MG Medicamentos compartilhados;Comprimido;0.64;238201;S;268128;M
679478;160222;105;2026;Aquisição de alimentação e fármacos ( remédios e vacinas) para os cães da Seção de Cães de Guerra da 2ª Companhia do 5° Batalhão de Suprimento.;0039445200010310128502026;7480230;4;Vacina;"tipo: inativada, outros componentes: b. bronchiseptica, forma farmacêutica: suspensão injetável, aplicação*: uso veterinário ";Frasco-Ampola;43.00;48;N;439562;M
679478;160222;105;2026;Aquisição de alimentação e fármacos ( remédios e vacinas) para os cães da Seção de Cães de Guerra da 2ª Companhia do 5° Batalhão de Suprimento.;0039445200010310128502026;7480231;5;Vacina;"tipo: inativada, outros componentes: giardia lamblia, forma farmacêutica: suspensão injetável, aplicação*: uso veterinário ";Frasco-Ampola;53.97;48;N;439566;M
680456;984865;33;2026;REGISTRO DE PREÇOS PARA FUTURA E EVENTUAL AQUISIÇÃO DE MEDICAMENTOS PARA ATENDER A DEMANDA DA SECRETARIA DE SAÚDE DO MUNICÍPIO DE MONTES CLAROS-MG;2267887400013510002542026;7496288;45;Dipirona Sódica;dosagem: 500 DIPIRONA 500 MG, COMPRIMIDO (COTA 25% EXCLUSIVA ME/EPP/MEI);Comprimido;0.10;1125000;S;267203;M
681464;160168;77;2026;Aquisição de medicamentos de uso geral em favor do Hos´pital de Guarnição de Marabá e demais UG Participantes;0039445200010310132002026;7512500;60;Dipirona Sódica;"Dipirona Sódica, Dosagem:500 MG ";Comprimido;0.15;1500;N;267203;M
682271;155900;18;2026;Registro de Preços para a aquisição de Medicamentos IV (processo nº 23763.002796/2026-56), a fim de atender às necessidades do Hospital Universitário da Universidade Federal de São Carlos (HU-UFSCar), Unidade Gestora (UG) 155900, pertencente à Rede da Empresa Brasileira de Serviços Hospitalares (Rede Ebserh), por um período de 12 (doze) meses.;1512643700030510025912026;7526720;33;Clorpromazina;Clorpromazina, Dosagem:5 MG/ML, Apresentação:Solução Injetável Medicamento;Ampola;3.47;1000;S;268069;M
682822;458403;5;2026;Registro de preços visando a aquisição compartilhada de medicamentos para o atendimento das demandas do Consórcio Intermunicipal de Saúde do Sudoeste (CONSUD) e de seus 27 (vinte e sete) municípios consorciados.;0033367800019610000222026;7538097;144;Tramadol Cloridrato;Tramadol Cloridrato, Dosagem:50 MG Medicamentos compartilhados;Comprimido;0.82;312001;S;268534;M
682385;156654;42;2026;MEDICAMENTOS SÓLIDOS E LIQUIDOS - PARTE I. Pregão 42/2026. Unidade Gestora: 156654. Itens licitados 72.  Entrega das Propostas: a partir de 09/07/2026 às 08h00 no site www.gov.br/compras. Abertura das Propostas: 22/07/2026 às 08h30 no site www.gov.br/compras;1512643700030510025012026;7530381;48;Dipirona Sódica;"dosagem: 500, apresentação: solução oral (gotas) ";Frasco;2.23;9600;S;267205;M
682633;987777;30;2026;"Registro de preços para Contratação de empresa especializada no fornecimento de medicamentos para a aquisição e manutenção do atendimento aos usuários dos diversos serviços de saúde realizados pela Secretaria Municipal de Saúde. ";7617588400018710003092026;7533495;29;Diazepam;dosagem: 5, apresentação: solução injetável Diazepam 5 MG/ML. Solução Injetável. Ampola 2 ML.;Ampola;0.76;1000;N;267194;M
682465;988841;61;2026;RP - Medicamentos;8848836600010010002542026;7531710;97;Tramadol Cloridrato;"dosagem: 50, forma farmacêutica: solução injetável ";Ampola;1.42;25000;N;292382;M
681287;926850;69;2026;Registro de preços para futura e eventual aquisição de medicamentos para suprir as necessidades da Secretaria Municipal de Saúde/PMVR no atendimento da Rede de Atenção Básica de Saúde de Volta Redonda, incluindo Farmácia Municipal, Postos de Saúde e demais unidades de atendimento que necessitam de medicamentos do Componente Básico da Assistência Farmacêutica (Portaria nº 1.555/GM/MS e suas atualizações).;3956391100016210001422026;7509958;39;Diazepam;"dosagem: 5 ";Comprimido;0.29;56040;N;267195;M
678537;981645;90020;2026;"Contratação de Pessoa Jurídica visando o fornecimento de medicamentos psicotrópicos em atendimento as necessidades da Secretaria Municipal de Saúde do Município de Caraúbas/RN. ";0834910200012910000992026;7467070;50;Tramadol cloridrato;Tramadol Cloridrato Dosagem: 50 MG;Comprimido;0.40;5000;N;268534;M
678537;981645;90020;2026;"Contratação de Pessoa Jurídica visando o fornecimento de medicamentos psicotrópicos em atendimento as necessidades da Secretaria Municipal de Saúde do Município de Caraúbas/RN. ";0834910200012910000992026;7467053;33;Fenobarbital sódico;Fenobarbital Sódico Dosagem: 100 MG;Comprimido;0.25;40000;N;267660;M
678045;180184;51;2026;Aquisição de materiais de consumo Odontológicos;4637780000012710028142026;7463248;52;Dipirona Sódica;"dosagem: 500, apresentação: solução oral (gotas) ";Frasco;2.28;50;N;267205;M
680175;155904;78;2026;"  Aquisição de Medicamentos, verificar Termo de referência.";1512643700030510024872026;7490455;1;Dipirona Sódica;"dosagem: 500 ";Comprimido;NULL;8600;S;267203;M
683418;983677;3;2026;AQUISIÇÃO PARA O FORNECIMENTO PARCELADO E CONTÍNUO DE MEDICAMENTOS, PARA ATENDER ÀS NECESSIDADES DAS SEGUINTES UNIDADES DE SAÚDE DO MUNICÍPIO DE LAJE.;1382549200010410000862026;7549078;250;Tramadol Cloridrato;Tramadol Cloridrato, Dosagem:50 MG/ML, Forma Farmacêutica:Solução Injetável Itens Hospitalares;Ampola;1.98;3000;N;292382;M
680400;925778;40;2026;Aquisição de 33 medicamentos para o Hospital Dr. José Pedro Bezerra;0824175401100710000152026;7495434;8;Dipirona Sódica;"composição: associada à cafeína e isometepteno, concentração: 300mg + 30mg + 30mg ";Comprimido;1.16;500;N;270633;M
682814;160290;50;2026;"Aquisição de medicamentos para seção de saúde. ";0039445200010310133742026;7535630;18;Prometazina Cloridrato;"dosagem: 25, apresentação: solução injetável ";Ampola;5.55;100;N;267769;M
681935;70014;105;2026;"Aquisição de medicamentos ambulatoriais ";0594074000012110001722026;7521031;4;Dipirona Sódica;composição: associada à cafeína, concentração: 500 mg + 65 Associação: Citrato de orfenadrina 35 mg, Dipirona sódica 300 mg, cafeína anidra 50 mg Nome comercial de referência: Dorflex. Laboratório fabricante de referência: Sanofi-Aventis;Comprimido;0.68;100;N;606626;M
681647;90126;39;2026;Aquisição de Medicamento em Cumprimento de Determinação Judicial;4637450000019410054592026;7516884;2;Dipirona Sódica;"composição: associada à adifenina e prometazina, concentração: 500mg + 10mg + 5mg ";Mililitro;1.56;810;S;275475;M
683418;983677;3;2026;AQUISIÇÃO PARA O FORNECIMENTO PARCELADO E CONTÍNUO DE MEDICAMENTOS, PARA ATENDER ÀS NECESSIDADES DAS SEGUINTES UNIDADES DE SAÚDE DO MUNICÍPIO DE LAJE.;1382549200010410000862026;7548839;11;Dipirona Sódica;Dipirona Sódica, Dosagem:500 MG Itens Hospitalares;Comprimido;0.13;200000;N;267203;M
683524;451164;35;2026;Medicamentos (mat. farmacológico);8025735500010810003342026;7550310;15;Levomepromazina;"dosagem: 25 ";Comprimido;0.59;160;N;268128;M
679478;160222;105;2026;Aquisição de alimentação e fármacos ( remédios e vacinas) para os cães da Seção de Cães de Guerra da 2ª Companhia do 5° Batalhão de Suprimento.;0039445200010310128502026;7480228;2;Vacina;"tipo: déctupla, composição: adenovírus (2), cinomose, coronavirose, parvovírus, outros componentes: parainfluenza, componentes adicionais: leptospira diversa, forma farmacêutica: suspensão injetável, aplicação*: uso veterinário ";Frasco-Ampola;76.68;48;N;439507;M
687720;160102;67;2026;Aquisição de material farmacológico e odontológico;0039445200010310143912026;7619403;61;Diazepam;"dosagem: 10 ";Comprimido;1.76;300;N;267197;M
686282;160523;19;2026;Aquisição de materiais, insumos, alimentos e medicamentos para o efetivo animal do CPOR/CM-BH e Órgãos Participantes.;0039445200010310140342026;7595012;53;Vacina;"tipo: inativada, composição: toxoide tetânico, vírus influenza, outros componentes: vírus encefalomielite eqüina (leste e oeste), forma farmacêutica: suspensão injetável, aplicação*: uso veterinário ";Frasco-Ampola;72.92;111;N;439544;M
677187;925462;92;2026;"Aquisição de medicamentos diversos e correlatos ";5017627000012610000482026;7451127;17;Diazepam;dosagem: 10 Diazepam 10mg cx c/30 cp ou cápsula - Observar as ESPECIFICAÇÕES TÉCNICAS  estipuladas no edital, ANEXO I;Comprimido;18.01;1;N;267197;M
684346;986969;84;2026;Registro de Preços para aquisição de Medicamentos – REMUME, conforme edital e seus anexos.;5602458100015610003022026;7565018;10;Levomepromazina;"dosagem: 25 ";Comprimido;0.43;105000;N;268128;M
677466;985917;90018;2026;Aquisição futura e eventual de medicamentos e suplementos em atendimento a Farmácia Básica, para atender às demandas da Secretaria Municipal de Saúde.;2911544100011010000342026;7453564;68;Prometazina cloridrato;Prometazina Cloridrato Dosagem: 25MG;Comprimido;0.21;50000;N;267768;M
682633;987777;30;2026;"Registro de preços para Contratação de empresa especializada no fornecimento de medicamentos para a aquisição e manutenção do atendimento aos usuários dos diversos serviços de saúde realizados pela Secretaria Municipal de Saúde. ";7617588400018710003092026;7635057;87;Prometazina Cloridrato;dosagem: 25 Prometazina Cloridrato 25 MG. Drágeas.;Drágea;0.12;80000;N;267768;M
688613;925302;27;2026;PE 124/2026 Registro de preços para aquisição de medicamentos sedativos, ansiolíticos e analgésicos opióides;0876114000019410002262026;7635296;14;Levomepromazina;"dosagem: 100 ";Comprimido;0.83;14700;N;268129;M
691146;987769;66;2026;"Aquisição de medicamentos Básicos e manipulados ";7610567500016710000692026;7679831;39;DIPIRONA SÓDICA;"APRESENTAÇÃO: SOLUÇÃO ORAL (GOTAS), DOSAGEM: 500 ";Frasco;1.17;6300;N;267205;M
690969;155017;44;2026;Registro de Preços para a aquisição de Medicamentos diversos (oftalmológicos, aparelho digestório e outros), a fim de atender as necessidades do Hospital Universitário da Universidade Federal de Sergipe (HU-UFS/EBSERH), Unidade Gestora (UG) 155017, pertencente à Rede da Empresa Brasileira de Serviços Hospitalares (Rede Ebserh), por um período de 12 (doze) meses;1512643700030510028862026;7675339;72;Tramadol Cloridrato;"dosagem: 50, forma farmacêutica: solução injetável Cloridrato de tramadol; 50 mg. Reg. no MS/ANVISA.";Cápsula;3.88;12500;S;292382;M
692668;451481;90034;2026;REGISTRO DE PREÇOS, visando aquisições futuras de MEDICAMENTOS, para atender as demandas da Secretaria de Saúde do Município de Goioerê/PR.;7819897500016310001502026;7705504;52;Clorpromazina;Clorpromazina Dosagem: 100MG;Comprimido;0.49;8000;N;267638;M
692668;451481;90034;2026;REGISTRO DE PREÇOS, visando aquisições futuras de MEDICAMENTOS, para atender as demandas da Secretaria de Saúde do Município de Goioerê/PR.;7819897500016310001502026;7705505;53;Clorpromazina;Clorpromazina Dosagem: 25 Mg;Comprimido;0.47;10000;N;267635;M
688660;456546;109;2026;Aquisição de Medicamentos Injetáveis;0829318500018110000332026;7635594;19;Dipirona Sódica;apresentação: solução injetável, dosagem: 500 DIPIRONA SÓDICA 500 MG/ML SOLUÇÃO INJETÁVEL 2 ML;Ampola;0.50;25000;S;268252;M
676992;926150;90323;2026;A presente licitação tem como objeto a formação de Ata de Registro de Preços para o fornecimento eventual de Medicamentos Controlados e Outros, conforme especificações e quantitativos previstos no Termo de Referência (Anexo I), visando atender as necessidades dos hospitais e estabelecimentos vinculados à Secretaria Estadual de Saúde de Pernambuco.;1057202200018010003912026;7448446;25;Levomepromazina;Levomepromazina Dosagem: 100MG;Comprimido;0.74;1150;N;268129;M
684443;70011;65;2026;Aquisição de materiais farmacológicos;0601504100013810000192026;7566247;38;Dipirona Sódica;"concentração: 1 ";Comprimido;2.07;60;N;410023;M
677466;985917;90018;2026;Aquisição futura e eventual de medicamentos e suplementos em atendimento a Farmácia Básica, para atender às demandas da Secretaria Municipal de Saúde.;2911544100011010000342026;7453555;59;Clorpromazina;Clorpromazina Dosagem: 25 Mg;Comprimido;0.46;25000;N;267635;M
687442;986291;480;2026;Aquisição de medicamentos.;5188524200014010006622026;7614929;2;Fenobarbital Sódico;dosagem: 200, forma farmacêutica: solução injetável CADA LOTE COM 100 UNIDADES EQUIVALE UMA PEÇA;Ampola;420.50;4;N;300722;M
687418;160304;70;2026;Aquisição de insumos de consumo e materiais permanentes para a seção de Saúde do Batalhão de Manutenção e Suprimento de Armamento;0039445200010310143432026;7614782;1;Dipirona Sódica;"concentração: 1 ";Comprimido;7.46;100;N;410023;M
689338;155022;74;2026;"MEDICAMENTOS CONTROLADOS, COM FORNECIMENTO DE EQUIPAMENTO EM REGIME DE COMODATO PARA O GRUPO ÚNICO (ITENS 1 E 2) ";1512643700030510028302026;7645649;5;Tramadol Cloridrato;"dosagem: 100, forma farmacêutica: liberação lenta ";Comprimido;1.40;3300;S;309437;M
684858;927538;4;2026;Aquisição de medicamentos e insumos para reposição dos estoques do Centro de Abastecimento Farmacêutico - CAF;0353266100015610000562026;7574326;95;Diazepam;"dosagem: 5, apresentação: solução injetável ";Ampola;0.88;1000;N;267194;M
689530;987789;67;2026;Aquisição de medicamentos destinados ao atendimento das demandas da rede pública municipal de saúde do Município de Primeiro de Maio/PR, conforme condições, quantidades e exigências estabelecidas no Edital e seus anexos;7624505900010110001162026;7648991;21;Dipirona Sódica;"dosagem: 500, apresentação: solução injetável ";Ampola;1.55;7000;N;268252;M
689063;983501;6;2026;Aquisição de medicamentos para atender as necessidades da Secretaria de Saúde;1367331400010510001422026;7640721;60;Levomepromazina;"dosagem: 100 ";Comprimido;0.69;6000;N;268129;M
683524;451164;35;2026;Medicamentos (mat. farmacológico);8025735500010810003342026;7664068;6;Diazepam;"dosagem: 5, apresentação: solução injetável ";Ampola;1.11;1600;N;267194;M
677758;925550;350;2026;"A presente contratação tem por objeto a aquisição de medicamentos destinados ao cumprimento de decisões judiciais proferidas em face do Estado do Rio Grande do Norte, observadas as especificações técnicas, quantitativos e demais condições constantes neste Termo de Referência e no Estudo Técnico Preliminar ID 41287836. ";0824175400014510001752026;7458225;17;Levomepromazina;"dosagem: 40, apresentação: solução oral ";Frasco;13.00;41;S;268130;M
676421;155015;90008;2026;Aquisição de medicamentos de uso geral, a fim de atender às necessidades da Maternidade Escola Januário Cicco (MEJC/UFRN), Unidade Gestora (UG) 155015, pertencente à Rede da Empresa Brasileira de Serviços Hospitalares (Rede Ebserh), por um período de 12 (doze) meses.;1512643700030510023962026;7442955;93;Levomepromazina;Levomepromazina Dosagem: 40MG/ML, Apresentação: Solução Oral;Frasco 20,00 ML;16.95;120;S;268130;M
676406;120641;90020;2026;Aquisição de material Farmacológico;0039442900010010014912026;7442550;69;Prometazina cloridrato;Prometazina Cloridrato Dosagem: 25 MG/ML, Apresentação: Solução Injetável;Ampola 2,00 ML;4.85;150;N;267769;M
688446;250103;426;2026;Aquisição de medicamentos padronizados - Grade Psicotrópicos (grupo II) e outros dos itens fracassados do pregão 90123/2025.;0039454400018510014992026;7630545;22;Tramadol Cloridrato;"dosagem: 50, forma farmacêutica: solução injetável ";Ampola;1.41;10305;N;292382;M
688613;925302;27;2026;PE 124/2026 Registro de preços para aquisição de medicamentos sedativos, ansiolíticos e analgésicos opióides;0876114000019410002262026;7635316;34;Tramadol Cloridrato;"dosagem: 100 ";Comprimido;1.07;4800;N;309441;M
688317;980745;3;2026;Aquisição de Medicamentos Controlados (Psicotrópicos), de interesse da Secretaria de Saúde do Município de Cajapió/MA.;0605426600010110000172026;7629017;3;Diazepam;"dosagem: 5, apresentação: solução injetável ";Ampola;375.00;12;N;267194;M
676421;155015;90008;2026;Aquisição de medicamentos de uso geral, a fim de atender às necessidades da Maternidade Escola Januário Cicco (MEJC/UFRN), Unidade Gestora (UG) 155015, pertencente à Rede da Empresa Brasileira de Serviços Hospitalares (Rede Ebserh), por um período de 12 (doze) meses.;1512643700030510023962026;7443000;138;Dipirona sódica;Dipirona Sódica Dosagem: 500MG;Comprimido;0.16;12000;S;267203;M
689065;532101;1108;2026;Aquisição de extrato imunoterápico;6074731800016210009352026;7640792;2;Vacina;"composição 1: extrato alérgeno de ácaros, tipo 1: padronizado, forma farmacêutica 1: injetável ";Frasco;1474.50;63;S;483360;M
689275;982469;50;2026;"Registro de preços para aquisição parcelada de medicamentos para atender as necessidades do Fundo Municipal de Saúde de Lagoa de Itaenga - PE  ";1109725000010810000682026;7644107;98;Dipirona Sódica;Dipirona Sódica, Dosagem:500 MG/ML, Apresentação:Solução Injetável Medicamentos;Ampola;1.46;15000;N;268252;M
685648;925474;29;2026;Registro de Preços de medicamentos conforme especificações descritas em Edital.;1467430300010210000412026;7665171;34;Dipirona Sódica;"dosagem: 500 DIPIRONA 500mg, comprimido ou cápsula. A embalagem primária deve apresentar mecanismos que permitam a subdivisão em frações individualizadas (fracionável manualmente), sem contato do medicamento com o meio externo, de acordo com RDC nº 80/2006. ";Comprimido;5.50;50;N;267203;M
676678;160245;69;2026;"Aquisição de medicamentos de uso geral (bens comuns de consumo), listados em tabela própria, para atender às necessidades de abastecimento da Policlínica Militar de Niterói/RJ, por meio de procedimento de Contratação Direta, na modalidade Dispensa Eletrônica, utilizando o critério de julgamento pelo Menor Preço, em estrita conformidade com a Lei nº 14.133 de 2021 e demais exigências deste Termo de Referência. ";0039445200010310124852026;7445620;21;Fenobarbital Sódico;dosagem: 100, forma farmacêutica: solução injetável Fenobarbital 100 mg/ml forma farmacêutica: solução injetável;Ampola;3.91;100;N;300725;M
686282;160523;19;2026;Aquisição de materiais, insumos, alimentos e medicamentos para o efetivo animal do CPOR/CM-BH e Órgãos Participantes.;0039445200010310140342026;7595009;50;Vacina;"tipo: inativada e adsorvida, componentes adicionais: leptospira diversa, forma farmacêutica: suspensão injetável, aplicação*: uso veterinário ";Frasco-Ampola;29.32;72;N;443382;M
689338;155022;74;2026;"MEDICAMENTOS CONTROLADOS, COM FORNECIMENTO DE EQUIPAMENTO EM REGIME DE COMODATO PARA O GRUPO ÚNICO (ITENS 1 E 2) ";1512643700030510028302026;7645670;26;Levomepromazina;"dosagem: 100 ";Comprimido;0.76;850;S;268129;M
688317;980745;3;2026;Aquisição de Medicamentos Controlados (Psicotrópicos), de interesse da Secretaria de Saúde do Município de Cajapió/MA.;0605426600010110000172026;7629041;27;Levomepromazina;"dosagem: 25 ";Comprimido;53.16;450;N;268128;M
686394;90126;66;2026;Aquisição Medicamentos ( Vacinas ) para atender demandas judiciais.;4637450000019410057932026;7598155;2;Vacina;"composição 1: extrato alérgeno de insetos, tipo 1: não padronizado, forma farmacêutica 1: injetável ";Frasco-Ampola;5758.00;2;N;483359;M
682271;155900;18;2026;Registro de Preços para a aquisição de Medicamentos IV (processo nº 23763.002796/2026-56), a fim de atender às necessidades do Hospital Universitário da Universidade Federal de São Carlos (HU-UFSCar), Unidade Gestora (UG) 155900, pertencente à Rede da Empresa Brasileira de Serviços Hospitalares (Rede Ebserh), por um período de 12 (doze) meses.;1512643700030510025912026;7526730;43;Fenobarbital Sódico;Fenobarbital Sódico, Dosagem:100 MG Medicamento;Comprimido;0.32;3000;S;267660;M
681675;987453;4;2026;"Registro de Preços visando a aquisição de medicamentos e sensor de monitoramento contínuo de glicose para atender às necessidades do Departamento de Saúde do Município, como: Unidades Básicas de Saúde, Hospital Municipal São Jorge, SAMU e PAM.  ";7624506700015810000372026;7517271;15;Clorpromazina;dosagem: 5, apresentação: solução injetável Considerar itens descritos no Anexo I (Termo de Referência) do Edital de Licitação. Para maiores informações consulte o Portal da Transparência através de pmbvista.pr.gov.br;Ampola;3.07;200;N;268069;M
682144;984865;38;2026;REGISTRO DE PREÇOS PARA FUTURA E EVENTUAL AQUISIÇÃO DE MEDICAMENTOS PARA ATENDER A DEMANDA DA SECRETARIA DE SAÚDE DO MUNICÍPIO DE MONTES CLAROS/MG.;2267887400013510002612026;7523378;11;Clorpromazina;dosagem: 25 mg CLORPROMAZINA 25 MG COMPRIMIDO;Comprimido;0.28;242000;S;267635;M
687537;988039;10;2026;Registro de Preços para aquisição de medicamentos, insumos e suplementos para atender demandas judiciais da Secretaria de Saúde.;8310228500010710004102026;7615783;9;Fenobarbital Sódico;dosagem: 40, forma farmacêutica: solução oral - gotas 158226 - FENOBARBITAL SOLUÇÃO ORAL 40 MG/ML MEDICAMENTO REFERÊNCIA - GARDENAL (NÃO ACEITA SIMILARES);Frasco;19.94;45;N;300723;M
687050;160304;73;2026;Aquisição de medicamentos veterinários para Seção de Cães de Guerra do Batalhão de Manutenção e Suprimento de Armamento.;0039445200010310142132026;7610596;2;Vacina;"tipo: déctupla, composição: adenovírus (2), cinomose, coronavirose, parvovírus, outros componentes: parainfluenza, componentes adicionais: leptospira diversa, forma farmacêutica: suspensão injetável, aplicação*: uso veterinário ";Doses;1207.88;10;N;439507;M
690397;90124;28;2026;Aquisição de medicamentos para atender demandas judiciais.;4637450000019410060232026;7666140;4;Dipirona Sódica;"composição: associada à adifenina e prometazina, concentração: 500mg + 10mg + 5mg ";Comprimido;2.00;180;S;275475;M
689275;982469;50;2026;"Registro de preços para aquisição parcelada de medicamentos para atender as necessidades do Fundo Municipal de Saúde de Lagoa de Itaenga - PE  ";1109725000010810000682026;7644106;97;Dipirona Sódica;Dipirona Sódica, Dosagem:500 MG/ML, Apresentação:Solução Oral (Gotas) Medicamentos;Frasco;1.35;8000;N;267205;M
677466;985917;90018;2026;Aquisição futura e eventual de medicamentos e suplementos em atendimento a Farmácia Básica, para atender às demandas da Secretaria Municipal de Saúde.;2911544100011010000342026;7453571;75;Diazepam;Diazepam Dosagem: 10MG;Comprimido;0.15;60000;N;267197;M
681856;927744;12;2026;CONSTITUI OBJETO DA PRESENTE LICITAÇÃO, A SELEÇÃO DE EMPRESA PARA O REGISTRO DE PREÇOS VISANDO AQUISIÇÕES FUTURAS E EVENTUAIS DE MEDICAMENTOS - TRAMADOL E OUTROS INJETÁVEIS, PARA ATENDER À DEMANDA DA SECRETARIA MUNICIPAL DA SAÚDE DE FORTALEZA - SMS, DE ACORDO COM AS ESPECIFICAÇÕES E QUANTITATIVOS PREVISTOS NO ANEXO I – TERMO DE REFERÊNCIA DESTE EDITAL.;0795460500016010007942026;7519832;4;Fenobarbital Sódico;"dosagem: 100, forma farmacêutica: solução injetável ";Ampola;3.03;5300;S;300725;M
680456;984865;33;2026;REGISTRO DE PREÇOS PARA FUTURA E EVENTUAL AQUISIÇÃO DE MEDICAMENTOS PARA ATENDER A DEMANDA DA SECRETARIA DE SAÚDE DO MUNICÍPIO DE MONTES CLAROS-MG;2267887400013510002542026;7496259;16;Dipirona Sódica;dosagem: 500  DIPIRONA 500 MG, COMPRIMIDO (COTA 75% AMPLA CONCORRÊNCIA);Comprimido;0.10;3375000;S;267203;M
678609;135017;3;2026;Registro de preços para aquisição futura de adubos, fitossanitários, alimentos para animais e materiais e medicamentos de uso veterinário.;0034800300011010004752026;7469712;97;Vacina;"tipo: inativada, composição: vírus rábico, cepa pv, forma farmacêutica: suspensão injetável, aplicação*: uso veterinário ";Doses;3.05;7000;N;439541;M
689063;983501;6;2026;Aquisição de medicamentos para atender as necessidades da Secretaria de Saúde;1367331400010510001422026;7640705;44;Fenobarbital Sódico;"dosagem: 100, forma farmacêutica: solução injetável ";Ampola;3.47;1000;N;300725;M
677466;985917;90018;2026;Aquisição futura e eventual de medicamentos e suplementos em atendimento a Farmácia Básica, para atender às demandas da Secretaria Municipal de Saúde.;2911544100011010000342026;7453576;80;Dipirona sódica;Dipirona Sódica Dosagem: 500MG;Comprimido;0.23;60000;N;267203;M
678609;135017;3;2026;Registro de preços para aquisição futura de adubos, fitossanitários, alimentos para animais e materiais e medicamentos de uso veterinário.;0034800300011010004752026;7509347;33;Dipirona Sódica;concentração: 500, forma física: solução injetável, uso: uso veterinário Devido a inconsistências nos CATMATs, a descrição completa do item  encontra-se no Anexo I - Termo de Referência do Edital. Pedimos que seja observada atentamente, visando a formalização da Proposta mais vantajosa para a Administração.;Frasco;12.86;50;S;409123;M
689643;980034;10;2026;Aquisiçao de medicamentos e material médico hospitalar  para atender a Secretaria de Saúde do Municipio de Pacaraima-RR.;0161267500015410000162026;7650773;209;Prometazina Cloridrato;"dosagem: 25 ";Comprimido;0.51;5000;N;267768;M
689063;983501;6;2026;Aquisição de medicamentos para atender as necessidades da Secretaria de Saúde;1367331400010510001422026;7640757;96;Prometazina Cloridrato;"dosagem: 25, apresentação: solução injetável ";Ampola;3.46;1000;N;267769;M
689158;986219;49;2026;AQUISIÇÃO ANUAL DE MEDICAMENTOS PARA ATENDIMENTO ÀS UNIDADES DA SECRETARIA MUNICIPAL DE SAÚDE DE BAURU, DEVIDAMENTE ESPECIFICADOS NO ANEXO I DO EDITAL, ATRAVÉS DO SISTEMA DE REGISTRO DE PREÇOS;4613741000018010004962026;7642168;25;Tramadol Cloridrato;"dosagem: 50, forma farmacêutica: solução injetável ";Ampola;1.17;120000;N;292382;M
679159;928285;38;2026;PE 71.2026 - Registro de preços para aquisição de medicamentos;1481413900018310001082026;7475615;16;Diazepam;"dosagem: 5, apresentação: solução injetável ";Ampola;0.88;6000;N;267194;M
678537;981645;90020;2026;"Contratação de Pessoa Jurídica visando o fornecimento de medicamentos psicotrópicos em atendimento as necessidades da Secretaria Municipal de Saúde do Município de Caraúbas/RN. ";0834910200012910000992026;7467054;34;Fenobarbital Sódico;Fenobarbital Sódico Dosagem: 40MG/ML, Forma Farmacêutica: Solução Oral - Gotas;Frasco 20,00 ML;5.46;100;N;300723;M
685648;925474;29;2026;Registro de Preços de medicamentos conforme especificações descritas em Edital.;1467430300010210000412026;7585921;33;Dipirona Sódica;"composição: associada à cafeína, concentração: 500 mg + 65 DIPIRONA sódica + cafeína anidra + orfenadrina (300mg + 50mg + 35mg); comprimidos envelopados. Deve conter na embalagem a descrição ""proibida a venda pelo comércio"". Apresentar registro dos produtos na Anvisa e Certificado de Boas Práticas.";Comprimido;23.45;50;N;606626;M
689643;980034;10;2026;Aquisiçao de medicamentos e material médico hospitalar  para atender a Secretaria de Saúde do Municipio de Pacaraima-RR.;0161267500015410000162026;7650666;102;Dipirona Sódica;"dosagem: 500 ";Comprimido;0.42;50000;N;267203;M
682633;987777;30;2026;"Registro de preços para Contratação de empresa especializada no fornecimento de medicamentos para a aquisição e manutenção do atendimento aos usuários dos diversos serviços de saúde realizados pela Secretaria Municipal de Saúde. ";7617588400018710003092026;7634998;28;Diazepam;dosagem: 5 Diazepam 5 MG. Comprimido.;Comprimido;0.04;500000;N;267195;M
689338;155022;74;2026;"MEDICAMENTOS CONTROLADOS, COM FORNECIMENTO DE EQUIPAMENTO EM REGIME DE COMODATO PARA O GRUPO ÚNICO (ITENS 1 E 2) ";1512643700030510028302026;7645655;11;Diazepam;"dosagem: 5, apresentação: solução injetável ";Ampola;1.16;1000;S;267194;M
683418;983677;3;2026;AQUISIÇÃO PARA O FORNECIMENTO PARCELADO E CONTÍNUO DE MEDICAMENTOS, PARA ATENDER ÀS NECESSIDADES DAS SEGUINTES UNIDADES DE SAÚDE DO MUNICÍPIO DE LAJE.;1382549200010410000862026;7548967;139;Fenobarbital Sódico;Fenobarbital Sódico, Dosagem:40 MG/ML, Forma Farmacêutica:Solução Oral - Gotas Itens Hospitalares;Frasco;4.09;800;N;300723;M
683015;155906;7;2026;Aquisição de Medicamentos Cardiovasculares, Antiinflamatórios, Anestésicos, SNC e contraste por meio de Registro de Preços, a fim de atender às necessidades da Maternidade Climério de Oliveira (MCO/ UFBA), do Hospital Universitário Prof. Alberto Antunes (HUPAA-UFAL) e do Hospital Universitário Prof. Edgard Santos (HUPES/UFBA), integrantes da Rede HU Brasil, pelo período de 12 (doze) meses.;1512643700030510026252026;7540416;60;Levomepromazina;Levomepromazina, Dosagem:40 MG/ML, Apresentação:Solução Oral 40 mg/mL (4%) solução oral;Frasco;11.76;90;S;268130;M
684536;160482;73;2026;Aquisição de alimento animal (Ração canina) e suprimentos para realização de medidas profiláticas destinada ao 32° Pel PE;0039445200010310136682026;7566922;7;Vacina;"composição: raiva (cultivado em células vero), tipo: inativada, forma farmaceutica: pó liófilo p/ injetável + diluente ";Frasco-Ampola;26.37;10;N;453086;M
687742;160435;66;2026;A contratação pretendida tem como objetivo principal assegurar o fornecimento contínuo e adequado de medicamentos, materiais médicos e odontológicos, garantindo condições ideais para o atendimento integral à saúde dos beneficiários. Busca-se, com isso, alcançar maior eficiência nos serviços prestados, reduzir riscos assistenciais, promover a qualidade do atendimento e assegurar a observância dos princípios da administração pública.;0039445200010310143862026;7619849;33;Dipirona Sódica;"dosagem: 500 ";Comprimido;0.14;7400;N;267203;M
679983;926750;1;2026;"Aquisição de medicamentos essenciais para manutenção das atividades do SAMU Regional Norte Novo. ";1798938600010910000172026;7488199;8;Dipirona Sódica;dosagem: 500, apresentação: solução injetável DIPIRONA SÓDICA 500 MG/ML, apresentação solução injetável de uso endovenoso e intramuscular. Ampola com 2ml,  com lote, data de validade e dados de identificação. O medicamento deve possuir lote, data de fabricação, data de validade número do registr;Ampola;1.14;500;S;268252;M
680117;988599;29;2026;Fornecimento de medicamentos constantes na lista de preços de medicamentos oficial da ANVISA/CMED – Tabela 7, referentes às demandas judiciais;8883060900013910003532026;7490045;20;Fenobarbital Sódico;"dosagem: 100 ";Comprimido;0.40;720;N;267660;M
679928;92501;170;2026;AQUISIÇÃO DE MEDICAMENTOS (CLOBAZAM, CLORPROMAZINA, PARACETAMOL 500MG, ETC), PARA ATENDER AS NECESSIDADES DA SEÇÃO TÉCNICA DE FARMÁCIA;1247470500012010002492026;7487636;2;Clorpromazina;"dosagem: 5, apresentação: solução injetável ";Ampola;3.71;2000;S;268069;M
678609;135017;3;2026;Registro de preços para aquisição futura de adubos, fitossanitários, alimentos para animais e materiais e medicamentos de uso veterinário.;0034800300011010004752026;7483483;99;Vacina;tipo: inativada e adsorvida, composição: vírus da influenza eqüina (cepas variadas), outros componentes: herpes vírus eqüino, forma farmacêutica: suspensão injetável, aplicação*: uso veterinário Devido a inconsistências nos CATMATs, a descrição completa do item  encontra-se no Anexo I - Termo de Referência do Edital. Pedimos que seja observada atentamente, visando a formalização da Proposta mais vantajosa para a Administração.;Doses;53.45;80;S;439543;M
685145;987493;15;2026;Registro de preços para a aquisições de fármacos, insumos veterinários e materiais destinados à conservação e restauração de acervo visando atender às demandas da Divisão de Vida Silvestre e Bem-Estar Animal (DVSBEA).;7620886700010710003342026;7577689;26;Diazepam;"concentração: 2, forma farmaceutica: solução retal ";Ampola;1.84;100;N;623299;M
684925;980874;19;2026;AQUISIÇÃO EVENTUAL E FUTURA DE REAGENTES, MATERIAIS E INSUMOS LABORATORIAIS PARA ATENDER ÀS NECESSIDADES DO LABORATÓRIO MUNICIPAL DE PRADO FERREIRA;0161313600013010000342026;7574822;36;Diluente De Vacina;"composição: cloreto de sódio + fenol, concentração: 0,9% + 0,45%, esterilidade: estéril, forma farmacêutica: solução injetável DILUENTE M-53 20 LITROS   – REAGENTE LÍQUIDO PRONTO PARA USO, UTILIZADO COMO DILUENTE OU LISANTE EM ANALISADORES HEMACOUNTER. VOLUME DE 20 LITROS. CONFORME NORMAS DA ANVISA.  ";Litro;10.50;400;S;639235;M
682271;155900;18;2026;Registro de Preços para a aquisição de Medicamentos IV (processo nº 23763.002796/2026-56), a fim de atender às necessidades do Hospital Universitário da Universidade Federal de São Carlos (HU-UFSCar), Unidade Gestora (UG) 155900, pertencente à Rede da Empresa Brasileira de Serviços Hospitalares (Rede Ebserh), por um período de 12 (doze) meses.;1512643700030510025912026;7526719;32;Clorpromazina;Clorpromazina, Concentração:40 MG/ML, Forma Farmaceutica:Solução Oral - Gotas Medicamento;Frasco;8.10;300;S;340207;M
682822;458403;5;2026;Registro de preços visando a aquisição compartilhada de medicamentos para o atendimento das demandas do Consórcio Intermunicipal de Saúde do Sudoeste (CONSUD) e de seus 27 (vinte e sete) municípios consorciados.;0033367800019610000222026;7538156;203;Fenobarbital Sódico;Fenobarbital Sódico, Dosagem:100 MG/ML, Forma Farmacêutica:Solução Injetável Medicamentos compartilhados;Ampola;5.81;4171;S;300725;M
689643;980034;10;2026;Aquisiçao de medicamentos e material médico hospitalar  para atender a Secretaria de Saúde do Municipio de Pacaraima-RR.;0161267500015410000162026;7650655;91;Diazepam;"dosagem: 10 ";Comprimido;0.37;5000;N;267197;M
688660;456546;109;2026;Aquisição de Medicamentos Injetáveis;0829318500018110000332026;7635619;44;Prometazina Cloridrato;concentração: 50, forma farmaceutica: solução injetável PROMETAZINA, CLORIDRATO 25 MG/ML SOLUÇÃO INJETÁVEL 2 ML;Ampola;3.64;1000;S;600706;M
689065;532101;1108;2026;Aquisição de extrato imunoterápico;6074731800016210009352026;7640791;1;Vacina;"composição 1: extrato alérgeno de ácaros, tipo 1: padronizado, forma farmacêutica 1: injetável ";Frasco;1474.50;63;S;483360;M
688718;989981;5;2026;"Aquisição de insumos e equipamentos para realização de exames de brucelose e tuberculose para o Departamento Municipal de Agricultura Pecuária e Meio Ambiente, em disposto ao Programa Municipal de Controle e Erradicação de Brucelose e Tuberculose, no âmbito da Lei Municipal n° 990/23, conforme condições e exigências estabelecidas neste instrumento. ";9558544400014210000872026;7636380;2;Vacina;"aplicação*: uso veterinário, componentes adicionais: panleucopenia felinas, rinotraqueíte, composição: leucemia felina, forma farmacêutica: pó liófilo p/ injetável + diluente, outros componentes: calcivirose, chlamydia psittaci, tipo: viva Tuberculina PPD Aviário 50 Doses ";Frasco-Ampola;146.00;25;N;634474;M
682822;458403;5;2026;Registro de preços visando a aquisição compartilhada de medicamentos para o atendimento das demandas do Consórcio Intermunicipal de Saúde do Sudoeste (CONSUD) e de seus 27 (vinte e sete) municípios consorciados.;0033367800019610000222026;7537998;45;Diazepam;Diazepam, Dosagem:10 MG Medicamentos compartilhados;Comprimido;0.20;142301;S;267197;M
681464;160168;77;2026;Aquisição de medicamentos de uso geral em favor do Hos´pital de Guarnição de Marabá e demais UG Participantes;0039445200010310132002026;7512493;53;Diazepam;"Diazepam, Dosagem:5 MG/ML, Apresentação:Solução Injetável ";Ampola;1.40;1100;N;267194;M
689338;155022;74;2026;"MEDICAMENTOS CONTROLADOS, COM FORNECIMENTO DE EQUIPAMENTO EM REGIME DE COMODATO PARA O GRUPO ÚNICO (ITENS 1 E 2) ";1512643700030510028302026;7645660;16;Fenobarbital Sódico;"dosagem: 100 ";Comprimido;0.17;1000;S;267660;M
686282;160523;19;2026;Aquisição de materiais, insumos, alimentos e medicamentos para o efetivo animal do CPOR/CM-BH e Órgãos Participantes.;0039445200010310140342026;7595026;67;Vacina;"tipo: inativada, composição: toxoide tetânico, vírus influenza, outros componentes: vírus encefalomielite eqüina (leste e oeste), forma farmacêutica: suspensão injetável, aplicação*: uso veterinário ";Frasco-Ampola;78.62;122;N;439544;M
686282;160523;19;2026;Aquisição de materiais, insumos, alimentos e medicamentos para o efetivo animal do CPOR/CM-BH e Órgãos Participantes.;0039445200010310140342026;7594985;26;Dipirona Sódica;"concentração: 500, forma física: solução injetável, uso: uso veterinário ";Frasco;11.96;110;N;409123;M
685145;987493;15;2026;Registro de preços para a aquisições de fármacos, insumos veterinários e materiais destinados à conservação e restauração de acervo visando atender às demandas da Divisão de Vida Silvestre e Bem-Estar Animal (DVSBEA).;7620886700010710003342026;7577715;52;Prometazina Cloridrato;"dosagem: 25, apresentação: solução injetável ";Ampola;9.60;100;N;267769;M
690037;985847;478;2026;Aquisição de vacina bovina contra raiva, brucelose e clostridioses, para atender às necessidades da Secretaria Municipal de Agroeconomia;2911547400016010004832026;7656738;2;Vacina;"tipo: viva atenuada, composição: b. abortus (cepa b-19), forma farmacêutica: suspensão injetável, aplicação*: uso veterinário ";Frasco;76.12;550;N;439540;M
689275;982469;50;2026;"Registro de preços para aquisição parcelada de medicamentos para atender as necessidades do Fundo Municipal de Saúde de Lagoa de Itaenga - PE  ";1109725000010810000682026;7644220;211;Prometazina Cloridrato;Prometazina Cloridrato, Dosagem:25 MG Medicamentos;Comprimido;0.21;300000;N;267768;M
689340;155904;87;2026;Essa contratação abrange medicamentos,  que são definidos como produtos farmacêuticos, tecnicamente obtidos ou elaborados, com finalidade profilática, curativa, paliativa ou diagnóstica. Na Rede Ebserh, os medicamentos são amplamente empregados, tanto para fins profiláticos, quanto para suporte ao diagnóstico e ao cuidado assistencial. Em seu catálogo institucional de padronização, a Empresa Brasileira de Serviços Hospitalares - Ebserh, categoriza os medicamentos em grupos e subgrupos.;1512643700030510028402026;7646033;18;Fenobarbital Sódico;"dosagem: 100 ";Comprimido;0.33;1000;S;267660;M
689158;986219;49;2026;AQUISIÇÃO ANUAL DE MEDICAMENTOS PARA ATENDIMENTO ÀS UNIDADES DA SECRETARIA MUNICIPAL DE SAÚDE DE BAURU, DEVIDAMENTE ESPECIFICADOS NO ANEXO I DO EDITAL, ATRAVÉS DO SISTEMA DE REGISTRO DE PREÇOS;4613741000018010004962026;7642161;18;Levomepromazina;"dosagem: 40, apresentação: solução oral ";Frasco;12.76;5000;N;268130;M
689158;986219;49;2026;AQUISIÇÃO ANUAL DE MEDICAMENTOS PARA ATENDIMENTO ÀS UNIDADES DA SECRETARIA MUNICIPAL DE SAÚDE DE BAURU, DEVIDAMENTE ESPECIFICADOS NO ANEXO I DO EDITAL, ATRAVÉS DO SISTEMA DE REGISTRO DE PREÇOS;4613741000018010004962026;7642151;8;Diazepam;"dosagem: 10 ";Comprimido;0.04;1100000;N;267197;M
689338;155022;74;2026;"MEDICAMENTOS CONTROLADOS, COM FORNECIMENTO DE EQUIPAMENTO EM REGIME DE COMODATO PARA O GRUPO ÚNICO (ITENS 1 E 2) ";1512643700030510028302026;7645650;6;Tramadol Cloridrato;"dosagem: 50, forma farmacêutica: solução injetável ";Ampola;1.62;11200;S;292382;M
688317;980745;3;2026;Aquisição de Medicamentos Controlados (Psicotrópicos), de interesse da Secretaria de Saúde do Município de Cajapió/MA.;0605426600010110000172026;7629034;20;Clorpromazina;"dosagem: 100 ";Comprimido;49.00;400;N;267638;M
687720;160102;67;2026;Aquisição de material farmacológico e odontológico;0039445200010310143912026;7619365;23;Dipirona Sódica;"dosagem: 500 ";Comprimido;0.25;5000;N;267203;M
684399;160236;5;2026;Aquisição de insumos para a seção de saúde, conforme termo de referência.;0039445200010310136422026;7565433;5;Tramadol Cloridrato;"dosagem: 50, forma farmacêutica: liberação lenta ";Cápsula;0.55;20;N;309436;M
682465;988841;61;2026;RP - Medicamentos;8848836600010010002542026;7561522;34;Dipirona Sódica;"dosagem: 500 ";Comprimido;0.12;1480000;N;267203;M
689643;980034;10;2026;Aquisiçao de medicamentos e material médico hospitalar  para atender a Secretaria de Saúde do Municipio de Pacaraima-RR.;0161267500015410000162026;7650772;208;Prometazina Cloridrato;"dosagem: 25, apresentação: solução injetável ";Ampola;9.16;100;N;267769;M
685469;155016;18;2026;Aquisição de Medicamentos Gerais 1;1512643700030510027042026;7581863;71;Dipirona Sódica;"Dipirona Sódica, Dosagem:500 MG ";Comprimido;0.15;13100;S;267203;M
685671;987775;2;2026;REGISTRO DE PREÇOS para futura e eventual aquisição, de forma parcelada, de medicamentos, materiais médicos e de enfermagem, materiais de consumo e equipamentos, destinados às ações de promoção, prevenção e recuperação da saúde desenvolvidas pela Secretaria Municipal de Saúde, bem como para atendimento e dispensação nas Unidades de Saúde do Município de Planalto - PR.;7646052600011610001042026;7586191;27;Diazepam;"dosagem: 10 ";Comprimido;0.04;13000;N;267197;M
681808;984305;51;2026;Registrar preços para futura e eventual contratação de empresa especializada em fornecimento de medicamentos para a Farmácia Básica, em atendimento às demandas da Secretaria Municipal de Saúde de Cataguases – MG.;1770249900026210000832026;7519272;44;Clorpromazina;"dosagem: 25 mg ";Comprimido;0.71;12000;N;267635;M
680351;250059;179;2026;33409.000037/2026-41 - Aquisição de medicamentos do grupo  Uso Geral IV - DFD 344 - R$ 302.184,98;0039454400018510013772026;7493746;14;DIPIRONA SÓDICA;"DOSAGEM: 500 ";Comprimido;0.00;202090;N;267203;M
680505;450522;293;2026;Registro de Preço para Eventual e Futura Aquisição de Medicamentos para o Atendimento na Atenção Básica, para atender as necessidades da Secretaria Municipal de Saúde de Ariquemes, por um período de 12 (doze) meses.;0410481600011610001832026;7496972;14;Dipirona Sódica;dosagem: 500 Dipirona Sódica Dosagem: 500 MG;Comprimido;0.32;660000;N;267203;M
683418;983677;3;2026;AQUISIÇÃO PARA O FORNECIMENTO PARCELADO E CONTÍNUO DE MEDICAMENTOS, PARA ATENDER ÀS NECESSIDADES DAS SEGUINTES UNIDADES DE SAÚDE DO MUNICÍPIO DE LAJE.;1382549200010410000862026;7548968;140;Fenobarbital Sódico;Fenobarbital Sódico, Dosagem:100 MG/ML, Forma Farmacêutica:Solução Injetável Itens Hospitalares;Ampola;2.52;400;N;300725;M
677466;985917;90018;2026;Aquisição futura e eventual de medicamentos e suplementos em atendimento a Farmácia Básica, para atender às demandas da Secretaria Municipal de Saúde.;2911544100011010000342026;7453583;87;Fenobarbital sódico;Fenobarbital Sódico Dosagem: 100MG;Comprimido;0.23;15000;N;267660;M
677968;785511;32;2026;"Aquisição de medicamentos e insumos médico-hospitalares, destinados ao abastecimento e recomposição da dotação regulamentar da enfermaria de bordo do Navio Hidrográfico Balizador ""Comandante Varella"", visando garantir o suporte básico à saúde, o atendimento de primeiros socorros e a salvaguarda da tripulação durante os períodos de navegação e cumprimento de comissões operacionais.";0039450200014410073022026;7460436;9;Dipirona Sódica;"dosagem: 500 ";Comprimido;0.34;150;N;267203;M
677466;985917;90018;2026;Aquisição futura e eventual de medicamentos e suplementos em atendimento a Farmácia Básica, para atender às demandas da Secretaria Municipal de Saúde.;2911544100011010000342026;7453572;76;Diazepam;Diazepam Dosagem: 5MG;Comprimido;0.14;60000;N;267195;M
686824;155008;16;2026;Registro de Preços para a aquisição de Produtos para Saúde - MEDICAMENTOS, MATERIAIS MÉDICOS DIVERSOS, OPMEs, OLIGOELEMENTOS e PINÇA BIPOLAR TRANSFENOIDAL (Há itens com comodato e itens em regime de consignação), a fim de atender às necessidades do Hospital Universitário da Universidade Federal do Piauí, (HU-UFPI), Unidade Gestora (UG) 155008, pertencente à Rede da Empresa Brasileira de Serviços Hospitalares (Rede Ebserh), por um período de 12 (doze) meses.;1512643700030510027472026;7607948;1;Prometazina Cloridrato;"dosagem: 25, apresentação: solução injetável ";Ampola;4.00;400;S;267769;M
677509;180176;91006;2026;Aquisição de materiais para a Unidade Integrada de Saúde da ESSd.;4637780000012710027832026;7454936;77;Prometazina Cloridrato;Prometazina Cloridrato Dosagem: 25MG;"Comprimido  ";0.56;100;N;267768;M
685469;155016;18;2026;Aquisição de Medicamentos Gerais 1;1512643700030510027042026;7581862;70;Dipirona Sódica;"Dipirona Sódica, Dosagem:500 MG/ML, Apresentação:Solução Oral (Gotas) ";Mililitro;0.12;32000;S;267205;M
689158;986219;49;2026;AQUISIÇÃO ANUAL DE MEDICAMENTOS PARA ATENDIMENTO ÀS UNIDADES DA SECRETARIA MUNICIPAL DE SAÚDE DE BAURU, DEVIDAMENTE ESPECIFICADOS NO ANEXO I DO EDITAL, ATRAVÉS DO SISTEMA DE REGISTRO DE PREÇOS;4613741000018010004962026;7642159;16;Levomepromazina;"dosagem: 100 ";Comprimido;0.60;385000;N;268129;M
686282;160523;19;2026;Aquisição de materiais, insumos, alimentos e medicamentos para o efetivo animal do CPOR/CM-BH e Órgãos Participantes.;0039445200010310140342026;7595116;157;Vacina;"tipo: inativada e adsorvida, composição: campilobacteriose, diarréia viral (1 e 2), outros componentes: leptospirose e rinotraqueíte infecciosa, forma farmacêutica: suspensão injetável, aplicação*: uso veterinário ";Frasco;243.97;10;N;439532;M
680456;984865;33;2026;REGISTRO DE PREÇOS PARA FUTURA E EVENTUAL AQUISIÇÃO DE MEDICAMENTOS PARA ATENDER A DEMANDA DA SECRETARIA DE SAÚDE DO MUNICÍPIO DE MONTES CLAROS-MG;2267887400013510002542026;7496258;15;Diazepam;dosagem: 10 DIAZEPAM 10 MG, COMPRIMIDO.;Comprimido;0.04;680000;S;267197;M
689272;990202;413;2026;Aquisição de medicamentos para o segundo semestre;4448028300019110000382026;7643992;12;Levomepromazina;"dosagem: 25 ";Comprimido;0.54;4000;N;268128;M
689063;983501;6;2026;Aquisição de medicamentos para atender as necessidades da Secretaria de Saúde;1367331400010510001422026;7640766;105;Tramadol Cloridrato;"dosagem: 50, forma farmacêutica: solução injetável ";Ampola;2.94;1000;N;292382;M
688317;980745;3;2026;Aquisição de Medicamentos Controlados (Psicotrópicos), de interesse da Secretaria de Saúde do Município de Cajapió/MA.;0605426600010110000172026;7629019;5;Clorpromazina;"dosagem: 5, apresentação: solução injetável ";Ampola;155.40;30;N;268069;M
689643;980034;10;2026;Aquisiçao de medicamentos e material médico hospitalar  para atender a Secretaria de Saúde do Municipio de Pacaraima-RR.;0161267500015410000162026;7650656;92;Diazepam;"dosagem: 5 ";Comprimido;0.21;5000;N;267195;M
688613;925302;27;2026;PE 124/2026 Registro de preços para aquisição de medicamentos sedativos, ansiolíticos e analgésicos opióides;0876114000019410002262026;7635298;16;Levomepromazina;"dosagem: 40, apresentação: solução oral ";Frasco;13.65;1500;N;268130;M
689612;930056;24;2026;A presente licitação na modalidade de PREGÃO ELETRÔNICO tem por objeto a seleção de propostas para fornecimento de medicamentos, por meio de Sistema de Registro de Preços, COM ENTREGAS PARCELADAS, para disponibilização aos 398 municípios consorciados, a lista de municípios está disponível no site do Consórcio (www.consorcioparanasaude.com.br), pelo período de 12 (doze) meses.;0327320700012810000362026;7650256;1;Dipirona Sódica;"dosagem: 500, apresentação: solução injetável ";Ampola;0.56;2500000;N;268252;M
677509;180176;91006;2026;Aquisição de materiais para a Unidade Integrada de Saúde da ESSd.;4637780000012710027832026;7454948;89;Tramadol Cloridrato;Tramadol Cloridrato Dosagem: 50MG;"Comprimido  ";2.50;200;N;268534;M
687126;160478;97;2026;Aquisição de medicamentos para equinos, para atender a necessidade do 13° Rc Mec;0039445200010310142562026;7611338;6;Vacina;"tipo: inativada, outros componentes: s. equi, forma farmacêutica: suspensão injetável, aplicação*: uso veterinário ";Frasco;43.62;1;N;446139;M
684831;102302;215;2026;Registro de Preços para contratação(ões) futura(s) de material de consumo de uso médico, hospitalar e odontológico, e de medicamentos e insumos farmacêuticos.;4803191800012410016752026;7574074;510;Diazepam;dosagem: 5, apresentação: solução injetável Diazepam Dosagem: 5 mg/ml Apresentação: solução injetável Marca de Referência: Cristália / Compaz ou similar Apresentação: Caixa com 50 ampolas;Ampola;3.13;100;N;267194;M
689338;155022;74;2026;"MEDICAMENTOS CONTROLADOS, COM FORNECIMENTO DE EQUIPAMENTO EM REGIME DE COMODATO PARA O GRUPO ÚNICO (ITENS 1 E 2) ";1512643700030510028302026;7645705;61;Clorpromazina;"dosagem: 25 mg ";Comprimido;0.34;2000;S;267635;M
688750;930404;30;2026;"AQUISIÇÃO DE MEDICAMENTOS ANTIDEPRESSIVOS, ANTIPSICÓTICOS E ANTICONVULSIVANTES para atender às necessidades do Hospital do Servidor General Edson Ramalho, Hospital Metropolitano Dom José Maria Pires, Hospital Regional de Guarabira, Hemodinâmicas de Campina Grande e Patos e Policlínica Integrada de Segurança Pública do Estado da Paraíba - unidades de saúde gerenciadas pela Fundação Paraibana de Gestão em Saúde (PB SAÚDE) ";3811177800014010001242026;7636768;15;Fenobarbital Sódico;"dosagem: 40, forma farmacêutica: solução oral - gotas ";Frasco;7.36;120;S;300723;M
689643;980034;10;2026;Aquisiçao de medicamentos e material médico hospitalar  para atender a Secretaria de Saúde do Municipio de Pacaraima-RR.;0161267500015410000162026;7650665;101;Dipirona Sódica;"dosagem: 500, apresentação: solução oral (gotas) ";Frasco;7.77;10000;N;267205;M
689063;983501;6;2026;Aquisição de medicamentos para atender as necessidades da Secretaria de Saúde;1367331400010510001422026;7640704;43;Fenobarbital Sódico;"dosagem: 100 ";Comprimido;0.20;1200;N;267660;M
690037;985847;478;2026;Aquisição de vacina bovina contra raiva, brucelose e clostridioses, para atender às necessidades da Secretaria Municipal de Agroeconomia;2911547400016010004832026;7656737;1;Vacina;"composição: raiva (cultivado em células vero), tipo: inativada, forma farmaceutica: pó liófilo p/ injetável + diluente ";Doses;3.27;25000;N;453086;M
689275;982469;50;2026;"Registro de preços para aquisição parcelada de medicamentos para atender as necessidades do Fundo Municipal de Saúde de Lagoa de Itaenga - PE  ";1109725000010810000682026;7644105;96;Dipirona Sódica;Dipirona Sódica, Dosagem:500 MG Medicamentos;Comprimido;0.21;90000;N;267203;M
687660;160121;125;2026;MEDICAMENTOS ORAIS DE USO INTERNO E USO EXTERNO, MEDICAMENTOS INJETÁVEIS, MEDICAMENTOS ORAIS E INJETÁVEIS SUJEITO A CONTROLE ESPECIAL E CORRELATOS.;0039445200010310143772026;7618092;13;Clorpromazina;"dosagem: 25 mg ";Comprimido;0.54;200;N;267635;M
686282;160523;19;2026;Aquisição de materiais, insumos, alimentos e medicamentos para o efetivo animal do CPOR/CM-BH e Órgãos Participantes.;0039445200010310140342026;7595014;55;Dipirona Sódica;"composição: associada com escopolamina butilbrometo, concentração: 500 mg + 4, forma física: solução injetável, uso: uso veterinário ";Frasco;60.80;55;N;412380;M
690166;160209;47;2026;Eventual aquisição de materiais farmacológicos, para o Posto Médico de Guarnição de Cascavel e Unidades diretamente subordinadas ao Comando da 15ª Brigada de Infantaria Mecanizada na Guarnição de  Cascavel.;0039445200010310148132026;7659495;73;Dipirona Sódica;dosagem: 50, apresentação: solução oral Dipirona sódica 50mg/ml – solução oral COM SABOR, frasco de 100ml;Frasco;9.20;1;N;267206;M
689340;155904;87;2026;Essa contratação abrange medicamentos,  que são definidos como produtos farmacêuticos, tecnicamente obtidos ou elaborados, com finalidade profilática, curativa, paliativa ou diagnóstica. Na Rede Ebserh, os medicamentos são amplamente empregados, tanto para fins profiláticos, quanto para suporte ao diagnóstico e ao cuidado assistencial. Em seu catálogo institucional de padronização, a Empresa Brasileira de Serviços Hospitalares - Ebserh, categoriza os medicamentos em grupos e subgrupos.;1512643700030510028402026;7646096;81;Prometazina Cloridrato;"dosagem: 25 ";Comprimido;0.14;1000;S;267768;M
689275;982469;50;2026;"Registro de preços para aquisição parcelada de medicamentos para atender as necessidades do Fundo Municipal de Saúde de Lagoa de Itaenga - PE  ";1109725000010810000682026;7644221;212;Prometazina Cloridrato;Prometazina Cloridrato, Dosagem:25 MG/ML, Apresentação:Solução Injetável Medicamentos;Ampola;3.76;10000;N;267769;M
686075;987501;5;2026;Aquisição de medicamentos e insumos destinados a garantir o abastecimento regular e contínuo da rede municipal de saúde, compreendendo as Unidades Básicas de Saúde, a Farmácia Pública Municipal e a Farmácia Hospitalar – Sistema Registro de Preço;7610562600012410000142026;7591079;29;Clorpromazina;"apresentação: solução injetável, dosagem: 5 ";Ampola;2.61;100;N;268069;M
689338;155022;74;2026;"MEDICAMENTOS CONTROLADOS, COM FORNECIMENTO DE EQUIPAMENTO EM REGIME DE COMODATO PARA O GRUPO ÚNICO (ITENS 1 E 2) ";1512643700030510028302026;7645704;60;Clorpromazina;"dosagem: 100 ";Comprimido;0.32;500;S;267638;M
684858;927538;4;2026;Aquisição de medicamentos e insumos para reposição dos estoques do Centro de Abastecimento Farmacêutico - CAF;0353266100015610000562026;7574317;86;Clorpromazina;"dosagem: 5, apresentação: solução injetável ";Ampola;2.30;300;N;268069;M
688613;925302;27;2026;PE 124/2026 Registro de preços para aquisição de medicamentos sedativos, ansiolíticos e analgésicos opióides;0876114000019410002262026;7635297;15;Levomepromazina;"dosagem: 25 ";Comprimido;0.51;19600;N;268128;M
689340;155904;87;2026;Essa contratação abrange medicamentos,  que são definidos como produtos farmacêuticos, tecnicamente obtidos ou elaborados, com finalidade profilática, curativa, paliativa ou diagnóstica. Na Rede Ebserh, os medicamentos são amplamente empregados, tanto para fins profiláticos, quanto para suporte ao diagnóstico e ao cuidado assistencial. Em seu catálogo institucional de padronização, a Empresa Brasileira de Serviços Hospitalares - Ebserh, categoriza os medicamentos em grupos e subgrupos.;1512643700030510028402026;7646048;33;Dipirona Sódica;"dosagem: 500 ";Comprimido;0.16;12000;S;267203;M
689340;155904;87;2026;Essa contratação abrange medicamentos,  que são definidos como produtos farmacêuticos, tecnicamente obtidos ou elaborados, com finalidade profilática, curativa, paliativa ou diagnóstica. Na Rede Ebserh, os medicamentos são amplamente empregados, tanto para fins profiláticos, quanto para suporte ao diagnóstico e ao cuidado assistencial. Em seu catálogo institucional de padronização, a Empresa Brasileira de Serviços Hospitalares - Ebserh, categoriza os medicamentos em grupos e subgrupos.;1512643700030510028402026;7646097;82;Prometazina Cloridrato;"dosagem: 25 ";Comprimido;0.14;1000;S;267768;M
688446;250103;426;2026;Aquisição de medicamentos padronizados - Grade Psicotrópicos (grupo II) e outros dos itens fracassados do pregão 90123/2025.;0039454400018510014992026;7630544;21;Tramadol Cloridrato;"dosagem: 50, forma farmacêutica: solução injetável ";Ampola;1.55;9940;N;292382;M
689020;987489;13;2026;O objeto da presente licitação é a aquisição de medicamentos destinados ao uso nas Unidades Básicas de Saúde e na Farmácia Central e à distribuição gratuita aos munícipes atendidos no Sistema Único de Saúde do Município de Capitão Leônidas Marques/PR, conforme especificações estabelecidas no Termo de Referência e nos requisitos da contratação descritos no Estudo Técnico Preliminar, em atendimento a solicitação nº 200/2026 da Secretaria Municipal de Saúde de Capitão Leônidas Marques-PR.;7620883400015910002642026;7640329;31;Tramadol Cloridrato;"dosagem: 50, forma farmacêutica: solução injetável ";Ampola;1.11;500;N;292382;M
688446;250103;426;2026;Aquisição de medicamentos padronizados - Grade Psicotrópicos (grupo II) e outros dos itens fracassados do pregão 90123/2025.;0039454400018510014992026;7630543;20;Tramadol Cloridrato;"dosagem: 50 ";Cápsula;0.26;206305;N;268534;M
685401;160525;55;2026;Aquisição de medicamentos para atender as necessidades da Seção de Saúde da ESFCEx.;0039445200010310138332026;7580389;29;Tramadol Cloridrato;dosagem: 50, forma farmacêutica: solução injetável Conforme descrição do Termo de Referência.;Ampola;1.36;100;N;292382;M
691238;160233;75;2026;Aquisição  de  vacina  de  Herpes  Zoster  para  atender  demanda  de  3  (três)  pacientes  do  FUSEX;0039445200010310150192026;7680817;1;Vacina;composição: herpes zóster, tipo: recombinante, forma farmaceutica: pó p/ suspensão injetável + diluente Sr fornecedor, favor atentar ao Termo de Referência;Doses;870.12;6;N;602562;M
693206;462723;2;2026;Aquisição de insumos e medicamentos contemplados na REMUME (Relação Municipal de Medicamentos Essenciais) e insumos destinados à Assistência Especializada ao Programa de Saúde da Mulher e ao Programa IST/AIDS e Hepatites Virais, para atender às necessidades da Coordenação Municipal de Assistência Farmacêutica e Departamento de Vigilância em Saúde, conforme condições, quantidades e exigências estabelecidas neste Edital e seus anexos.;0877202000019210000182026;7712322;208;Prometazina Cloridrato;"dosagem: 25 ";Comprimido;0.14;396000;N;267768;M
693206;462723;2;2026;Aquisição de insumos e medicamentos contemplados na REMUME (Relação Municipal de Medicamentos Essenciais) e insumos destinados à Assistência Especializada ao Programa de Saúde da Mulher e ao Programa IST/AIDS e Hepatites Virais, para atender às necessidades da Coordenação Municipal de Assistência Farmacêutica e Departamento de Vigilância em Saúde, conforme condições, quantidades e exigências estabelecidas neste Edital e seus anexos.;0877202000019210000182026;7712267;153;Levomepromazina;"dosagem: 100 ";Comprimido;0.64;52800;N;268129;M
693206;462723;2;2026;Aquisição de insumos e medicamentos contemplados na REMUME (Relação Municipal de Medicamentos Essenciais) e insumos destinados à Assistência Especializada ao Programa de Saúde da Mulher e ao Programa IST/AIDS e Hepatites Virais, para atender às necessidades da Coordenação Municipal de Assistência Farmacêutica e Departamento de Vigilância em Saúde, conforme condições, quantidades e exigências estabelecidas neste Edital e seus anexos.;0877202000019210000182026;7712205;91;Diazepam;"dosagem: 10 ";Comprimido;0.05;264000;N;267197;M
684845;765705;115;2026;AQUISIÇÃO DE MEDICAMENTOS PARA ATENDER A DEMANDA DA DIVISÃO DA FARMÁCIA;0039450200014410080782026;7574199;10;Clorpromazina;"dosagem: 5, apresentação: solução injetável ";Ampola;3.46;100;N;268069;M
689338;155022;74;2026;"MEDICAMENTOS CONTROLADOS, COM FORNECIMENTO DE EQUIPAMENTO EM REGIME DE COMODATO PARA O GRUPO ÚNICO (ITENS 1 E 2) ";1512643700030510028302026;7645654;10;Diazepam;"dosagem: 10 ";Comprimido;0.06;2500;S;267197;M
689069;135039;15;2026;Aquisição de Medicamento de Uso Veterinário para Embrapa Cerrados;0034800300011010006012026;7640836;39;Vacina;"composição: pneumocócica 20-valente, forma farmaceutica: suspensão injetável, tipo: conjugada Tylan 200 - suspensão pronta para uso à base de Tilosina. Cada 100mL contém: Tilosina Base (como Tilosina intermediária) (20g); veículo q.s.p 100mL frasco com 50 ml. nome de referência Tylan 200 LOCAL DE ENTREGA: Embrapa - CTZL - Rod. DF 180 S/N, KM ";Doses;50.80;140;S;629395;M
693206;462723;2;2026;Aquisição de insumos e medicamentos contemplados na REMUME (Relação Municipal de Medicamentos Essenciais) e insumos destinados à Assistência Especializada ao Programa de Saúde da Mulher e ao Programa IST/AIDS e Hepatites Virais, para atender às necessidades da Coordenação Municipal de Assistência Farmacêutica e Departamento de Vigilância em Saúde, conforme condições, quantidades e exigências estabelecidas neste Edital e seus anexos.;0877202000019210000182026;7712191;77;Clorpromazina;"dosagem: 100 ";Comprimido;0.28;132000;N;267638;M
692668;451481;90034;2026;REGISTRO DE PREÇOS, visando aquisições futuras de MEDICAMENTOS, para atender as demandas da Secretaria de Saúde do Município de Goioerê/PR.;7819897500016310001502026;7705519;67;Dipirona sódica;Dipirona Sódica Dosagem: 500MG;Comprimido;0.24;65000;N;267203;M
693206;462723;2;2026;Aquisição de insumos e medicamentos contemplados na REMUME (Relação Municipal de Medicamentos Essenciais) e insumos destinados à Assistência Especializada ao Programa de Saúde da Mulher e ao Programa IST/AIDS e Hepatites Virais, para atender às necessidades da Coordenação Municipal de Assistência Farmacêutica e Departamento de Vigilância em Saúde, conforme condições, quantidades e exigências estabelecidas neste Edital e seus anexos.;0877202000019210000182026;7712211;97;Dipirona Sódica;"dosagem: 500 ";Comprimido;0.13;528000;N;267203;M
690008;180185;42;2026;Aquisição de medicamentos UIS - CPA/M1;4637780000012710031512026;7656346;67;Prometazina Cloridrato;"dosagem: 25, apresentação: solução injetável ";Ampola;3.48;20;N;267769;M
688750;930404;30;2026;"AQUISIÇÃO DE MEDICAMENTOS ANTIDEPRESSIVOS, ANTIPSICÓTICOS E ANTICONVULSIVANTES para atender às necessidades do Hospital do Servidor General Edson Ramalho, Hospital Metropolitano Dom José Maria Pires, Hospital Regional de Guarabira, Hemodinâmicas de Campina Grande e Patos e Policlínica Integrada de Segurança Pública do Estado da Paraíba - unidades de saúde gerenciadas pela Fundação Paraibana de Gestão em Saúde (PB SAÚDE) ";3811177800014010001242026;7636777;24;Levomepromazina;"dosagem: 40, apresentação: solução oral ";Frasco;15.10;130;S;268130;M
687742;160435;66;2026;A contratação pretendida tem como objetivo principal assegurar o fornecimento contínuo e adequado de medicamentos, materiais médicos e odontológicos, garantindo condições ideais para o atendimento integral à saúde dos beneficiários. Busca-se, com isso, alcançar maior eficiência nos serviços prestados, reduzir riscos assistenciais, promover a qualidade do atendimento e assegurar a observância dos princípios da administração pública.;0039445200010310143862026;7687091;68;Dipirona Sódica;"dosagem: 500, apresentação: solução oral (gotas) ";Frasco;1.17;500;N;267205;M
688718;989981;5;2026;"Aquisição de insumos e equipamentos para realização de exames de brucelose e tuberculose para o Departamento Municipal de Agricultura Pecuária e Meio Ambiente, em disposto ao Programa Municipal de Controle e Erradicação de Brucelose e Tuberculose, no âmbito da Lei Municipal n° 990/23, conforme condições e exigências estabelecidas neste instrumento. ";9558544400014210000872026;7636379;1;Vacina;"aplicação*: uso veterinário, componentes adicionais: panleucopenia felinas, rinotraqueíte, composição: leucemia felina, forma farmacêutica: pó liófilo p/ injetável + diluente, outros componentes: calcivirose, chlamydia psittaci, tipo: viva Tuberculina PPD Bovino 50 Doses ";Frasco-Ampola;146.00;25;N;634474;M
690616;160151;49;2026;Aquisição de Material de Consumo (laboratório e GO) para  Seção de Saúde do 9º GAC;0039445200010310149012026;7669061;10;Tramadol Cloridrato;"dosagem: 50 ";Comprimido;0.59;100;N;268534;M
692340;90168;118;2026;Aquisição de medicamentos diversos;4637450000019410061602026;7699613;6;Dipirona Sódica;"dosagem: 500, apresentação: solução oral (gotas) ";Frasco;4.67;100;S;267205;M
689643;980034;10;2026;Aquisiçao de medicamentos e material médico hospitalar  para atender a Secretaria de Saúde do Municipio de Pacaraima-RR.;0161267500015410000162026;7701452;117;Fenobarbital Sódico;"dosagem: 40, forma farmacêutica: solução oral - gotas ";Frasco;12.69;500;N;300723;M
689643;980034;10;2026;Aquisiçao de medicamentos e material médico hospitalar  para atender a Secretaria de Saúde do Municipio de Pacaraima-RR.;0161267500015410000162026;7701451;116;Fenobarbital Sódico;"dosagem: 100 ";Comprimido;0.67;5000;N;267660;M
692358;987225;49;2026;Pregão Eletrônico Nº 49/2026 Materiais, medicamentos e insumos veterinários;4578767800010210002382026;7699850;5;Cloridrato De Tramadol;concentração: 2, forma farmacêutica: solução injetável, uso: uso veterinário Apresentação: Frasco de 20 ml - Solução Injetável;Mililitro;24.99;10;N;629326;M
690345;930213;56;2026;REGISTRO DE PREÇOS PARA AQUISIÇÃO DE MEDICAMENTOS REGULAMENTADOS PELA PORTARIA Nº 344/98, PARA ATENDER A NECESSIDADE DO MUNICÍPIO DE JOÃO PESSOA DESTINADOS ÀS UNIDADES HOSPITALARES, REDE ESPECIALIZADA (POLICLÍNICAS E CAPS), SAMU, UPAS E DEMANDAS JUDICIAIS.;0871561800014010000832026;7665391;19;Clorpromazina;"dosagem: 100 ";Comprimido;0.38;13188;S;267638;M
681464;160168;77;2026;Aquisição de medicamentos de uso geral em favor do Hos´pital de Guarnição de Marabá e demais UG Participantes;0039445200010310132002026;7512576;136;Prometazina Cloridrato;"Prometazina Cloridrato, Dosagem:25 MG ";Comprimido;0.20;700;N;267768;M
681808;984305;51;2026;Registrar preços para futura e eventual contratação de empresa especializada em fornecimento de medicamentos para a Farmácia Básica, em atendimento às demandas da Secretaria Municipal de Saúde de Cataguases – MG.;1770249900026210000832026;7519341;113;Prometazina Cloridrato;"dosagem: 25 ";Comprimido;2.68;100000;N;267768;M
683418;983677;3;2026;AQUISIÇÃO PARA O FORNECIMENTO PARCELADO E CONTÍNUO DE MEDICAMENTOS, PARA ATENDER ÀS NECESSIDADES DAS SEGUINTES UNIDADES DE SAÚDE DO MUNICÍPIO DE LAJE.;1382549200010410000862026;7548975;147;Clorpromazina;Clorpromazina, Concentração:40 MG/ML, Forma Farmaceutica:Solução Oral - Gotas Itens Hospitalares;Frasco;8.42;50;N;340207;M
683015;155906;7;2026;Aquisição de Medicamentos Cardiovasculares, Antiinflamatórios, Anestésicos, SNC e contraste por meio de Registro de Preços, a fim de atender às necessidades da Maternidade Climério de Oliveira (MCO/ UFBA), do Hospital Universitário Prof. Alberto Antunes (HUPAA-UFAL) e do Hospital Universitário Prof. Edgard Santos (HUPES/UFBA), integrantes da Rede HU Brasil, pelo período de 12 (doze) meses.;1512643700030510026252026;7540403;47;Fenobarbital Sódico;Fenobarbital Sódico, Dosagem:40 MG/ML, Forma Farmacêutica:Solução Oral - Gotas 4% (40 mg/mL) solução oral;Frasco;4.75;206;S;300723;M
681808;984305;51;2026;Registrar preços para futura e eventual contratação de empresa especializada em fornecimento de medicamentos para a Farmácia Básica, em atendimento às demandas da Secretaria Municipal de Saúde de Cataguases – MG.;1770249900026210000832026;7519306;78;Levomepromazina;"dosagem: 100 ";Comprimido;1.64;60000;N;268129;M
681491;155915;90;2026;Aquisição de medicamentos grupo B, a fim de atender às necessidades do Hospital Universitário Antônio Pedro (HUAP/UFF), Unidade Gestora (UG) 155915, pertencente à Rede da Empresa Brasileira de Serviços Hospitalares (Rede Ebserh), por um período de 12 (doze) meses.;1512643700030510025662026;7513821;26;Tramadol Cloridrato;"dosagem: 50, forma farmacêutica: solução injetável ";Ampola;1.11;12000;S;292382;M
680505;450522;293;2026;Registro de Preço para Eventual e Futura Aquisição de Medicamentos para o Atendimento na Atenção Básica, para atender as necessidades da Secretaria Municipal de Saúde de Ariquemes, por um período de 12 (doze) meses.;0410481600011610001832026;7496973;15;Dipirona Sódica;dosagem: 500, apresentação: solução oral (gotas) Dipirona Sódica Dosagem: 500 MG/ML Apresentação: Solução Oral (Gotas) Frasco 10 Ml;Frasco;2.27;22500;N;267205;M
685648;925474;29;2026;Registro de Preços de medicamentos conforme especificações descritas em Edital.;1467430300010210000412026;7585920;32;Dipirona Sódica;"concentração: 1 DIPIRONA 1g, comprimido. A embalagem deve conter a impressão ""venda proibida pelo comércio"". Apresentar registro dos produtos na Anvisa e Certificado de Boas Práticas, Fabricação e Controle - CBPFC do fabricante conforme resolução Anvisa nº 460/99. ";Comprimido;23.97;50;N;410023;M
687442;986291;480;2026;Aquisição de medicamentos.;5188524200014010006622026;7614934;7;Diazepam;dosagem: 5 CADA LOTE COM 100 UNIDADES EQUIVALE A UMA PEÇA;Comprimido;20.65;8400;N;267195;M
688317;980745;3;2026;Aquisição de Medicamentos Controlados (Psicotrópicos), de interesse da Secretaria de Saúde do Município de Cajapió/MA.;0605426600010110000172026;7629044;30;Fenobarbital Sódico;"dosagem: 100 ";Comprimido;46.30;150;N;267660;M
683802;752100;125;2026;ItA aquisição de medicamentos e materiais médico-hospitalares atende à demanda dos atendimentos clínicos do Departamento de Saúde do CIAGA na assistência médica ambulatorial dos militares da ativa, da reserva e dos alunos deste Centro de Instrução. Dessa forma, os produtos adquiridos fornecerão um alto padrão de medicamentos e materiais de saúde, gerando resultados satisfatórios aos pacientes em consequência de tratamentos eficazes.;0039450200014410079562026;7555304;15;Prometazina Cloridrato;"dosagem: 25, apresentação: solução injetável ";Ampola;5.36;100;N;267769;M
681659;987857;7;2026;Aquisição de tuberculina aviária, tuberculina bovina, antígeno acidificado tamponado (AAT), vacina RB-51, pistolas para aplicação de tuberculina, cutímetro e botas impermeáveis de cano longo, destinados ao atendimento das demandas da Secretaria Municipal de Agricultura, visando à execução das ações de defesa sanitária animal.;7592758200015510001742026;7517123;3;Vacina;"aplicação*: uso veterinário, componentes adicionais: vírus sincicial bovino (brsv), composição: rinotraqueíte infecciosa bovina (ibr), forma farmacêutica: injetável, outros componentes: diarréia viral bovina (bv), parainfluenza 3 (pi3), tipo: viva ";Frasco-Ampola;143.34;85;N;624113;M
690166;160209;47;2026;Eventual aquisição de materiais farmacológicos, para o Posto Médico de Guarnição de Cascavel e Unidades diretamente subordinadas ao Comando da 15ª Brigada de Infantaria Mecanizada na Guarnição de  Cascavel.;0039445200010310148132026;7713059;28;Dipirona Sódica;dosagem: 500, apresentação: solução injetável Dipirona Sódica 500mg/ml, Solução injetável de 2 mL;Ampola;1.49;5700;N;268252;M
691146;987769;66;2026;"Aquisição de medicamentos Básicos e manipulados ";7610567500016710000692026;7679793;1;DIPIRONA SÓDICA;"DOSAGEM: 500 ";Comprimido;0.16;528750;N;267203;M
691146;987769;66;2026;"Aquisição de medicamentos Básicos e manipulados ";7610567500016710000692026;7679797;5;DIPIRONA SÓDICA;"DOSAGEM: 500 ";Comprimido;0.16;176250;N;267203;M
693206;462723;2;2026;Aquisição de insumos e medicamentos contemplados na REMUME (Relação Municipal de Medicamentos Essenciais) e insumos destinados à Assistência Especializada ao Programa de Saúde da Mulher e ao Programa IST/AIDS e Hepatites Virais, para atender às necessidades da Coordenação Municipal de Assistência Farmacêutica e Departamento de Vigilância em Saúde, conforme condições, quantidades e exigências estabelecidas neste Edital e seus anexos.;0877202000019210000182026;7712192;78;Clorpromazina;"dosagem: 25 mg ";Comprimido;0.24;26400;N;267635;M
692849;80005;68;2026;Aquisição de material de consumo para a Coordenadoria de Saúde, com o objetivo de atender as necessidades da Seção de Assistência em Medicina e Setor de Fisioterapia.;0050996800014810024432026;7707359;50;Dipirona Sódica;"composição: associada à cafeína e diidroergotamina, concentração: 350 mg + 100 mg + 1 ";Comprimido;19.59;10;N;340419;M
693069;984865;49;2026;AQUISIÇÃO DE VACINA POLIVALENTE CANINA V8, PARA ATENDER A DEMANDA DA SECRETARIA DE SAÚDE DO MUNICÍPIO DE MONTES CLAROS-MG;2267887400013510003012026;7710591;2;Vacina;"tipo: óctupla, composição: adenovírus (2), cinomose, coronavirose, parvovírus, outros componentes: parainfluenza, componentes adicionais: l. canicola, l. icterohaemorrhagiae, forma farmacêutica: suspensão injetável, aplicação*: uso veterinário VACINA POLIVALENTE CANINA (V8) - CINOMOSE, HEPATITE INFECCIOSA CANINA, ADENOVÍRUS TIPO 2, PARAINFLUENZA, PARVOVIROSE, CORONAVÍRUS CANINO, LEPTOSPIROSE (L. CANICOLA, L. ICTEROHAEMORRHAGIAE). ADMINISTRAÇÃO: SUBCUTÂNEA; APRESENTAÇÃO: FRASCOS DE 1 DOSE =";Frasco-Ampola;34.15;1892;S;439508;M
683743;454524;11;2026;"REGISTRO DE PREÇOS para futura e eventual contratação de empresa para fornecimento de material odontológico, atendendo as necessidades do Departamento de Saúde. ";7620566500010110001742026;7554536;7;Cloridrato De Tramadol;"concentração: 80, forma farmacêutica: comprimido, uso: uso veterinário ";Comprimido;107.00;50;N;629367;M
688745;90165;167;2026;"Aq. de Med. - Ampicilina 500 mg frasco ampola e outros    ";4637450000019410059242026;7636705;17;Tramadol Cloridrato;"dosagem: 50, forma farmacêutica: solução injetável ";Ampola;1.98;300;S;292382;M
689340;155904;87;2026;Essa contratação abrange medicamentos,  que são definidos como produtos farmacêuticos, tecnicamente obtidos ou elaborados, com finalidade profilática, curativa, paliativa ou diagnóstica. Na Rede Ebserh, os medicamentos são amplamente empregados, tanto para fins profiláticos, quanto para suporte ao diagnóstico e ao cuidado assistencial. Em seu catálogo institucional de padronização, a Empresa Brasileira de Serviços Hospitalares - Ebserh, categoriza os medicamentos em grupos e subgrupos.;1512643700030510028402026;7646032;17;Fenobarbital Sódico;"dosagem: 100 ";Comprimido;0.33;1000;S;267660;M
684173;927161;27;2026;Escolha da proposta mais vantajosa para fornecimento de medicamentos (uso humano e veterinário) e insumos hospitalares e veterinários, destinados a atender as demandas da Secretaria de Estado do Meio Ambiente e Recursos Hídricos do Piauí – SEMARH/PI;0655348100030010000192026;7563036;7;Dipirona Sódica;"dosagem: 500, apresentação: solução injetável ";Ampola;0.64;2000;N;268252;M
676421;155015;90008;2026;Aquisição de medicamentos de uso geral, a fim de atender às necessidades da Maternidade Escola Januário Cicco (MEJC/UFRN), Unidade Gestora (UG) 155015, pertencente à Rede da Empresa Brasileira de Serviços Hospitalares (Rede Ebserh), por um período de 12 (doze) meses.;1512643700030510023962026;7442978;116;Clorpromazina;Clorpromazina Dosagem: 5MG/ML, Apresentação: Solução Injetável;Ampola 5,00 ML;2.94;654;S;268069;M
692180;160111;155;2026;" Medicamentos para os equinos do  Campo de Instrução de Juiz de Fora";0039445200010310152422026;7697439;7;Vacina;"tipo: inativada e adsorvida, componentes adicionais: leptospira diversa, forma farmacêutica: suspensão injetável, aplicação*: uso veterinário ";Frasco-Ampola;23.00;13;N;443382;M
693206;462723;2;2026;Aquisição de insumos e medicamentos contemplados na REMUME (Relação Municipal de Medicamentos Essenciais) e insumos destinados à Assistência Especializada ao Programa de Saúde da Mulher e ao Programa IST/AIDS e Hepatites Virais, para atender às necessidades da Coordenação Municipal de Assistência Farmacêutica e Departamento de Vigilância em Saúde, conforme condições, quantidades e exigências estabelecidas neste Edital e seus anexos.;0877202000019210000182026;7712190;76;Clorpromazina;"concentração: 40, forma farmaceutica: solução oral - gotas ";Frasco;6.79;6600;N;340207;M
693069;984865;49;2026;AQUISIÇÃO DE VACINA POLIVALENTE CANINA V8, PARA ATENDER A DEMANDA DA SECRETARIA DE SAÚDE DO MUNICÍPIO DE MONTES CLAROS-MG;2267887400013510003012026;7710590;1;Vacina;"tipo: óctupla, composição: adenovírus (2), cinomose, coronavirose, parvovírus, outros componentes: parainfluenza, componentes adicionais: l. canicola, l. icterohaemorrhagiae, forma farmacêutica: suspensão injetável, aplicação*: uso veterinário VACINA POLIVALENTE CANINA (V8) - CINOMOSE, HEPATITE INFECCIOSA CANINA, ADENOVÍRUS TIPO 2, PARAINFLUENZA, PARVOVIROSE, CORONAVÍRUS CANINO, LEPTOSPIROSE (L. CANICOLA, L. ICTEROHAEMORRHAGIAE). ADMINISTRAÇÃO: SUBCUTÂNEA; APRESENTAÇÃO: FRASCOS DE 1 DOSE =";Frasco-Ampola;34.15;5678;S;439508;M
693206;462723;2;2026;Aquisição de insumos e medicamentos contemplados na REMUME (Relação Municipal de Medicamentos Essenciais) e insumos destinados à Assistência Especializada ao Programa de Saúde da Mulher e ao Programa IST/AIDS e Hepatites Virais, para atender às necessidades da Coordenação Municipal de Assistência Farmacêutica e Departamento de Vigilância em Saúde, conforme condições, quantidades e exigências estabelecidas neste Edital e seus anexos.;0877202000019210000182026;7712230;116;Fenobarbital Sódico;"dosagem: 100 ";Comprimido;0.15;264000;N;267660;M
692356;160170;60;2026;Aquisição de vacinas para cães, destinadas à imunização dos cães do canil do 33° Pelotão de Polícia do Exército;0039445200010310153042026;7699828;2;Vacina;"tipo: déctupla, composição: adenovírus (2), cinomose, coronavirose, parvovírus, outros componentes: parainfluenza, componentes adicionais: leptospira diversa, forma farmacêutica: suspensão injetável, aplicação*: uso veterinário ";Doses;37.32;6;N;439507;M
689952;925980;23;2026;Aquisição de medicamentos, materiais médicos, materiais para atendimento pré-hospitalar (APH), materiais de limpeza hospitalar e equipamento de proteção individual (EPI);0505496000015810000432026;7655790;132;Prometazina Cloridrato;dosagem: 25, apresentação: solução injetável Cloridrato de Prometazina 25mg/ml – Solução Injetável – Ampola com 2ml;Ampola;8.08;200;N;267769;M
688613;925302;27;2026;PE 124/2026 Registro de preços para aquisição de medicamentos sedativos, ansiolíticos e analgésicos opióides;0876114000019410002262026;7635291;9;Diazepam;"dosagem: 5 ";Comprimido;0.05;208800;N;267195;M
685458;120624;251;2026;Registro de preços para eventual aquisição de material farmacológico.;0039442900010010016722026;7581415;62;Prometazina Cloridrato;"Prometazina Cloridrato, Dosagem:25 MG ";Comprimido;0.16;60;N;267768;M
691080;92501;376;2026;Aquisição de medicamentos de uso humano, destinados ao atendimento das necessidades assistenciais da instituição, visando garantir o abastecimento da farmácia hospitalar e a continuidade dos tratamentos dos pacientes, conforme especificações técnicas e quantitativas definidos no planejamento da contratação.;1247470500012010002642026;7684969;11;Tramadol Cloridrato;"dosagem: 50, forma farmacêutica: solução injetável ";Ampola;1.19;75000;S;292382;M
691639;153063;510;2026;"Aquisição de medicamento veterinário para o Hospital veterinário do IMV de Castanhal. ";3462174800012310002552026;7685164;14;Cloridrato De Tramadol;"concentração: 2, forma farmacêutica: solução injetável, uso: uso veterinário ";Mililitro;100.61;10;N;629326;M
683524;451164;35;2026;Medicamentos (mat. farmacológico);8025735500010810003342026;7664098;36;Tramadol Cloridrato;"dosagem: 50, forma farmacêutica: solução injetável ";Ampola;1.43;36000;N;292382;M
685671;987775;2;2026;REGISTRO DE PREÇOS para futura e eventual aquisição, de forma parcelada, de medicamentos, materiais médicos e de enfermagem, materiais de consumo e equipamentos, destinados às ações de promoção, prevenção e recuperação da saúde desenvolvidas pela Secretaria Municipal de Saúde, bem como para atendimento e dispensação nas Unidades de Saúde do Município de Planalto - PR.;7646052600011610001042026;7586212;48;Levomepromazina;"dosagem: 40, apresentação: solução oral ";Frasco;9.84;200;N;268130;M
686075;987501;5;2026;Aquisição de medicamentos e insumos destinados a garantir o abastecimento regular e contínuo da rede municipal de saúde, compreendendo as Unidades Básicas de Saúde, a Farmácia Pública Municipal e a Farmácia Hospitalar – Sistema Registro de Preço;7610562600012410000142026;7591104;54;Fenobarbital Sódico;"forma farmacêutica: solução injetável, dosagem: 100 ";Ampola;3.02;50;N;300725;M
687742;160435;66;2026;A contratação pretendida tem como objetivo principal assegurar o fornecimento contínuo e adequado de medicamentos, materiais médicos e odontológicos, garantindo condições ideais para o atendimento integral à saúde dos beneficiários. Busca-se, com isso, alcançar maior eficiência nos serviços prestados, reduzir riscos assistenciais, promover a qualidade do atendimento e assegurar a observância dos princípios da administração pública.;0039445200010310143862026;7619845;29;Diazepam;"dosagem: 10 ";Comprimido;0.05;450;N;267197;M
691770;155013;27;2026;"Aquisição de medicamentos do aparelho digestório, metabolismo, vitaminas e suplementos; imunoterapia e alergia; e hormônios e análogos.";1512643700030510029242026;7690508;32;Prometazina Cloridrato;"dosagem: 25, apresentação: solução injetável CLORIDRATO DE PROMETAZINA; 25 MG/ML; SOLUÇÃO INJETÁVEL. - REGISTRADO NA ANVISA COMO MEDICAMENTO. ";Ampola;5.10;1000;N;267769;M
691718;160072;58;2026;Aquisição  de  materiais  farmacológicos,  hospitalares  e  odontológicos,  nos  termos  da  tabela  abaixo,  conforme condições e exigências estabelecidas neste instrumento:;0039445200010310151282026;7687650;140;Tramadol Cloridrato;"dosagem: 100 ";Ampola;2.32;1500;N;309441;M
690969;155017;44;2026;Registro de Preços para a aquisição de Medicamentos diversos (oftalmológicos, aparelho digestório e outros), a fim de atender as necessidades do Hospital Universitário da Universidade Federal de Sergipe (HU-UFS/EBSERH), Unidade Gestora (UG) 155017, pertencente à Rede da Empresa Brasileira de Serviços Hospitalares (Rede Ebserh), por um período de 12 (doze) meses;1512643700030510028862026;7675331;64;Prometazina Cloridrato;"dosagem: 25, apresentação: solução injetável Cloridrato de prometazina; 25 mg/ml; solução injetável. Registro no MS/ANVISA.";Ampola;3.78;900;S;267769;M
685648;925474;29;2026;Registro de Preços de medicamentos conforme especificações descritas em Edital.;1467430300010210000412026;7665169;32;Dipirona Sódica;"concentração: 1 DIPIRONA 1g, comprimido. A embalagem deve conter a impressão ""venda proibida pelo comércio"". Apresentar registro dos produtos na Anvisa e Certificado de Boas Práticas, Fabricação e Controle - CBPFC do fabricante conforme resolução Anvisa nº 460/99. ";Comprimido;23.97;50;N;410023;M
690345;930213;56;2026;REGISTRO DE PREÇOS PARA AQUISIÇÃO DE MEDICAMENTOS REGULAMENTADOS PELA PORTARIA Nº 344/98, PARA ATENDER A NECESSIDADE DO MUNICÍPIO DE JOÃO PESSOA DESTINADOS ÀS UNIDADES HOSPITALARES, REDE ESPECIALIZADA (POLICLÍNICAS E CAPS), SAMU, UPAS E DEMANDAS JUDICIAIS.;0871561800014010000832026;7665409;37;Levomepromazina;"dosagem: 25 ";Comprimido;0.52;15265;S;268128;M
687742;160435;66;2026;A contratação pretendida tem como objetivo principal assegurar o fornecimento contínuo e adequado de medicamentos, materiais médicos e odontológicos, garantindo condições ideais para o atendimento integral à saúde dos beneficiários. Busca-se, com isso, alcançar maior eficiência nos serviços prestados, reduzir riscos assistenciais, promover a qualidade do atendimento e assegurar a observância dos princípios da administração pública.;0039445200010310143862026;7619866;50;Prometazina Cloridrato;"dosagem: 25, apresentação: solução injetável ";Ampola;3.31;350;N;267769;M
688317;980745;3;2026;Aquisição de Medicamentos Controlados (Psicotrópicos), de interesse da Secretaria de Saúde do Município de Cajapió/MA.;0605426600010110000172026;7629035;21;Clorpromazina;"concentração: 40, forma farmaceutica: solução oral - gotas ";Frasco;45.00;400;N;340207;M
684399;160236;5;2026;Aquisição de insumos para a seção de saúde, conforme termo de referência.;0039445200010310136422026;7565432;4;Dipirona Sódica;"dosagem: 500, apresentação: solução injetável ";Mililitro;1.28;100;N;268252;M
692502;160417;66;2026;Aquisição de material de consumo para o Grupo de Saúde do Parque Regional de Manutenção/3ªRM;0039445200010310153262026;7701764;1;Dipirona Sódica;"dosagem: 500 ";Comprimido;0.21;1000;N;267203;M
692849;80005;68;2026;Aquisição de material de consumo para a Coordenadoria de Saúde, com o objetivo de atender as necessidades da Seção de Assistência em Medicina e Setor de Fisioterapia.;0050996800014810024432026;7707336;27;Diazepam;"dosagem: 10 ";Ampola;2.03;10;N;267197;M
692668;451481;90034;2026;REGISTRO DE PREÇOS, visando aquisições futuras de MEDICAMENTOS, para atender as demandas da Secretaria de Saúde do Município de Goioerê/PR.;7819897500016310001502026;7705610;158;Prometazina cloridrato;Prometazina Cloridrato Dosagem: 25MG/ML, Apresentação: Solução Injetável;Frasco 100,00 ML;4.63;6000;N;267769;M
687742;160435;66;2026;A contratação pretendida tem como objetivo principal assegurar o fornecimento contínuo e adequado de medicamentos, materiais médicos e odontológicos, garantindo condições ideais para o atendimento integral à saúde dos beneficiários. Busca-se, com isso, alcançar maior eficiência nos serviços prestados, reduzir riscos assistenciais, promover a qualidade do atendimento e assegurar a observância dos princípios da administração pública.;0039445200010310143862026;7687052;29;Diazepam;"dosagem: 10 ";Comprimido;0.05;450;N;267197;M
691886;926119;105;2026;Aquisição dos produtos (extratos alergênicos) padronizados pertencentes aos Grupos: 09.V.04.C OUTROS AGENTES DE DIAGNÓSTICO e 09.V.07.A TODOS OS OUTROS PRODUTOS NÃO TERAPÊUTICOS com o intuito de manter o abastecimento regular da Secretaria de Estado de Saúde do Distrito Federal - SES/DF, de forma ininterrupta, bem como garantir a assistência aos usuários do SUS/DF, nos termos da tabela abaixo, conforme condições e exigências estabelecidas no Edital.;0039470000010810003052026;7694037;14;Diluente De Vacina;"composição: cloreto de sódio, fenolato, concentração: até 0,9%, forma farmacêutica: solução injetável, esterilidade: estéril ";Mililitro;3.77;21195;S;624425;M
692356;160170;60;2026;Aquisição de vacinas para cães, destinadas à imunização dos cães do canil do 33° Pelotão de Polícia do Exército;0039445200010310153042026;7699829;3;Vacina;"tipo: inativada, outros componentes: giardia lamblia, forma farmacêutica: suspensão injetável, aplicação*: uso veterinário ";Doses;86.97;5;N;439566;M
691886;926119;105;2026;Aquisição dos produtos (extratos alergênicos) padronizados pertencentes aos Grupos: 09.V.04.C OUTROS AGENTES DE DIAGNÓSTICO e 09.V.07.A TODOS OS OUTROS PRODUTOS NÃO TERAPÊUTICOS com o intuito de manter o abastecimento regular da Secretaria de Estado de Saúde do Distrito Federal - SES/DF, de forma ininterrupta, bem como garantir a assistência aos usuários do SUS/DF, nos termos da tabela abaixo, conforme condições e exigências estabelecidas no Edital.;0039470000010810003052026;7694035;12;Vacina;"composição: extrato alergênico (até 5 antígenos), forma farmaceutica: injetável, característica adicional: liberação prolongada, características adicionais 1: especialmente manipulada ";Frasco-Ampola;283.50;900;S;455973;M
687720;160102;67;2026;Aquisição de material farmacológico e odontológico;0039445200010310143912026;7619384;42;Tramadol Cloridrato;"dosagem: 50, forma farmacêutica: solução injetável ";Ampola;1.65;300;N;292382;M
684029;90116;138;2026;Aquisição de Medicamento para atender Mandado Judicial;4637450000019410056262026;7560868;14;Fenobarbital Sódico;"dosagem: 100 ";Comprimido;0.55;320;S;267660;M
684020;985477;5;2026;Registro de preços para eventual e parcelada aquisição de medicamentos e materiais hospitalares que não foram adquiridos nos pregões nº 70/2025 e nº 16/2026, para atender à população do município de Nova Esperança do Sudoeste, Paraná.;9558928900013210000982026;7560557;38;Levomepromazina;"dosagem: 40, apresentação: solução oral ";Frasco;15.58;500;N;268130;M
687720;160102;67;2026;Aquisição de material farmacológico e odontológico;0039445200010310143912026;7619385;43;Tramadol Cloridrato;dosagem: 50 Dosagem: 100 MG;Comprimido;0.25;300;N;268534;M
690345;930213;56;2026;REGISTRO DE PREÇOS PARA AQUISIÇÃO DE MEDICAMENTOS REGULAMENTADOS PELA PORTARIA Nº 344/98, PARA ATENDER A NECESSIDADE DO MUNICÍPIO DE JOÃO PESSOA DESTINADOS ÀS UNIDADES HOSPITALARES, REDE ESPECIALIZADA (POLICLÍNICAS E CAPS), SAMU, UPAS E DEMANDAS JUDICIAIS.;0871561800014010000832026;7665410;38;Levomepromazina;"dosagem: 100 ";Comprimido;0.72;270974;S;268129;M
690166;160209;47;2026;Eventual aquisição de materiais farmacológicos, para o Posto Médico de Guarnição de Cascavel e Unidades diretamente subordinadas ao Comando da 15ª Brigada de Infantaria Mecanizada na Guarnição de  Cascavel.;0039445200010310148132026;7659476;54;Prometazina Cloridrato;dosagem: 25, apresentação: solução injetável Prometazina cloridrato 25 mg/mL, Solução injetável;Ampola;3.85;1900;N;267769;M
690166;160209;47;2026;Eventual aquisição de materiais farmacológicos, para o Posto Médico de Guarnição de Cascavel e Unidades diretamente subordinadas ao Comando da 15ª Brigada de Infantaria Mecanizada na Guarnição de  Cascavel.;0039445200010310148132026;7659450;28;Dipirona Sódica;dosagem: 500, apresentação: solução injetável Dipirona Sódica 500mg/ml, Solução injetável de 2 mL;Ampola;1.49;5700;N;268252;M
685963;160106;293;2026;Aquisição de medicamentos e de materiais profiláticos para cães,;0039445200010310139612026;7589845;4;Vacina;"tipo: viva atenuada, outros componentes: b. bronchiseptica, componentes adicionais: parainfluenza, forma farmacêutica: suspensão injetável, aplicação*: uso veterinário ";Frasco-Ampola;70.00;4;N;439563;M
685469;155016;18;2026;Aquisição de Medicamentos Gerais 1;1512643700030510027042026;7581847;55;Prometazina Cloridrato;"Prometazina Cloridrato, Dosagem:25 MG ";Comprimido;0.17;2400;S;267768;M
690166;160209;47;2026;Eventual aquisição de materiais farmacológicos, para o Posto Médico de Guarnição de Cascavel e Unidades diretamente subordinadas ao Comando da 15ª Brigada de Infantaria Mecanizada na Guarnição de  Cascavel.;0039445200010310148132026;7659494;72;Dipirona Sódica;concentração: 1 Dipirona sódica 1g.;Comprimido;1.12;7600;N;410023;M
684346;986969;84;2026;Registro de Preços para aquisição de Medicamentos – REMUME, conforme edital e seus anexos.;5602458100015610003022026;7565017;9;Levomepromazina;"dosagem: 25 ";Comprimido;0.43;315000;N;268128;M
684173;927161;27;2026;Escolha da proposta mais vantajosa para fornecimento de medicamentos (uso humano e veterinário) e insumos hospitalares e veterinários, destinados a atender as demandas da Secretaria de Estado do Meio Ambiente e Recursos Hídricos do Piauí – SEMARH/PI;0655348100030010000192026;7563057;28;Dipirona Sódica;"concentração: 500, forma física: solução injetável, uso: uso veterinário ";Frasco;10.97;12;N;409123;M
684173;927161;27;2026;Escolha da proposta mais vantajosa para fornecimento de medicamentos (uso humano e veterinário) e insumos hospitalares e veterinários, destinados a atender as demandas da Secretaria de Estado do Meio Ambiente e Recursos Hídricos do Piauí – SEMARH/PI;0655348100030010000192026;7563035;6;Diazepam;"dosagem: 5, apresentação: solução injetável ";Ampola;2.70;3000;N;267194;M
682465;988841;61;2026;RP - Medicamentos;8848836600010010002542026;7561585;97;Tramadol Cloridrato;"dosagem: 50, forma farmacêutica: solução injetável ";Ampola;1.42;25000;N;292382;M
683743;454524;11;2026;"REGISTRO DE PREÇOS para futura e eventual contratação de empresa para fornecimento de material odontológico, atendendo as necessidades do Departamento de Saúde. ";7620566500010110001742026;7767251;7;Cloridrato De Tramadol;"concentração: 80, forma farmacêutica: comprimido, uso: uso veterinário ";Comprimido;107.00;50;N;629367;M
676678;160245;69;2026;"Aquisição de medicamentos de uso geral (bens comuns de consumo), listados em tabela própria, para atender às necessidades de abastecimento da Policlínica Militar de Niterói/RJ, por meio de procedimento de Contratação Direta, na modalidade Dispensa Eletrônica, utilizando o critério de julgamento pelo Menor Preço, em estrita conformidade com a Lei nº 14.133 de 2021 e demais exigências deste Termo de Referência. ";0039445200010310124852026;7445621;22;Diazepam;concentração: 10, forma farmaceutica: solução injetável Diazepam 10 mg forma farmacêutica: solução injetável;Ampola;1.26;200;N;395147;M
690345;930213;56;2026;REGISTRO DE PREÇOS PARA AQUISIÇÃO DE MEDICAMENTOS REGULAMENTADOS PELA PORTARIA Nº 344/98, PARA ATENDER A NECESSIDADE DO MUNICÍPIO DE JOÃO PESSOA DESTINADOS ÀS UNIDADES HOSPITALARES, REDE ESPECIALIZADA (POLICLÍNICAS E CAPS), SAMU, UPAS E DEMANDAS JUDICIAIS.;0871561800014010000832026;7665411;39;Levomepromazina;"dosagem: 100 ";Comprimido;0.72;14261;S;268129;M
684858;927538;4;2026;Aquisição de medicamentos e insumos para reposição dos estoques do Centro de Abastecimento Farmacêutico - CAF;0353266100015610000562026;7574325;94;Diazepam;"dosagem: 5 ";Comprimido;0.05;2000;N;267195;M
690166;160209;47;2026;Eventual aquisição de materiais farmacológicos, para o Posto Médico de Guarnição de Cascavel e Unidades diretamente subordinadas ao Comando da 15ª Brigada de Infantaria Mecanizada na Guarnição de  Cascavel.;0039445200010310148132026;7713103;72;Dipirona Sódica;concentração: 1 Dipirona sódica 1g.;Comprimido;1.12;7600;N;410023;M
690345;930213;56;2026;REGISTRO DE PREÇOS PARA AQUISIÇÃO DE MEDICAMENTOS REGULAMENTADOS PELA PORTARIA Nº 344/98, PARA ATENDER A NECESSIDADE DO MUNICÍPIO DE JOÃO PESSOA DESTINADOS ÀS UNIDADES HOSPITALARES, REDE ESPECIALIZADA (POLICLÍNICAS E CAPS), SAMU, UPAS E DEMANDAS JUDICIAIS.;0871561800014010000832026;7665412;40;Levomepromazina;"dosagem: 40, apresentação: solução oral ";Frasco;14.51;2364;S;268130;M
690166;160209;47;2026;Eventual aquisição de materiais farmacológicos, para o Posto Médico de Guarnição de Cascavel e Unidades diretamente subordinadas ao Comando da 15ª Brigada de Infantaria Mecanizada na Guarnição de  Cascavel.;0039445200010310148132026;7713054;23;Diazepam;dosagem: 10 Diazepam 10 mg, Comprimido;Comprimido;0.11;420;N;267197;M
677509;180176;91006;2026;Aquisição de materiais para a Unidade Integrada de Saúde da ESSd.;4637780000012710027832026;7454963;104;Diazepam;Diazepam Dosagem: 5MG;"Comprimido  ";0.50;200;N;267195;M
682814;160290;50;2026;"Aquisição de medicamentos para seção de saúde. ";0039445200010310133742026;7535621;9;Dipirona Sódica;"dosagem: 500, apresentação: solução injetável ";Ampola;1.34;300;N;268252;M
679761;925003;108;2026;"VACINA ANTIRRÁBICA INATIVADA PARA HERBÍVOROS: Vacina composta por suspensão de vírus fixo, cepa Pasteur (PV), produzida em cultivo celular, inativada por etilenimina binária (BEI) e adsorvida em hidróxido de alumínio gel. INDICAÇÃO: Profilaxia da raiva em bovinos, ovinos, caprinos, equinos e muares. APRESENTAÇÃO: Frasco-ampola multidose (25 doses). ";1386437700013010010042026;7534377;2;Vacina;tipo: inativada, composição: vírus rábico, cepa pv, forma farmacêutica: suspensão injetável, aplicação*: uso veterinário Havendo divergência entre CatMat e descritivo, atender integralmente ao descritivo do edital em anexo;Frasco-Ampola;84.78;200;N;439541;M
685885;90125;105;2026;Aquisição de medicamentos para atender a demandas judiciais do Departamento Regional de Saúde de Franca - DRS8;4637450000019410057602026;7588982;2;Diazepam;"dosagem: 10 ";Comprimido;0.70;780;S;267197;M
679309;986249;1;2026;REGISTRO DE PREÇOS PARA POSSÍVEL AQUISIÇÃO DE MEDICAMENTOS DESTINADOS A ATENDER A REDE BÁSICA;4663410100011510002952026;7476993;2;Clorpromazina;"dosagem: 25 mg ";Comprimido;0.28;145950;N;267635;M
678609;135017;3;2026;Registro de preços para aquisição futura de adubos, fitossanitários, alimentos para animais e materiais e medicamentos de uso veterinário.;0034800300011010004752026;7483481;97;Vacina;"tipo: inativada, composição: vírus rábico, cepa pv, forma farmacêutica: suspensão injetável, aplicação*: uso veterinário ";Doses;3.05;7000;S;439541;M
683053;160324;26;2026;Aquisição de insumos para a Divisão Técnica e Divisão de Ensino e Pesquisa do Instituto de Biologia do Exército, nos termos da tabela anexa ao termo de referência.;0039445200010310134072026;7542212;300;Vacina;"composição: meningocócica b, tipo: recombinante, forma farmaceutica: suspensão injetável ";Frasco-Ampola;591.82;140;N;453070;M
690166;160209;47;2026;Eventual aquisição de materiais farmacológicos, para o Posto Médico de Guarnição de Cascavel e Unidades diretamente subordinadas ao Comando da 15ª Brigada de Infantaria Mecanizada na Guarnição de  Cascavel.;0039445200010310148132026;7713091;60;Tramadol Cloridrato;dosagem: 50, forma farmacêutica: solução injetável Tramadol cloridrato 50 mg/mL, Solução injetável;Ampola;1.40;1700;N;292382;M
690166;160209;47;2026;Eventual aquisição de materiais farmacológicos, para o Posto Médico de Guarnição de Cascavel e Unidades diretamente subordinadas ao Comando da 15ª Brigada de Infantaria Mecanizada na Guarnição de  Cascavel.;0039445200010310148132026;7713085;54;Prometazina Cloridrato;dosagem: 25, apresentação: solução injetável Prometazina cloridrato 25 mg/mL, Solução injetável;Ampola;3.85;1900;N;267769;M
690166;160209;47;2026;Eventual aquisição de materiais farmacológicos, para o Posto Médico de Guarnição de Cascavel e Unidades diretamente subordinadas ao Comando da 15ª Brigada de Infantaria Mecanizada na Guarnição de  Cascavel.;0039445200010310148132026;7713104;73;Dipirona Sódica;dosagem: 50, apresentação: solução oral Dipirona sódica 50mg/ml – solução oral COM SABOR, frasco de 100ml;Frasco;9.20;200;N;267206;M
691146;987769;66;2026;"Aquisição de medicamentos Básicos e manipulados ";7610567500016710000692026;7679846;54;FENOBARBITAL SÓDICO;"DOSAGEM: 100, FORMA FARMACÊUTICA: SOLUÇÃO INJETÁVEL ";Ampola;3.04;200;N;300725;M
691146;987769;66;2026;"Aquisição de medicamentos Básicos e manipulados ";7610567500016710000692026;7679845;53;FENOBARBITAL SÓDICO;"DOSAGEM: 100 ";Comprimido;0.21;25300;N;267660;M
691341;90175;48;2026;Aquisição de medicamentos- Fenitoína 100mg, comprimido e outros;4637450000019410061022026;7681784;2;Levomepromazina;"dosagem: 100 ";Comprimido;0.77;4200;S;268129;M
693206;462723;2;2026;Aquisição de insumos e medicamentos contemplados na REMUME (Relação Municipal de Medicamentos Essenciais) e insumos destinados à Assistência Especializada ao Programa de Saúde da Mulher e ao Programa IST/AIDS e Hepatites Virais, para atender às necessidades da Coordenação Municipal de Assistência Farmacêutica e Departamento de Vigilância em Saúde, conforme condições, quantidades e exigências estabelecidas neste Edital e seus anexos.;0877202000019210000182026;7712381;267;Levomepromazina;"dosagem: 40, apresentação: solução oral ";Frasco;10.06;3300;N;268130;M
692340;90168;118;2026;Aquisição de medicamentos diversos;4637450000019410061602026;7699620;13;Tramadol Cloridrato;"dosagem: 50, forma farmacêutica: solução injetável ";Ampola;1.32;500;S;292382;M
692849;80005;68;2026;Aquisição de material de consumo para a Coordenadoria de Saúde, com o objetivo de atender as necessidades da Seção de Assistência em Medicina e Setor de Fisioterapia.;0050996800014810024432026;7707339;30;Dipirona Sódica;"concentração: 1 ";Comprimido;8.58;20;N;410023;M
691718;160072;58;2026;Aquisição  de  materiais  farmacológicos,  hospitalares  e  odontológicos,  nos  termos  da  tabela  abaixo,  conforme condições e exigências estabelecidas neste instrumento:;0039445200010310151282026;7687632;122;Dipirona Sódica;"dosagem: 500, apresentação: solução injetável ";Ampola;1.34;10000;N;268252;M
687742;160435;66;2026;A contratação pretendida tem como objetivo principal assegurar o fornecimento contínuo e adequado de medicamentos, materiais médicos e odontológicos, garantindo condições ideais para o atendimento integral à saúde dos beneficiários. Busca-se, com isso, alcançar maior eficiência nos serviços prestados, reduzir riscos assistenciais, promover a qualidade do atendimento e assegurar a observância dos princípios da administração pública.;0039445200010310143862026;7687113;90;Dipirona Sódica;"dosagem: 500, apresentação: solução injetável ";Ampola;0.52;950;N;268252;M
681856;927744;12;2026;CONSTITUI OBJETO DA PRESENTE LICITAÇÃO, A SELEÇÃO DE EMPRESA PARA O REGISTRO DE PREÇOS VISANDO AQUISIÇÕES FUTURAS E EVENTUAIS DE MEDICAMENTOS - TRAMADOL E OUTROS INJETÁVEIS, PARA ATENDER À DEMANDA DA SECRETARIA MUNICIPAL DA SAÚDE DE FORTALEZA - SMS, DE ACORDO COM AS ESPECIFICAÇÕES E QUANTITATIVOS PREVISTOS NO ANEXO I – TERMO DE REFERÊNCIA DESTE EDITAL.;0795460500016010007942026;7519837;9;Tramadol Cloridrato;"dosagem: 50, forma farmacêutica: solução injetável ";Ampola;1.00;17875;S;292382;M
681491;155915;90;2026;Aquisição de medicamentos grupo B, a fim de atender às necessidades do Hospital Universitário Antônio Pedro (HUAP/UFF), Unidade Gestora (UG) 155915, pertencente à Rede da Empresa Brasileira de Serviços Hospitalares (Rede Ebserh), por um período de 12 (doze) meses.;1512643700030510025662026;7513823;28;Tramadol Cloridrato;"dosagem: 50 ";Cápsula;0.14;206700;S;268534;M
681445;153073;23;2026;Aquisição de Medicamentos de Uso Veterinário para atender as demandas do Hospital Universitário Veterinário do CCA/UFPB.;2409847700011010000832026;7512036;36;Dipirona Sódica;"concentração: 500, forma física: solução injetável, uso: uso veterinário ";Frasco;11.85;110;N;409123;M
691648;390084;25;2026;Aquisição e aplicação de doses de vacina contra a Influenza (tetravalente) para servidores e colaboradores da Superintendência Regional do DNIT no Estado de Acre e Unidade Local de Cruzeiro do Sul.;0489270700355010000222026;7685442;1;Serviço de Vacinação;"Serviço de Vacinação ";NULL;88.96;85;N;25364;S
691146;987769;66;2026;"Aquisição de medicamentos Básicos e manipulados ";7610567500016710000692026;7679905;113;TRAMADOL CLORIDRATO;"DOSAGEM: 50 ";Comprimido;0.14;20800;N;268534;M
691639;153063;510;2026;"Aquisição de medicamento veterinário para o Hospital veterinário do IMV de Castanhal. ";3462174800012310002552026;7685165;15;Dipirona Sódica;"concentração: 500, forma física: solução injetável, uso: uso veterinário ";Frasco;12.71;36;N;409123;M
690969;155017;44;2026;Registro de Preços para a aquisição de Medicamentos diversos (oftalmológicos, aparelho digestório e outros), a fim de atender as necessidades do Hospital Universitário da Universidade Federal de Sergipe (HU-UFS/EBSERH), Unidade Gestora (UG) 155017, pertencente à Rede da Empresa Brasileira de Serviços Hospitalares (Rede Ebserh), por um período de 12 (doze) meses;1512643700030510028862026;7675338;71;Tramadol Cloridrato;"dosagem: 50, forma farmacêutica: solução injetável Cloridrato de tramadol; 50 mg/mL; solução injetável. Reg. no MS/ANVISA.";Ampola;1.19;23600;S;292382;M
693206;462723;2;2026;Aquisição de insumos e medicamentos contemplados na REMUME (Relação Municipal de Medicamentos Essenciais) e insumos destinados à Assistência Especializada ao Programa de Saúde da Mulher e ao Programa IST/AIDS e Hepatites Virais, para atender às necessidades da Coordenação Municipal de Assistência Farmacêutica e Departamento de Vigilância em Saúde, conforme condições, quantidades e exigências estabelecidas neste Edital e seus anexos.;0877202000019210000182026;7712206;92;Diazepam;"dosagem: 5 ";Comprimido;0.05;132000;N;267195;M
692591;150247;70;2026;O objeto do presente Estudo Técnico Preliminar consiste no levantamentoedefinição dos requisitos para a eventual AQUISIÇÃO DE MEDICAMENTOS E CORRELATOS, como intuito de suprir as demandas assistenciais e operacionais do Hospital Ana Nery, unidade integrante do Complexo Hospitalar e de Saúde da Universidade Federal da Bahia (CHS/UFBA), pelo período estimado de 12 (doze) meses.;1518071400010410001392026;7703595;7;Diazepam;"dosagem: 5, apresentação: solução injetável ";Ampola;0.84;2000;N;267194;M
680608;925448;1;2026;Aquisição de Medicamentos Comprimidos;0492934500018510001452026;7498084;29;Dipirona Sódica;"dosagem: 500 ";Comprimido;0.25;75500;N;267203;M
684173;927161;27;2026;Escolha da proposta mais vantajosa para fornecimento de medicamentos (uso humano e veterinário) e insumos hospitalares e veterinários, destinados a atender as demandas da Secretaria de Estado do Meio Ambiente e Recursos Hídricos do Piauí – SEMARH/PI;0655348100030010000192026;7563056;27;Cloridrato De Tramadol;"concentração: 2, forma farmacêutica: solução injetável, uso: uso veterinário ";Mililitro;127.20;12;N;629326;M
689340;155904;87;2026;Essa contratação abrange medicamentos,  que são definidos como produtos farmacêuticos, tecnicamente obtidos ou elaborados, com finalidade profilática, curativa, paliativa ou diagnóstica. Na Rede Ebserh, os medicamentos são amplamente empregados, tanto para fins profiláticos, quanto para suporte ao diagnóstico e ao cuidado assistencial. Em seu catálogo institucional de padronização, a Empresa Brasileira de Serviços Hospitalares - Ebserh, categoriza os medicamentos em grupos e subgrupos.;1512643700030510028402026;7646049;34;Dipirona Sódica;"dosagem: 500 ";Comprimido;0.16;12000;S;267203;M
688750;930404;30;2026;"AQUISIÇÃO DE MEDICAMENTOS ANTIDEPRESSIVOS, ANTIPSICÓTICOS E ANTICONVULSIVANTES para atender às necessidades do Hospital do Servidor General Edson Ramalho, Hospital Metropolitano Dom José Maria Pires, Hospital Regional de Guarabira, Hemodinâmicas de Campina Grande e Patos e Policlínica Integrada de Segurança Pública do Estado da Paraíba - unidades de saúde gerenciadas pela Fundação Paraibana de Gestão em Saúde (PB SAÚDE) ";3811177800014010001242026;7636767;14;Fenobarbital Sódico;"dosagem: 100, forma farmacêutica: solução injetável ";Ampola;2.62;3150;S;300725;M
689020;987489;13;2026;O objeto da presente licitação é a aquisição de medicamentos destinados ao uso nas Unidades Básicas de Saúde e na Farmácia Central e à distribuição gratuita aos munícipes atendidos no Sistema Único de Saúde do Município de Capitão Leônidas Marques/PR, conforme especificações estabelecidas no Termo de Referência e nos requisitos da contratação descritos no Estudo Técnico Preliminar, em atendimento a solicitação nº 200/2026 da Secretaria Municipal de Saúde de Capitão Leônidas Marques-PR.;7620883400015910002642026;7640316;18;Dipirona Sódica;"dosagem: 500 ";Comprimido;0.12;100000;N;267203;M
690177;155022;65;2026;Medicamentos Gerais Diversos e Soros Hospitalares, fracassados em pregões diversos a fim de atender às necessidades do Hospital das Clínicas de Pernambuco (HCPE/UFPE);1512643700030510028692026;7659796;13;Fenobarbital Sódico;"dosagem: 100 ";Comprimido;17.00;600;S;267660;M
677968;785511;32;2026;"Aquisição de medicamentos e insumos médico-hospitalares, destinados ao abastecimento e recomposição da dotação regulamentar da enfermaria de bordo do Navio Hidrográfico Balizador ""Comandante Varella"", visando garantir o suporte básico à saúde, o atendimento de primeiros socorros e a salvaguarda da tripulação durante os períodos de navegação e cumprimento de comissões operacionais.";0039450200014410073022026;7460473;46;Diluente De Vacina;"adicional: tampas coloridas, composição: água para injeção, esterilidade: estéril, forma farmacêutica: líquido ";Mililitro;0.12;530;N;624422;M
677985;254492;90019;2026;Registro de Preços objetivando aquisição de medicamentos injetáveis.;3378105500013510010712026;7461236;101;Prometazina Cloridrato;Prometazina Cloridrato Dosagem: 25MG/ML, Apresentação: Solução Injetável;Ampola 2,00 ML;3.50;500;S;267769;M
687050;160304;73;2026;Aquisição de medicamentos veterinários para Seção de Cães de Guerra do Batalhão de Manutenção e Suprimento de Armamento.;0039445200010310142132026;7610597;3;Vacina;"tipo: viva atenuada, outros componentes: b. bronchiseptica, componentes adicionais: parainfluenza, forma farmacêutica: suspensão injetável, aplicação*: uso veterinário ";Doses;41.98;10;N;439563;M
687050;160304;73;2026;Aquisição de medicamentos veterinários para Seção de Cães de Guerra do Batalhão de Manutenção e Suprimento de Armamento.;0039445200010310142132026;7610595;1;Vacina;"tipo: viva atenuada, outros componentes: b. bronchiseptica, componentes adicionais: parainfluenza, forma farmacêutica: suspensão injetável, aplicação*: uso veterinário ";Doses;52.89;10;N;439563;M
683492;160120;80;2026;Aquisição de Vacinas e Medicamentos para Seção de Cães de Guerra em proveito do 4º Depósito de Suprimento;0039445200010310134482026;7550089;2;Cloridrato De Tramadol;"concentração: 80, forma farmacêutica: comprimido, uso: uso veterinário ";Comprimido;15.75;10;N;629367;M
683524;451164;35;2026;Medicamentos (mat. farmacológico);8025735500010810003342026;7550301;6;Diazepam;"dosagem: 5, apresentação: solução injetável ";Ampola;1.11;1600;N;267194;M
682465;988841;61;2026;RP - Medicamentos;8848836600010010002542026;7561569;81;Prometazina Cloridrato;"dosagem: 25 ";Comprimido;0.18;250000;N;267768;M
684443;70011;65;2026;Aquisição de materiais farmacológicos;0601504100013810000192026;7566245;36;Tramadol Cloridrato;"dosagem: 50 ";Comprimido;2.43;10;N;268534;M
687720;160102;67;2026;Aquisição de material farmacológico e odontológico;0039445200010310143912026;7619401;59;Clorpromazina;"dosagem: 5, apresentação: solução injetável ";Ampola;2.37;300;N;268069;M
688317;980745;3;2026;Aquisição de Medicamentos Controlados (Psicotrópicos), de interesse da Secretaria de Saúde do Município de Cajapió/MA.;0605426600010110000172026;7629037;23;Diazepam;"dosagem: 5 ";Comprimido;52.61;200;N;267195;M
689063;983501;6;2026;Aquisição de medicamentos para atender as necessidades da Secretaria de Saúde;1367331400010510001422026;7640695;34;Clorpromazina;"concentração: 40, forma farmaceutica: solução oral - gotas ";Frasco;7.50;50;N;340207;M
688552;158137;503;2026;Registro de Preços para futura e eventual aquisição de vacinas de uso veterinário destinadas à imunização preventiva do rebanho bovino utilizado em projetos institucionais do IFSULDEMINAS – Campus Muzambinho, visando atender às atividades de ensino, pesquisa e extensão, conforme especificações e quantitativos estabelecidos no Termo de Referência.;1064853900010510001462026;7633788;1;Vacina;Vacina, Tipo:Inativada, Composição:Vírus Rábico, Cepa Pv, Forma Farmacêutica:Suspensão Injetável, Aplicação*:Uso Veterinário Descricao detalhada do item encontra no termo de referencia 189 2026;Frasco;110.00;4000;N;439541;M
692668;451481;90034;2026;REGISTRO DE PREÇOS, visando aquisições futuras de MEDICAMENTOS, para atender as demandas da Secretaria de Saúde do Município de Goioerê/PR.;7819897500016310001502026;7705624;172;Tramadol Cloridrato;Tramadol Cloridrato Dosagem: 50MG/ML, Forma Farmacêutica: Solução Injetável;Ampola 2,00 ML;1.80;900;N;292382;M
693206;462723;2;2026;Aquisição de insumos e medicamentos contemplados na REMUME (Relação Municipal de Medicamentos Essenciais) e insumos destinados à Assistência Especializada ao Programa de Saúde da Mulher e ao Programa IST/AIDS e Hepatites Virais, para atender às necessidades da Coordenação Municipal de Assistência Farmacêutica e Departamento de Vigilância em Saúde, conforme condições, quantidades e exigências estabelecidas neste Edital e seus anexos.;0877202000019210000182026;7712268;154;Levomepromazina;"dosagem: 25 ";Comprimido;0.41;52800;N;268128;M
683524;451164;35;2026;Medicamentos (mat. farmacológico);8025735500010810003342026;7664099;37;Tramadol Cloridrato;"dosagem: 100 ";Comprimido;4.47;2500;N;309441;M
683524;451164;35;2026;Medicamentos (mat. farmacológico);8025735500010810003342026;7664076;14;Levomepromazina;"dosagem: 100 ";Comprimido;0.89;100;N;268129;M
685648;925474;29;2026;Registro de Preços de medicamentos conforme especificações descritas em Edital.;1467430300010210000412026;7665170;33;Dipirona Sódica;"composição: associada à cafeína, concentração: 500 mg + 65 DIPIRONA sódica + cafeína anidra + orfenadrina (300mg + 50mg + 35mg); comprimidos envelopados. Deve conter na embalagem a descrição ""proibida a venda pelo comércio"". Apresentar registro dos produtos na Anvisa e Certificado de Boas Práticas.";Comprimido;23.45;50;N;606626;M
690345;930213;56;2026;REGISTRO DE PREÇOS PARA AQUISIÇÃO DE MEDICAMENTOS REGULAMENTADOS PELA PORTARIA Nº 344/98, PARA ATENDER A NECESSIDADE DO MUNICÍPIO DE JOÃO PESSOA DESTINADOS ÀS UNIDADES HOSPITALARES, REDE ESPECIALIZADA (POLICLÍNICAS E CAPS), SAMU, UPAS E DEMANDAS JUDICIAIS.;0871561800014010000832026;7665397;25;Fenobarbital Sódico;"dosagem: 100 ";Comprimido;0.20;278914;S;267660;M
684858;927538;4;2026;Aquisição de medicamentos e insumos para reposição dos estoques do Centro de Abastecimento Farmacêutico - CAF;0353266100015610000562026;7574376;146;Tramadol Cloridrato;"dosagem: 50, forma farmacêutica: solução injetável ";Ampola;1.05;6000;N;292382;M
685145;987493;15;2026;Registro de preços para a aquisições de fármacos, insumos veterinários e materiais destinados à conservação e restauração de acervo visando atender às demandas da Divisão de Vida Silvestre e Bem-Estar Animal (DVSBEA).;7620886700010710003342026;7577690;27;Dipirona Sódica;"adicional: formulação especialmente manipulada, composição: associada ao tramadol, concentração: 500 mg + 50 ";Frasco;13.30;2000;N;623182;M
685401;160525;55;2026;Aquisição de medicamentos para atender as necessidades da Seção de Saúde da ESFCEx.;0039445200010310138332026;7580386;26;Prometazina Cloridrato;dosagem: 25, apresentação: solução injetável Conforme descrição do Termo de Referência.;Ampola;3.97;100;N;267769;M
684697;155012;29;2026;Aquisição de MEDICAMENTOS (GERAIS, ANESTÉSICOS, ANALGÉSICOS E ETC) E CONCENTRADOS PARA HEMODIÁLISE;1512643700030510026702026;7570102;67;Clorpromazina;"Clorpromazina, Dosagem:5 MG/ML, Apresentação:Solução Injetável ";Ampola;6.09;200;S;268069;M
689063;983501;6;2026;Aquisição de medicamentos para atender as necessidades da Secretaria de Saúde;1367331400010510001422026;7640722;61;Levomepromazina;"dosagem: 25 ";Comprimido;2.11;4000;N;268128;M
689158;986219;49;2026;AQUISIÇÃO ANUAL DE MEDICAMENTOS PARA ATENDIMENTO ÀS UNIDADES DA SECRETARIA MUNICIPAL DE SAÚDE DE BAURU, DEVIDAMENTE ESPECIFICADOS NO ANEXO I DO EDITAL, ATRAVÉS DO SISTEMA DE REGISTRO DE PREÇOS;4613741000018010004962026;7642160;17;Levomepromazina;"dosagem: 25 ";Comprimido;0.46;400000;N;268128;M
690182;984123;94021;2026;Registro de preços para aquisição de MEDICAMENTOS PADRONIZADOS I;1871538300014010005012026;7660310;25;Tramadol Cloridrato;Tramadol Cloridrato Dosagem: 50MG/ML, Forma Farmacêutica: Solução Injetável;Ampola 1,00 ML;1.00;63750;S;292382;M
687442;986291;480;2026;Aquisição de medicamentos.;5188524200014010006622026;7614935;8;Diazepam;dosagem: 5 CADA LOTE COM 100 UNIDADES EQUIVALE A UMA PEÇA;Comprimido;20.65;2800;N;267195;M
686789;120636;79;2026;"Aquisição de Material Médico-Hospitalar para a CFARH - parte 2	";0039442900010010016922026;7607260;76;Prometazina Cloridrato;Prometazina Cloridrato, Dosagem:25 MG PROMETAZINA CLORIDRATO, DOSAGEM 25MG/ML, AMPOLA 2ML COD SIASG:267768;Ampola;3.90;200;N;267768;M
689063;983501;6;2026;Aquisição de medicamentos para atender as necessidades da Secretaria de Saúde;1367331400010510001422026;7640696;35;Clorpromazina;"dosagem: 25 mg ";Comprimido;1.26;4000;N;267635;M
685458;120624;251;2026;Registro de preços para eventual aquisição de material farmacológico.;0039442900010010016722026;7581423;70;Tramadol Cloridrato;"dosagem: 50, forma farmacêutica: solução injetável ";Ampola;1.14;500;N;292382;M
689063;983501;6;2026;Aquisição de medicamentos para atender as necessidades da Secretaria de Saúde;1367331400010510001422026;7640699;38;Diazepam;"dosagem: 5 ";Comprimido;0.23;1000;N;267195;M
689952;925980;23;2026;Aquisição de medicamentos, materiais médicos, materiais para atendimento pré-hospitalar (APH), materiais de limpeza hospitalar e equipamento de proteção individual (EPI);0505496000015810000432026;7655796;138;Dipirona Sódica;concentração: 1 Dipirona Sódica Monoidratada 1000mg – Comprimido;Comprimido;1.67;300;N;410023;M
688750;930404;30;2026;"AQUISIÇÃO DE MEDICAMENTOS ANTIDEPRESSIVOS, ANTIPSICÓTICOS E ANTICONVULSIVANTES para atender às necessidades do Hospital do Servidor General Edson Ramalho, Hospital Metropolitano Dom José Maria Pires, Hospital Regional de Guarabira, Hemodinâmicas de Campina Grande e Patos e Policlínica Integrada de Segurança Pública do Estado da Paraíba - unidades de saúde gerenciadas pela Fundação Paraibana de Gestão em Saúde (PB SAÚDE) ";3811177800014010001242026;7636759;6;Clorpromazina;"dosagem: 25 mg ";Comprimido;0.35;1800;S;267635;M
682465;988841;61;2026;RP - Medicamentos;8848836600010010002542026;7561593;105;Dipirona Sódica;dosagem: 500 Cota reservada ME/EPP;Comprimido;0.12;20000;N;267203;M
687126;160478;97;2026;Aquisição de medicamentos para equinos, para atender a necessidade do 13° Rc Mec;0039445200010310142562026;7611339;7;Vacina;"tipo: inativada, composição: vírus rábico, cepa pv, forma farmacêutica: suspensão injetável, aplicação*: uso veterinário ";Frasco;83.37;1;N;439541;M
688750;930404;30;2026;"AQUISIÇÃO DE MEDICAMENTOS ANTIDEPRESSIVOS, ANTIPSICÓTICOS E ANTICONVULSIVANTES para atender às necessidades do Hospital do Servidor General Edson Ramalho, Hospital Metropolitano Dom José Maria Pires, Hospital Regional de Guarabira, Hemodinâmicas de Campina Grande e Patos e Policlínica Integrada de Segurança Pública do Estado da Paraíba - unidades de saúde gerenciadas pela Fundação Paraibana de Gestão em Saúde (PB SAÚDE) ";3811177800014010001242026;7636760;7;Clorpromazina;"dosagem: 5, apresentação: solução injetável ";Ampola;2.51;500;S;268069;M
690166;160209;47;2026;Eventual aquisição de materiais farmacológicos, para o Posto Médico de Guarnição de Cascavel e Unidades diretamente subordinadas ao Comando da 15ª Brigada de Infantaria Mecanizada na Guarnição de  Cascavel.;0039445200010310148132026;7659446;24;Diazepam;dosagem: 5, apresentação: solução injetável Diazepam 5 mg/mL, Solução injetável de 2 mL;Ampola;1.14;260;N;267194;M
690182;984123;94021;2026;Registro de preços para aquisição de MEDICAMENTOS PADRONIZADOS I;1871538300014010005012026;7660311;26;Tramadol Cloridrato;Tramadol Cloridrato Dosagem: 50MG/ML, Forma Farmacêutica: Solução Injetável;Ampola 1,00 ML;1.00;21250;S;292382;M
690345;930213;56;2026;REGISTRO DE PREÇOS PARA AQUISIÇÃO DE MEDICAMENTOS REGULAMENTADOS PELA PORTARIA Nº 344/98, PARA ATENDER A NECESSIDADE DO MUNICÍPIO DE JOÃO PESSOA DESTINADOS ÀS UNIDADES HOSPITALARES, REDE ESPECIALIZADA (POLICLÍNICAS E CAPS), SAMU, UPAS E DEMANDAS JUDICIAIS.;0871561800014010000832026;7665395;23;Diazepam;"dosagem: 5 ";Comprimido;0.05;91229;S;267195;M
692668;451481;90034;2026;REGISTRO DE PREÇOS, visando aquisições futuras de MEDICAMENTOS, para atender as demandas da Secretaria de Saúde do Município de Goioerê/PR.;7819897500016310001502026;7705521;69;Dipirona Sódica;Dipirona Sódica Dosagem: 500MG/ML, Apresentação: Solução Injetável;Ampola 2,00 ML;1.49;20000;N;268252;M
692591;150247;70;2026;O objeto do presente Estudo Técnico Preliminar consiste no levantamentoedefinição dos requisitos para a eventual AQUISIÇÃO DE MEDICAMENTOS E CORRELATOS, como intuito de suprir as demandas assistenciais e operacionais do Hospital Ana Nery, unidade integrante do Complexo Hospitalar e de Saúde da Universidade Federal da Bahia (CHS/UFBA), pelo período estimado de 12 (doze) meses.;1518071400010410001392026;7703599;11;Diazepam;"dosagem: 10 ";Comprimido;0.05;2000;N;267197;M
692668;451481;90034;2026;REGISTRO DE PREÇOS, visando aquisições futuras de MEDICAMENTOS, para atender as demandas da Secretaria de Saúde do Município de Goioerê/PR.;7819897500016310001502026;7705535;83;Fenobarbital Sódico;Fenobarbital Sódico Dosagem: 200MG/ML, Forma Farmacêutica: Solução Injetável;Ampola 1,00 ML;5.71;150;N;300722;M
692511;986001;973;2026;"AQUISIÇÃO DE PRODUTOS FARMACOLÓGICOS SEM RP VIGENTE COM BASE NOS DOCUMENTOS DE AQUISIÇÃO EXARADOS PELO SERVIÇO DE APOIO E DIAGNÓSTICO TERAPÊUTICO DA UNIDADE. OBS: ATENTAR-SE A PORTARIA SUPTM Nº 01/2025 DE 26 DE FEVEREIRO DE2025 QUANTO A OBRIGATORIEDADE DE ABERTURA DE CONTA NO BANCO SANTANDER PARA VALORES ACIMA DE R$ 10.000,00.  ";4249873300014810016662026;7701812;3;Tramadol Cloridrato;dosagem: 50, forma farmacêutica: solução injetável TRAMADOL, CLORIDRATO 50MG/ML SOLUCAO INJETAVEL AMPOLA 2ML, CONFORME DESCRITO NO DOCUMENTO DE FORMALIZAÇÃO DE DEMANDA E TERMO DE REFERÊNCIA;Ampola;1.50;6500;N;292382;M
690345;930213;56;2026;REGISTRO DE PREÇOS PARA AQUISIÇÃO DE MEDICAMENTOS REGULAMENTADOS PELA PORTARIA Nº 344/98, PARA ATENDER A NECESSIDADE DO MUNICÍPIO DE JOÃO PESSOA DESTINADOS ÀS UNIDADES HOSPITALARES, REDE ESPECIALIZADA (POLICLÍNICAS E CAPS), SAMU, UPAS E DEMANDAS JUDICIAIS.;0871561800014010000832026;7665394;22;Diazepam;"dosagem: 10 ";Comprimido;0.05;487114;S;267197;M
690345;930213;56;2026;REGISTRO DE PREÇOS PARA AQUISIÇÃO DE MEDICAMENTOS REGULAMENTADOS PELA PORTARIA Nº 344/98, PARA ATENDER A NECESSIDADE DO MUNICÍPIO DE JOÃO PESSOA DESTINADOS ÀS UNIDADES HOSPITALARES, REDE ESPECIALIZADA (POLICLÍNICAS E CAPS), SAMU, UPAS E DEMANDAS JUDICIAIS.;0871561800014010000832026;7665392;20;Clorpromazina;"dosagem: 25 mg ";Comprimido;0.31;227424;S;267635;M
690166;160209;47;2026;Eventual aquisição de materiais farmacológicos, para o Posto Médico de Guarnição de Cascavel e Unidades diretamente subordinadas ao Comando da 15ª Brigada de Infantaria Mecanizada na Guarnição de  Cascavel.;0039445200010310148132026;7659445;23;Diazepam;dosagem: 10 Diazepam 10 mg, Comprimido;Comprimido;0.11;420;N;267197;M
683524;451164;35;2026;Medicamentos (mat. farmacológico);8025735500010810003342026;7664065;3;Clorpromazina;"dosagem: 25 mg ";Comprimido;0.34;650;N;267635;M
693206;462723;2;2026;Aquisição de insumos e medicamentos contemplados na REMUME (Relação Municipal de Medicamentos Essenciais) e insumos destinados à Assistência Especializada ao Programa de Saúde da Mulher e ao Programa IST/AIDS e Hepatites Virais, para atender às necessidades da Coordenação Municipal de Assistência Farmacêutica e Departamento de Vigilância em Saúde, conforme condições, quantidades e exigências estabelecidas neste Edital e seus anexos.;0877202000019210000182026;7712210;96;Dipirona Sódica;"dosagem: 50, apresentação: solução oral ";Frasco;4.20;13200;N;267206;M
689643;980034;10;2026;Aquisiçao de medicamentos e material médico hospitalar  para atender a Secretaria de Saúde do Municipio de Pacaraima-RR.;0161267500015410000162026;7701437;102;Dipirona Sódica;"dosagem: 500 ";Comprimido;0.42;50000;N;267203;M
689643;980034;10;2026;Aquisiçao de medicamentos e material médico hospitalar  para atender a Secretaria de Saúde do Municipio de Pacaraima-RR.;0161267500015410000162026;7701427;92;Diazepam;"dosagem: 5 ";Comprimido;0.21;5000;N;267195;M
692149;160385;43;2026;Aquisição de  materiais farmacológicos para atender as necessidades da Seção de Saúde do 3° B Com GE.;0039445200010310152332026;7697111;4;Tramadol Cloridrato;"dosagem: 50, forma farmacêutica: solução injetável ";Ampola;1.57;100;N;292382;M
691920;927056;97;2026;Aquisição de medicamentos, vacinas e outros insumos de uso veterinário;0405876600018810000032026;7694869;3;Vacina;tipo: déctupla, composição: adenovírus (2), cinomose, coronavirose, parvovírus, outros componentes: parainfluenza, componentes adicionais: leptospira diversa, forma farmacêutica: suspensão injetável, aplicação*: uso veterinário Vacina contra Cinomose (CD), hepatite (ICH), doença respiratória causada por CAV-2, parainfluenza canina causada pelo vírus da Parainfluenza, enterite causada pelo CCV e  CPV e leptospiroses. Apresentação em caixa com 25 doses.;Doses;38.23;50;N;439507;M
693206;462723;2;2026;Aquisição de insumos e medicamentos contemplados na REMUME (Relação Municipal de Medicamentos Essenciais) e insumos destinados à Assistência Especializada ao Programa de Saúde da Mulher e ao Programa IST/AIDS e Hepatites Virais, para atender às necessidades da Coordenação Municipal de Assistência Farmacêutica e Departamento de Vigilância em Saúde, conforme condições, quantidades e exigências estabelecidas neste Edital e seus anexos.;0877202000019210000182026;7712269;155;Levomepromazina;"dosagem: 40, apresentação: solução oral ";Frasco;10.06;9900;N;268130;M
692668;451481;90034;2026;REGISTRO DE PREÇOS, visando aquisições futuras de MEDICAMENTOS, para atender as demandas da Secretaria de Saúde do Município de Goioerê/PR.;7819897500016310001502026;7705506;54;Clorpromazina;Clorpromazina Dosagem: 5MG/ML, Apresentação: Solução Injetável;Ampola 5,00 ML;6.86;150;N;268069;M
692668;451481;90034;2026;REGISTRO DE PREÇOS, visando aquisições futuras de MEDICAMENTOS, para atender as demandas da Secretaria de Saúde do Município de Goioerê/PR.;7819897500016310001502026;7705513;61;Diazepam;Diazepam Dosagem: 5MG/ML, Apresentação: Solução Injetável;Ampola 2,00 ML;1.30;150;N;267194;M
692358;987225;49;2026;Pregão Eletrônico Nº 49/2026 Materiais, medicamentos e insumos veterinários;4578767800010210002382026;7699853;8;Dipirona Sódica;Dipirona Sódica, Concentração:500 MG/ML, Forma Física:Solução Injetável, Uso:Uso Veterinário Apresentação: Ampola de 1 ml - Solução Injetável;Frasco;15.24;30;N;409123;M
691718;160072;58;2026;Aquisição  de  materiais  farmacológicos,  hospitalares  e  odontológicos,  nos  termos  da  tabela  abaixo,  conforme condições e exigências estabelecidas neste instrumento:;0039445200010310151282026;7687635;125;Diazepam;"dosagem: 5 ";Comprimido;0.79;10000;N;267195;M
690166;160209;47;2026;Eventual aquisição de materiais farmacológicos, para o Posto Médico de Guarnição de Cascavel e Unidades diretamente subordinadas ao Comando da 15ª Brigada de Infantaria Mecanizada na Guarnição de  Cascavel.;0039445200010310148132026;7659482;60;Tramadol Cloridrato;dosagem: 50, forma farmacêutica: solução injetável Tramadol cloridrato 50 mg/mL, Solução injetável;Ampola;1.40;1700;N;292382;M
683743;454524;11;2026;"REGISTRO DE PREÇOS para futura e eventual contratação de empresa para fornecimento de material odontológico, atendendo as necessidades do Departamento de Saúde. ";7620566500010110001742026;7767250;6;Cloridrato De Tramadol;"concentração: 80, forma farmacêutica: comprimido, uso: uso veterinário ";Comprimido;156.00;30;N;629367;M
683524;451164;35;2026;Medicamentos (mat. farmacológico);8025735500010810003342026;7664066;4;Clorpromazina;"dosagem: 5, apresentação: solução injetável ";Ampola;2.72;2200;N;268069;M
690345;930213;56;2026;REGISTRO DE PREÇOS PARA AQUISIÇÃO DE MEDICAMENTOS REGULAMENTADOS PELA PORTARIA Nº 344/98, PARA ATENDER A NECESSIDADE DO MUNICÍPIO DE JOÃO PESSOA DESTINADOS ÀS UNIDADES HOSPITALARES, REDE ESPECIALIZADA (POLICLÍNICAS E CAPS), SAMU, UPAS E DEMANDAS JUDICIAIS.;0871561800014010000832026;7665390;18;Clorpromazina;"dosagem: 100 ";Comprimido;0.38;250582;S;267638;M
676406;120641;90020;2026;Aquisição de material Farmacológico;0039442900010010014912026;7442509;28;Dipirona sódica;Dipirona Sódica Dosagem: 500 MG;Comprimido;0.29;2000;N;267203;M
677187;925462;92;2026;"Aquisição de medicamentos diversos e correlatos ";5017627000012610000482026;7451136;26;Dipirona Sódica;dosagem: 500 Dipirona sódica 500mg cx c/ 30cp ou cápsula - Observar as ESPECIFICAÇÕES TÉCNICAS  estipuladas no edital, ANEXO I;Comprimido;13.04;8;N;267203;M
687742;160435;66;2026;A contratação pretendida tem como objetivo principal assegurar o fornecimento contínuo e adequado de medicamentos, materiais médicos e odontológicos, garantindo condições ideais para o atendimento integral à saúde dos beneficiários. Busca-se, com isso, alcançar maior eficiência nos serviços prestados, reduzir riscos assistenciais, promover a qualidade do atendimento e assegurar a observância dos princípios da administração pública.;0039445200010310143862026;7619906;90;Dipirona Sódica;"dosagem: 500, apresentação: solução injetável ";Ampola;0.52;950;N;268252;M
686394;90126;66;2026;Aquisição Medicamentos ( Vacinas ) para atender demandas judiciais.;4637450000019410057932026;7598154;1;Vacina;"composição 1: extrato alérgeno de insetos, tipo 1: não padronizado, forma farmacêutica 1: injetável ";Frasco-Ampola;5758.00;2;N;483359;M
684858;927538;4;2026;Aquisição de medicamentos e insumos para reposição dos estoques do Centro de Abastecimento Farmacêutico - CAF;0353266100015610000562026;7574316;85;Clorpromazina;"dosagem: 100 ";Comprimido;0.35;32000;N;267638;M
688718;989981;5;2026;"Aquisição de insumos e equipamentos para realização de exames de brucelose e tuberculose para o Departamento Municipal de Agricultura Pecuária e Meio Ambiente, em disposto ao Programa Municipal de Controle e Erradicação de Brucelose e Tuberculose, no âmbito da Lei Municipal n° 990/23, conforme condições e exigências estabelecidas neste instrumento. ";9558544400014210000872026;7636382;4;Vacina;aplicação*: uso veterinário, componentes adicionais: panleucopenia felinas, rinotraqueíte, composição: leucemia felina, forma farmacêutica: pó liófilo p/ injetável + diluente, outros componentes: calcivirose, chlamydia psittaci, tipo: viva Antígeno Acidificado Tamponado 160 Doses;Frasco-Ampola;256.33;8;N;634474;M
689643;980034;10;2026;Aquisiçao de medicamentos e material médico hospitalar  para atender a Secretaria de Saúde do Municipio de Pacaraima-RR.;0161267500015410000162026;7701544;209;Prometazina Cloridrato;"dosagem: 25 ";Comprimido;0.51;5000;N;267768;M
689643;980034;10;2026;Aquisiçao de medicamentos e material médico hospitalar  para atender a Secretaria de Saúde do Municipio de Pacaraima-RR.;0161267500015410000162026;7701438;103;Dipirona Sódica;"dosagem: 500, apresentação: solução injetável ";Ampola;1.26;1000;N;268252;M
689643;980034;10;2026;Aquisiçao de medicamentos e material médico hospitalar  para atender a Secretaria de Saúde do Municipio de Pacaraima-RR.;0161267500015410000162026;7701426;91;Diazepam;"dosagem: 10 ";Comprimido;0.37;5000;N;267197;M
676406;120641;90020;2026;Aquisição de material Farmacológico;0039442900010010014912026;7442511;30;Dipirona sódica;Dipirona Sódica Dosagem: 500 MG/ML, Apresentação: Solução Injetável;Ampola 2,00 ML;1.86;1600;N;268252;M
689069;135039;15;2026;Aquisição de Medicamento de Uso Veterinário para Embrapa Cerrados;0034800300011010006012026;7640835;38;Vacina;composição: pneumocócica 20-valente, forma farmaceutica: suspensão injetável, tipo: conjugada Vacina contra clostridioses polivalente (Carbúnculo, Botulismo, Morte Súbita dos Ruminantes, Gangrena, Enterotoxemia e Hepatite Necrótica, etc.) LOCAL DE ENTREGA: Almoxarifado da Embrapa Cerrados - CPAC, das 08h às 11h e das 13h às 16;Doses;97.77;10;S;629395;M
683524;451164;35;2026;Medicamentos (mat. farmacológico);8025735500010810003342026;7664077;15;Levomepromazina;"dosagem: 25 ";Comprimido;0.59;160;N;268128;M
690008;180185;42;2026;Aquisição de medicamentos UIS - CPA/M1;4637780000012710031512026;7656335;56;Dipirona Sódica;"dosagem: 500, apresentação: solução injetável ";Ampola;1.05;50;N;268252;M
689338;155022;74;2026;"MEDICAMENTOS CONTROLADOS, COM FORNECIMENTO DE EQUIPAMENTO EM REGIME DE COMODATO PARA O GRUPO ÚNICO (ITENS 1 E 2) ";1512643700030510028302026;7645662;18;Fenobarbital Sódico;"dosagem: 40, forma farmacêutica: solução oral - gotas ";Frasco;5.71;100;S;300723;M
689952;925980;23;2026;Aquisição de medicamentos, materiais médicos, materiais para atendimento pré-hospitalar (APH), materiais de limpeza hospitalar e equipamento de proteção individual (EPI);0505496000015810000432026;7655792;134;Diazepam;dosagem: 5, apresentação: solução injetável Diazepan 5mg/ml – Solução Injetável – Ampola com 2ml;Ampola;2.62;100;N;267194;M
688613;925302;27;2026;PE 124/2026 Registro de preços para aquisição de medicamentos sedativos, ansiolíticos e analgésicos opióides;0876114000019410002262026;7635319;37;Tramadol Cloridrato;"dosagem: 50, forma farmacêutica: solução oral- gotas ";Ampola;0.93;76300;N;292379;M
677509;180176;91006;2026;Aquisição de materiais para a Unidade Integrada de Saúde da ESSd.;4637780000012710027832026;7454965;106;Dipirona Sódica;Dipirona Sódica Concentração: 1G;"Comprimido  ";1.40;500;N;410023;M
677466;985917;90018;2026;Aquisição futura e eventual de medicamentos e suplementos em atendimento a Farmácia Básica, para atender às demandas da Secretaria Municipal de Saúde.;2911544100011010000342026;7453554;58;Clorpromazina;Clorpromazina Dosagem: 100MG;Comprimido;0.65;25000;N;267638;M
677557;987481;16;2026;Registro de Preço para aquisição de MEDICAMENTOS padronizados na Relação Municipal de Medicamentos Essenciais (REMUME) de 2025 do município de Campo Largo, destinados às Unidades Básicas de Saúde – UBS, Unidade de Pronto Atendimento – UPA, Serviço de Atendimento Móvel de Urgência – SAMU, Serviço Integrado de Atendimento ao Trauma em Emergência – SIATE, Núcleo Integrado de Saúde – NIS II, Centro de Atenção Psicossocial – CAPS e outros setores da SMS;7610561800018810003772026;7456128;24;Diazepam;"dosagem: 5 ";Comprimido;0.04;250000;S;267195;M
685671;987775;2;2026;REGISTRO DE PREÇOS para futura e eventual aquisição, de forma parcelada, de medicamentos, materiais médicos e de enfermagem, materiais de consumo e equipamentos, destinados às ações de promoção, prevenção e recuperação da saúde desenvolvidas pela Secretaria Municipal de Saúde, bem como para atendimento e dispensação nas Unidades de Saúde do Município de Planalto - PR.;7646052600011610001042026;7586211;47;Levomepromazina;"dosagem: 100 ";Comprimido;0.50;5000;N;268129;M
685671;987775;2;2026;REGISTRO DE PREÇOS para futura e eventual aquisição, de forma parcelada, de medicamentos, materiais médicos e de enfermagem, materiais de consumo e equipamentos, destinados às ações de promoção, prevenção e recuperação da saúde desenvolvidas pela Secretaria Municipal de Saúde, bem como para atendimento e dispensação nas Unidades de Saúde do Município de Planalto - PR.;7646052600011610001042026;7586201;37;Fenobarbital Sódico;"dosagem: 200, forma farmacêutica: solução injetável ";Ampola;2.29;100;N;300722;M
678609;135017;3;2026;Registro de preços para aquisição futura de adubos, fitossanitários, alimentos para animais e materiais e medicamentos de uso veterinário.;0034800300011010004752026;7509416;102;Vacina;tipo: inativada, outros componentes: coronavírus, c. perfringens (c) ,e. coli, componentes adicionais: rotavírus, forma farmacêutica: suspensão injetável, aplicação*: uso veterinário Devido a inconsistências nos CATMATs, a descrição completa do item  encontra-se no Anexo I - Termo de Referência do Edital. Pedimos que seja observada atentamente, visando a formalização da Proposta mais vantajosa para a Administração.;Doses;9.43;1500;S;439560;M
681245;927052;21;2026;Aquisição de medicamentos (anestésicos, sedativos, drogas vasoativas, antimicrobianos entre outros).;0824175401045010000182026;7509611;41;Tramadol Cloridrato;dosagem: 50, forma farmacêutica: solução injetável *TRAMADOL, cloridrato (injetável) 2 mL (50 mg/mL);Ampola;1.58;7200;N;292382;M
687126;160478;97;2026;Aquisição de medicamentos para equinos, para atender a necessidade do 13° Rc Mec;0039445200010310142562026;7611337;5;Vacina;"tipo: inativada, composição: l. canicola,l. grippotyphosa,l.icterohaemorrhagiae, outros componentes: l. hardjo,  l. pomona, l. wolffi, forma farmacêutica: suspensão injetável, aplicação*: uso veterinário ";Doses;42.37;1;N;439549;M
676421;155015;90008;2026;Aquisição de medicamentos de uso geral, a fim de atender às necessidades da Maternidade Escola Januário Cicco (MEJC/UFRN), Unidade Gestora (UG) 155015, pertencente à Rede da Empresa Brasileira de Serviços Hospitalares (Rede Ebserh), por um período de 12 (doze) meses.;1512643700030510023962026;7443002;140;Dipirona Sódica;Dipirona Sódica Dosagem: 500MG/ML, Apresentação: Solução Injetável;Ampola 2,00 ML;0.63;57600;S;268252;M
681287;926850;69;2026;Registro de preços para futura e eventual aquisição de medicamentos para suprir as necessidades da Secretaria Municipal de Saúde/PMVR no atendimento da Rede de Atenção Básica de Saúde de Volta Redonda, incluindo Farmácia Municipal, Postos de Saúde e demais unidades de atendimento que necessitam de medicamentos do Componente Básico da Assistência Farmacêutica (Portaria nº 1.555/GM/MS e suas atualizações).;3956391100016210001422026;7509953;34;Clorpromazina;concentração: 40, forma farmaceutica: solução oral - gotas CLORPROMAZINA, CLORIDRATO 40 MG/ML SOLUÇÃO ORAL 20 ML;Frasco;0.49;230;N;340207;M
678609;135017;3;2026;Registro de preços para aquisição futura de adubos, fitossanitários, alimentos para animais e materiais e medicamentos de uso veterinário.;0034800300011010004752026;7509417;103;Vacina;tipo: viva atenuada, outros componentes: b. abortus (cepa rb-51), forma farmacêutica: suspensão injetável, aplicação*: uso veterinário Devido a inconsistências nos CATMATs, a descrição completa do item  encontra-se no Anexo I - Termo de Referência do Edital. Pedimos que seja observada atentamente, visando a formalização da Proposta mais vantajosa para a Administração.;Frasco;96.00;20;S;440668;M
678609;135017;3;2026;Registro de preços para aquisição futura de adubos, fitossanitários, alimentos para animais e materiais e medicamentos de uso veterinário.;0034800300011010004752026;7469714;99;Vacina;tipo: inativada e adsorvida, composição: vírus da influenza eqüina (cepas variadas), outros componentes: herpes vírus eqüino, forma farmacêutica: suspensão injetável, aplicação*: uso veterinário Devido a inconsistências nos CATMATs, a descrição completa do item  encontra-se no Anexo I - Termo de Referência do Edital. Pedimos que seja observada atentamente, visando a formalização da Proposta mais vantajosa para a Administração.;Doses;53.45;80;S;439543;M
676406;120641;90020;2026;Aquisição de material Farmacológico;0039442900010010014912026;7442510;29;Dipirona sódica;Dipirona Sódica Dosagem: 500 MG/ML, Apresentação: Solução Oral (Gotas);Frasco 20,00 ML;5.90;50;N;267205;M
676406;120641;90020;2026;Aquisição de material Farmacológico;0039442900010010014912026;7442559;78;Tramadol cloridrato;Tramadol Cloridrato Dosagem: 50 MG/ML, Forma Farmacêutica: Solução Injetável;Ampola 2,00 ML;3.28;200;N;292382;M
676421;155015;90008;2026;Aquisição de medicamentos de uso geral, a fim de atender às necessidades da Maternidade Escola Januário Cicco (MEJC/UFRN), Unidade Gestora (UG) 155015, pertencente à Rede da Empresa Brasileira de Serviços Hospitalares (Rede Ebserh), por um período de 12 (doze) meses.;1512643700030510023962026;7443001;139;Dipirona Sódica;Dipirona Sódica Dosagem: 500MG/ML, Apresentação: Solução Injetável;Ampola 2,00 ML;0.72;130600;S;268252;M
676421;155015;90008;2026;Aquisição de medicamentos de uso geral, a fim de atender às necessidades da Maternidade Escola Januário Cicco (MEJC/UFRN), Unidade Gestora (UG) 155015, pertencente à Rede da Empresa Brasileira de Serviços Hospitalares (Rede Ebserh), por um período de 12 (doze) meses.;1512643700030510023962026;7442990;128;Diazepam;Diazepam Dosagem: 5MG/ML, Apresentação: Solução Injetável;Ampola 2,00 ML;1.27;300;S;267194;M
689158;986219;49;2026;AQUISIÇÃO ANUAL DE MEDICAMENTOS PARA ATENDIMENTO ÀS UNIDADES DA SECRETARIA MUNICIPAL DE SAÚDE DE BAURU, DEVIDAMENTE ESPECIFICADOS NO ANEXO I DO EDITAL, ATRAVÉS DO SISTEMA DE REGISTRO DE PREÇOS;4613741000018010004962026;7642150;7;Clorpromazina;"dosagem: 25 mg ";Comprimido;0.29;300000;N;267635;M
688317;980745;3;2026;Aquisição de Medicamentos Controlados (Psicotrópicos), de interesse da Secretaria de Saúde do Município de Cajapió/MA.;0605426600010110000172026;7629043;29;Fenobarbital Sódico;"dosagem: 40, forma farmacêutica: solução oral - gotas ";Frasco;40.56;50;N;300723;M
676406;120641;90020;2026;Aquisição de material Farmacológico;0039442900010010014912026;7442515;34;Diazepam;Diazepam Dosagem: 5 MG/ML, Apresentação: Solução Injetável;Ampola 2,00 ML;2.43;150;N;267194;M
676421;155015;90008;2026;Aquisição de medicamentos de uso geral, a fim de atender às necessidades da Maternidade Escola Januário Cicco (MEJC/UFRN), Unidade Gestora (UG) 155015, pertencente à Rede da Empresa Brasileira de Serviços Hospitalares (Rede Ebserh), por um período de 12 (doze) meses.;1512643700030510023962026;7443015;153;Fenobarbital Sódico;Fenobarbital Sódico Dosagem: 100MG/ML, Forma Farmacêutica: Solução Injetável;Ampola 2,00 ML;2.43;6000;S;300725;M
676421;155015;90008;2026;Aquisição de medicamentos de uso geral, a fim de atender às necessidades da Maternidade Escola Januário Cicco (MEJC/UFRN), Unidade Gestora (UG) 155015, pertencente à Rede da Empresa Brasileira de Serviços Hospitalares (Rede Ebserh), por um período de 12 (doze) meses.;1512643700030510023962026;7443016;154;Fenobarbital sódico;Fenobarbital Sódico Dosagem: 100MG;Comprimido;0.50;1490;S;267660;M
676421;155015;90008;2026;Aquisição de medicamentos de uso geral, a fim de atender às necessidades da Maternidade Escola Januário Cicco (MEJC/UFRN), Unidade Gestora (UG) 155015, pertencente à Rede da Empresa Brasileira de Serviços Hospitalares (Rede Ebserh), por um período de 12 (doze) meses.;1512643700030510023962026;7442970;108;Prometazina Cloridrato;Prometazina Cloridrato Dosagem: 25MG/ML, Apresentação: Solução Injetável;Ampola 2,00 ML;3.32;1000;S;267769;M
676421;155015;90008;2026;Aquisição de medicamentos de uso geral, a fim de atender às necessidades da Maternidade Escola Januário Cicco (MEJC/UFRN), Unidade Gestora (UG) 155015, pertencente à Rede da Empresa Brasileira de Serviços Hospitalares (Rede Ebserh), por um período de 12 (doze) meses.;1512643700030510023962026;7442976;114;Tramadol Cloridrato;Tramadol Cloridrato Dosagem: 50MG/ML, Forma Farmacêutica: Solução Injetável;Ampola 2,00 ML;1.25;6100;S;292382;M
677187;925462;92;2026;"Aquisição de medicamentos diversos e correlatos ";5017627000012610000482026;7451135;25;Dipirona Sódica;dosagem: 500, apresentação: solução oral (gotas) Dipirona sódica 500mg/ml fr c/ 20ml - Observar as ESPECIFICAÇÕES TÉCNICAS  estipuladas no edital, ANEXO I;Frasco;8.39;4;N;267205;M
678537;981645;90020;2026;"Contratação de Pessoa Jurídica visando o fornecimento de medicamentos psicotrópicos em atendimento as necessidades da Secretaria Municipal de Saúde do Município de Caraúbas/RN. ";0834910200012910000992026;7467046;26;Diazepam;Diazepam Dosagem: 5 MG;Comprimido;0.13;10000;N;267195;M
678537;981645;90020;2026;"Contratação de Pessoa Jurídica visando o fornecimento de medicamentos psicotrópicos em atendimento as necessidades da Secretaria Municipal de Saúde do Município de Caraúbas/RN. ";0834910200012910000992026;7467041;21;Clorpromazina;Clorpromazina Dosagem: 100 MG;Comprimido;0.50;40000;N;267638;M
678747;160034;51;2026;Aquisição de insumos veterináriosaquisição de aquisição de material de consumo referentes às medidas anuais profiláticas para cães do exército e materiais médico-hospitalares para o 6º Batalhão de Polícia do Exército;0039445200010310127492026;7470917;3;Vacina;"tipo: inativada, outros componentes: b. bronchiseptica, forma farmacêutica: suspensão injetável, aplicação*: uso veterinário ";Doses;50.00;15;N;439562;M
678537;981645;90020;2026;"Contratação de Pessoa Jurídica visando o fornecimento de medicamentos psicotrópicos em atendimento as necessidades da Secretaria Municipal de Saúde do Município de Caraúbas/RN. ";0834910200012910000992026;7467045;25;Diazepam;Diazepam Dosagem: 10 MG;Comprimido;0.12;40000;N;267197;M
679478;160222;105;2026;Aquisição de alimentação e fármacos ( remédios e vacinas) para os cães da Seção de Cães de Guerra da 2ª Companhia do 5° Batalhão de Suprimento.;0039445200010310128502026;7480240;14;Dipirona Sódica;"composição: associada com escopolamina butilbrometo, concentração: 500 mg + 4, forma física: solução injetável, uso: uso veterinário ";Frasco;55.20;7;N;412380;M
678915;380193;59;2026;Aquisição futura e eventual de medicamentos padronizados.;9629114100018010042442026;7472461;4;Levomepromazina;"dosagem: 25 ";Comprimido;0.48;2051261;N;268128;M
683053;160324;26;2026;Aquisição de insumos para a Divisão Técnica e Divisão de Ensino e Pesquisa do Instituto de Biologia do Exército, nos termos da tabela anexa ao termo de referência.;0039445200010310134072026;7542211;299;Vacina;"composição: hepatite a, tipo: inativada, forma farmaceutica: suspensão injetável ";Frasco-Ampola;206.50;70;N;443622;M
681532;926873;90003;2026;"Registro de preços para futura e eventual aquisição de medicamentos para tratamento dos sintomas das arboviroses, tendo como principais a dengue, chikungunya, Zika e febre do Oropouche, bem como testes rápidos para diagnóstico de dengue, chikungunya e Zika em apoio aos entes integrantes do Consórcio Interestadual de Desenvolvimento do Brasil Central - BrC ";2379116900010210000062026;7515439;20;Tramadol cloridrato;Tramadol Cloridrato Dosagem: 50MG;Cápsula;0.15;218686;S;268534;M
679159;928285;38;2026;PE 71.2026 - Registro de preços para aquisição de medicamentos;1481413900018310001082026;7475639;40;Tramadol Cloridrato;"dosagem: 50 ";Cápsula;0.14;7000;N;268534;M
678537;981645;90020;2026;"Contratação de Pessoa Jurídica visando o fornecimento de medicamentos psicotrópicos em atendimento as necessidades da Secretaria Municipal de Saúde do Município de Caraúbas/RN. ";0834910200012910000992026;7467059;39;Levomepromazina;Levomepromazina Dosagem: 100 MG;Comprimido;1.52;30000;N;268129;M
677187;925462;92;2026;"Aquisição de medicamentos diversos e correlatos ";5017627000012610000482026;7451125;15;Prometazina Cloridrato;dosagem: 25, apresentação: solução injetável Cloridrato de prometazina 25mg/ml amp c/ 2ml - Observar as ESPECIFICAÇÕES TÉCNICAS  estipuladas no edital, ANEXO I;Ampola;6.07;5;N;267769;M
683418;983677;3;2026;AQUISIÇÃO PARA O FORNECIMENTO PARCELADO E CONTÍNUO DE MEDICAMENTOS, PARA ATENDER ÀS NECESSIDADES DAS SEGUINTES UNIDADES DE SAÚDE DO MUNICÍPIO DE LAJE.;1382549200010410000862026;7548866;38;Clorpromazina;Clorpromazina, Dosagem:25 Mg Itens Hospitalares;Comprimido;0.32;5000;N;267635;M
683524;451164;35;2026;Medicamentos (mat. farmacológico);8025735500010810003342026;7550332;37;Tramadol Cloridrato;"dosagem: 100 ";Comprimido;4.47;2500;N;309441;M
683418;983677;3;2026;AQUISIÇÃO PARA O FORNECIMENTO PARCELADO E CONTÍNUO DE MEDICAMENTOS, PARA ATENDER ÀS NECESSIDADES DAS SEGUINTES UNIDADES DE SAÚDE DO MUNICÍPIO DE LAJE.;1382549200010410000862026;7548897;69;Prometazina Cloridrato;Prometazina Cloridrato, Dosagem:25 MG Itens Hospitalares;Comprimido;0.14;130000;N;267768;M
682465;988841;61;2026;RP - Medicamentos;8848836600010010002542026;7531652;39;Fenobarbital Sódico;"dosagem: 40, forma farmacêutica: solução oral - gotas ";Frasco;4.56;4000;N;300723;M
677698;988561;4;2026;Aquisição de medicamentos para suprimento da Assistência Farmacêutica e da UPA do município de Cachoeirinha por aproximadamente 12 (doze) meses. Conforme especificações constantes neste edital e seus anexos.;8799080000018510002212026;7456984;7;Fenobarbital Sódico;"dosagem: 100, forma farmacêutica: solução injetável ";Ampola;2.98;50;S;300725;M
681166;160111;147;2026;Medicamento veterinário para equinos Vacina Tipo: Inativada Composição: Vírus Da Influenza Eqüina (Cepas Variadas) Outros Componentes: Vírus Encefalomielite Eqüina (Leste e Oeste) Componentes Adicionais: Herpes Vírus Equino (Tipo 1 e 4) Toxoide Tetânico , Forma Farmacêutica: Suspensão Injetável , Aplicação*: Uso Veterinário;0039445200010310131642026;7508623;1;Vacina;aplicação*: uso veterinário, componentes adicionais: herpes vírus equino (tipo 1 e 4), toxoide tetânico, composição: vírus da influenza eqüina (cepas variadas), forma farmacêutica: suspensão injetável, outros componentes: vírus encefalomielite eqüina (leste e oeste), tipo: inativada qualquer divergência, considera-se a descrição do Termo de Referência.;Frasco-Ampola;89.00;10;N;462470;M
683524;451164;35;2026;Medicamentos (mat. farmacológico);8025735500010810003342026;7550302;7;Fenobarbital Sódico;"dosagem: 40, forma farmacêutica: solução oral - gotas ";Frasco;5.65;80;N;300723;M
683370;90181;98;2026;Aquisição de Fexofenadina, Imunoglobulina Antitimócito, Fenobarbital e Gliconato de Zinco;4637450000019410055752026;7548342;3;Fenobarbital Sódico;"dosagem: 40, forma farmacêutica: solução oral - gotas ";Frasco;9.30;35;S;300723;M
683446;982853;22;2026;AQUISIÇÃO DE MEDICAMENTOS CONTROLADOS;1220016800012010001392026;7549412;1;Levomepromazina;"dosagem: 40, apresentação: solução oral ";Frasco;13.34;600;N;268130;M
677466;985917;90018;2026;Aquisição futura e eventual de medicamentos e suplementos em atendimento a Farmácia Básica, para atender às demandas da Secretaria Municipal de Saúde.;2911544100011010000342026;7453584;88;Fenobarbital Sódico;Fenobarbital Sódico Dosagem: 40MG/ML, Forma Farmacêutica: Solução Oral - Gotas;Frasco 20,00 ML;6.59;5000;N;300723;M
676992;926150;90323;2026;A presente licitação tem como objeto a formação de Ata de Registro de Preços para o fornecimento eventual de Medicamentos Controlados e Outros, conforme especificações e quantitativos previstos no Termo de Referência (Anexo I), visando atender as necessidades dos hospitais e estabelecimentos vinculados à Secretaria Estadual de Saúde de Pernambuco.;1057202200018010003912026;7448444;23;Fenobarbital sódico;Fenobarbital Sódico Dosagem: 100MG;Comprimido;0.22;1220;N;267660;M
677466;985917;90018;2026;Aquisição futura e eventual de medicamentos e suplementos em atendimento a Farmácia Básica, para atender às demandas da Secretaria Municipal de Saúde.;2911544100011010000342026;7453577;81;Dipirona Sódica;Dipirona Sódica Dosagem: 500MG/ML, Apresentação: Solução Oral (Gotas);Frasco 20,00 ML;2.92;15000;N;267205;M
681287;926850;69;2026;Registro de preços para futura e eventual aquisição de medicamentos para suprir as necessidades da Secretaria Municipal de Saúde/PMVR no atendimento da Rede de Atenção Básica de Saúde de Volta Redonda, incluindo Farmácia Municipal, Postos de Saúde e demais unidades de atendimento que necessitam de medicamentos do Componente Básico da Assistência Farmacêutica (Portaria nº 1.555/GM/MS e suas atualizações).;3956391100016210001422026;7509972;53;Fenobarbital Sódico;dosagem: 40, forma farmacêutica: solução oral - gotas FENOBARBITAL 40 MG/ML SOLUÇÃO ORAL 20 ML;Frasco;6.87;360;N;300723;M
678609;135017;3;2026;Registro de preços para aquisição futura de adubos, fitossanitários, alimentos para animais e materiais e medicamentos de uso veterinário.;0034800300011010004752026;7483485;101;Vacina;tipo: inativada e adsorvida, composição: c. chauvoei, toxoides de c. novyi, outros componentes: c. perfringens (b,c,d), septicum, sordelli, tetani, componentes adicionais: c. botulinum (c, d), forma farmacêutica: suspensão injetável, aplicação*: uso veterinário Devido a inconsistências nos CATMATs, a descrição completa do item  encontra-se no Anexo I - Termo de Referência do Edital. Pedimos que seja observada atentamente, visando a formalização da Proposta mais vantajosa para a Administração.;Doses;3.74;3500;S;439534;M
680043;160478;93;2026;- AzitromicinaDosagem:500mg, - Amoxicilina Princípio Ativo:Associada Com Clavulanato De Potássio, Concentração:875mg +125mg - Peróxido De Hidrogênio (Água Oxigenada)Tipo:10 Volumes - Budesonida Concentração:200 mcg, Forma Farmacêutica:Cápsula PóInalante, Característica Adicional:Refil - Clonazepam Dosagem:0,5mg - Ceftriaxona AspectoFísico:Pó Cristalino Esbranquiçado À Amarelado Laranja - Domperidona Dosagem:10Mg - Flurbiprofeno Concentração:8,75mg - Bisacodil Dosagem:05mg - LoperamidaCloridrato Concentração:2mg - Midazolam Dosagem: 5 mg/ml, Aplicação: Injetável - Bicarbonato De Sódio Composição: Associado Com Ácido Cítrico E Carbonato De Sódio, Concentração: 2,15 g + 2,15 g + 0,50g, Forma Farmacêutica: Pó Efervescente - Moldeira Odontológica Material: Alumínio, Tipo: P/ Moldagem, Modelo: Parcial Perfurada - Cimento Odontológico Tipo: Endodôntico, Composição: À Base De Resina Epóxica, Aspecto Físico: Pasta + Pasta, Apresentação: Conjunto Completo Referência: AH Plus (Dentsply), Sealer Plus (MK Life) ou similar. - Solução Limpeza Composição Básica: Ácido Fosfórico a 13,6%, Álcool Isopropílico, Características Adicionais: Concentrada Referência: Sugclean (DFL), Oximax (Rioquímica) ou similar. - Ringer Composição: Associado Com Lactato De Sódio, Forma Farmacêutica: Solução Injetável, Característica Adicional: Sistema Fechado  - Cateter Periférico Material Cateter: Polímero Radiopaco, Aplicação: Venoso, Material Agulha: Agulha Aço Inox, Diametro: 14 GAU, Comprimento: Cerca 50 MM, Tipo Uso: Estéril, Descartável, Embalagem Individual - Babador Odontológico Material: Papel Absorvente e Plástico, Tipo Uso: Descartável - Ciclobenzaprina Cloridrato Dosagem: 10 Mg - Fita Adesiva Uso Cutâneo Tipo: Esparadrapo, Material Dorso: 100% Algodão Esterilidade: Não Estéril - Diclofenaco Composição: Sal Dietilamônio, Concentração: 10 MG /G, Forma Farmacêutica: Gel - Diazepam Dosagem: 5 Mg - Acessório Para Aparelho De Radiografia Raio X Tipo: Posicionador para sensor digital, Material: Plástico, Uso: Periapical, Esterilidade: Autoclaváv;0039445200010310129412026;7489037;22;Diazepam;"dosagem: 5 ";Comprimido;0.62;60;N;267195;M
678893;456546;100;2026;Medicamentos de Controle Especial (Port. 344/98);0829318500018110000242026;7472546;5;Clorpromazina;dosagem: 5, apresentação: solução injetável CLORPROMAZINA, CLORIDRATO 5 MG/ML SOLUÇÃO INJETÁVEL 5 ML;Ampola;3.39;300;S;268069;M
678747;160034;51;2026;Aquisição de insumos veterináriosaquisição de aquisição de material de consumo referentes às medidas anuais profiláticas para cães do exército e materiais médico-hospitalares para o 6º Batalhão de Polícia do Exército;0039445200010310127492026;7470916;2;Vacina;"tipo: inativada, composição: vírus rábico, cepa pv, forma farmacêutica: suspensão injetável, aplicação*: uso veterinário ";Doses;37.95;30;N;439541;M
678537;981645;90020;2026;"Contratação de Pessoa Jurídica visando o fornecimento de medicamentos psicotrópicos em atendimento as necessidades da Secretaria Municipal de Saúde do Município de Caraúbas/RN. ";0834910200012910000992026;7467060;40;Levomepromazina;Levomepromazina Dosagem: 25 MG;Comprimido;1.02;24000;N;268128;M
680085;90175;40;2026;Aquisição de Medicamentos- Baclofeno 10mg, Comprimido e Outros;4637450000019410054412026;7489689;3;Dipirona Sódica;"dosagem: 500, apresentação: solução injetável ";Ampola;3.01;1200;N;268252;M
683015;155906;7;2026;Aquisição de Medicamentos Cardiovasculares, Antiinflamatórios, Anestésicos, SNC e contraste por meio de Registro de Preços, a fim de atender às necessidades da Maternidade Climério de Oliveira (MCO/ UFBA), do Hospital Universitário Prof. Alberto Antunes (HUPAA-UFAL) e do Hospital Universitário Prof. Edgard Santos (HUPES/UFBA), integrantes da Rede HU Brasil, pelo período de 12 (doze) meses.;1512643700030510026252026;7540392;36;Diazepam;Diazepam, Dosagem:5 MG/ML, Apresentação:Solução Injetável 5 mg/mL solução injetável;Ampola;0.85;3650;S;267194;M
683524;451164;35;2026;Medicamentos (mat. farmacológico);8025735500010810003342026;7550299;4;Clorpromazina;"dosagem: 5, apresentação: solução injetável ";Ampola;2.72;2200;N;268069;M
679956;984643;2;2026;Aquisição eventual e parcelada através do Sistema de Registro de Preço (SRP) de Materiais de consumo para o Laboratório de Análises Clínicas Municipal.;1831301500017510000472026;7487873;62;Diluente De Vacina;composição: cloreto de sódio, fenolato, concentração: até 0,9%, forma farmacêutica: solução injetável, esterilidade: estéril DS DILUENTE 20L MARCA DE REFERENCIA: MINDRAY, BIOCLIN, XKIVD. DEVE SER COMPATIVEL COM ANALISADOR DE HEMATOLOGIA HMG51 (RAYTO LIFE AND ANALYTICAL SCIENCES CO., LTDA);Litro;218.32;20;N;624425;M
678609;135017;3;2026;Registro de preços para aquisição futura de adubos, fitossanitários, alimentos para animais e materiais e medicamentos de uso veterinário.;0034800300011010004752026;7483487;103;Vacina;tipo: viva atenuada, outros componentes: b. abortus (cepa rb-51), forma farmacêutica: suspensão injetável, aplicação*: uso veterinário Devido a inconsistências nos CATMATs, a descrição completa do item  encontra-se no Anexo I - Termo de Referência do Edital. Pedimos que seja observada atentamente, visando a formalização da Proposta mais vantajosa para a Administração.;Frasco;96.00;20;S;440668;M
677758;925550;350;2026;"A presente contratação tem por objeto a aquisição de medicamentos destinados ao cumprimento de decisões judiciais proferidas em face do Estado do Rio Grande do Norte, observadas as especificações técnicas, quantitativos e demais condições constantes neste Termo de Referência e no Estudo Técnico Preliminar ID 41287836. ";0824175400014510001752026;7458224;16;Levomepromazina;dosagem: 25 Havendo divergência o descritivo do Sistema Comprasnet e o Edital prevalece o Edital.;Comprimido;0.60;414;S;268128;M
678609;135017;3;2026;Registro de preços para aquisição futura de adubos, fitossanitários, alimentos para animais e materiais e medicamentos de uso veterinário.;0034800300011010004752026;7509412;98;Vacina;tipo: inativada, composição: vírus da influenza eqüina (cepas variadas), outros componentes: vírus encefalomielite eqüina (leste e oeste), componentes adicionais: herpes vírus equino (tipo 1 e 4), toxoide tetânico, forma farmacêutica: suspensão injetável, aplicação*: uso veterinário Devido a inconsistências nos CATMATs, a descrição completa do item  encontra-se no Anexo I - Termo de Referência do Edital. Pedimos que seja observada atentamente, visando a formalização da Proposta mais vantajosa para a Administração.;Doses;82.26;80;S;462470;M
678609;135017;3;2026;Registro de preços para aquisição futura de adubos, fitossanitários, alimentos para animais e materiais e medicamentos de uso veterinário.;0034800300011010004752026;7509411;97;Vacina;"tipo: inativada, composição: vírus rábico, cepa pv, forma farmacêutica: suspensão injetável, aplicação*: uso veterinário ";Doses;3.05;7000;S;439541;M
681287;926850;69;2026;Registro de preços para futura e eventual aquisição de medicamentos para suprir as necessidades da Secretaria Municipal de Saúde/PMVR no atendimento da Rede de Atenção Básica de Saúde de Volta Redonda, incluindo Farmácia Municipal, Postos de Saúde e demais unidades de atendimento que necessitam de medicamentos do Componente Básico da Assistência Farmacêutica (Portaria nº 1.555/GM/MS e suas atualizações).;3956391100016210001422026;7509961;42;Dipirona Sódica;dosagem: 500, apresentação: solução injetável DIPIRONA SÓDICA SOLUÇÃO INJETÁVEL IM/IV 500MG/ML AMPOLA 2ML;Ampola;0.15;153230;N;268252;M
683740;90126;59;2026;Aquisição de Medicamento em Cumprimento de Determinação Judicial;4637450000019410056132026;7554485;1;Levomepromazina;"dosagem: 100 ";Comprimido;1.01;360;S;268129;M
676421;155015;90008;2026;Aquisição de medicamentos de uso geral, a fim de atender às necessidades da Maternidade Escola Januário Cicco (MEJC/UFRN), Unidade Gestora (UG) 155015, pertencente à Rede da Empresa Brasileira de Serviços Hospitalares (Rede Ebserh), por um período de 12 (doze) meses.;1512643700030510023962026;7443017;155;Fenobarbital Sódico;Fenobarbital Sódico Dosagem: 40MG/ML, Forma Farmacêutica: Solução Oral - Gotas;Frasco 20,00 ML;6.64;206;S;300723;M
682299;160399;161;2026;Processo de Pregão Eletrônico de substituição dos itens do pregão 90005/2025 e repetição dos itens desertos/fracassados do pregão 90036/2025 - materiais e medicamentos onco hematológicos;0039445200010310133092026;7527467;99;Vacina;"composição: bcg, forma farmaceutica: pó liófilo p/ injetável + diluente ";Frasco-Ampola;465.86;100;N;453044;M
681287;926850;69;2026;Registro de preços para futura e eventual aquisição de medicamentos para suprir as necessidades da Secretaria Municipal de Saúde/PMVR no atendimento da Rede de Atenção Básica de Saúde de Volta Redonda, incluindo Farmácia Municipal, Postos de Saúde e demais unidades de atendimento que necessitam de medicamentos do Componente Básico da Assistência Farmacêutica (Portaria nº 1.555/GM/MS e suas atualizações).;3956391100016210001422026;7509954;35;Clorpromazina;dosagem: 5, apresentação: solução injetável CLORPROMAZINA, CLORIDRATO 5 MG/ML SOLUÇÃO INJETÁVEL 5 ML;Ampola;2.58;150;N;268069;M
680916;160039;97;2026;Aquisição de Medicamentos Injetáveis;0039445200010310131102026;7501914;35;Dipirona Sódica;"dosagem: 500, apresentação: solução injetável ";Ampola;1.32;10000;N;268252;M
678537;981645;90020;2026;"Contratação de Pessoa Jurídica visando o fornecimento de medicamentos psicotrópicos em atendimento as necessidades da Secretaria Municipal de Saúde do Município de Caraúbas/RN. ";0834910200012910000992026;7467061;41;Levomepromazina;Levomepromazina Dosagem: 40 MG/ML, Apresentação: Solução Oral;Frasco 20,00 ML;14.75;500;N;268130;M
682285;158442;47;2026;Aquisição de insumos para aulas práticas Zootecnia (Avicultura e Suinocultura);1072490300017910001292026;7527295;3;Vacina;"tipo: viva liofilizada, composição: cepa lasota, forma farmacêutica: líquido, aplicação*: uso veterinário ";Frasco-Ampola;206.33;1;N;439523;M
681464;160168;77;2026;Aquisição de medicamentos de uso geral em favor do Hos´pital de Guarnição de Marabá e demais UG Participantes;0039445200010310132002026;7512577;137;Prometazina Cloridrato;"Prometazina Cloridrato, Dosagem:25 MG/ML, Apresentação:Solução Injetável ";Ampola;5.37;700;N;267769;M
681464;160168;77;2026;Aquisição de medicamentos de uso geral em favor do Hos´pital de Guarnição de Marabá e demais UG Participantes;0039445200010310132002026;7512499;59;Dipirona Sódica;"Dipirona Sódica, Dosagem:500 MG/ML, Apresentação:Solução Oral (Gotas) ";Frasco;5.00;200;N;267205;M
681491;155915;90;2026;Aquisição de medicamentos grupo B, a fim de atender às necessidades do Hospital Universitário Antônio Pedro (HUAP/UFF), Unidade Gestora (UG) 155915, pertencente à Rede da Empresa Brasileira de Serviços Hospitalares (Rede Ebserh), por um período de 12 (doze) meses.;1512643700030510025662026;7513826;31;Dipirona Sódica;"dosagem: 500, apresentação: solução injetável ";Ampola;0.65;253000;S;268252;M
681808;984305;51;2026;Registrar preços para futura e eventual contratação de empresa especializada em fornecimento de medicamentos para a Farmácia Básica, em atendimento às demandas da Secretaria Municipal de Saúde de Cataguases – MG.;1770249900026210000832026;7519278;50;Dipirona Sódica;"dosagem: 500, apresentação: solução oral (gotas) ";Frasco;4.61;10000;N;267205;M
681675;987453;4;2026;"Registro de Preços visando a aquisição de medicamentos e sensor de monitoramento contínuo de glicose para atender às necessidades do Departamento de Saúde do Município, como: Unidades Básicas de Saúde, Hospital Municipal São Jorge, SAMU e PAM.  ";7624506700015810000372026;7517297;41;Prometazina Cloridrato;dosagem: 25, apresentação: solução injetável Considerar itens descritos no Anexo I (Termo de Referência) do Edital de Licitação. Para maiores informações consulte o Portal da Transparência através de pmbvista.pr.gov.br;Ampola;2.76;1000;N;267769;M
677968;785511;32;2026;"Aquisição de medicamentos e insumos médico-hospitalares, destinados ao abastecimento e recomposição da dotação regulamentar da enfermaria de bordo do Navio Hidrográfico Balizador ""Comandante Varella"", visando garantir o suporte básico à saúde, o atendimento de primeiros socorros e a salvaguarda da tripulação durante os períodos de navegação e cumprimento de comissões operacionais.";0039450200014410073022026;7460479;52;Prometazina Cloridrato;"concentração: 50, forma farmaceutica: solução injetável ";Ampola;7.33;1;N;600706;M
686824;155008;16;2026;Registro de Preços para a aquisição de Produtos para Saúde - MEDICAMENTOS, MATERIAIS MÉDICOS DIVERSOS, OPMEs, OLIGOELEMENTOS e PINÇA BIPOLAR TRANSFENOIDAL (Há itens com comodato e itens em regime de consignação), a fim de atender às necessidades do Hospital Universitário da Universidade Federal do Piauí, (HU-UFPI), Unidade Gestora (UG) 155008, pertencente à Rede da Empresa Brasileira de Serviços Hospitalares (Rede Ebserh), por um período de 12 (doze) meses.;1512643700030510027472026;7607977;30;Dipirona Sódica;"dosagem: 500, apresentação: solução oral (gotas) ";Mililitro;4.13;800;S;267205;M
678537;981645;90020;2026;"Contratação de Pessoa Jurídica visando o fornecimento de medicamentos psicotrópicos em atendimento as necessidades da Secretaria Municipal de Saúde do Município de Caraúbas/RN. ";0834910200012910000992026;7467042;22;Clorpromazina;Clorpromazina Dosagem: 25 Mg;Comprimido;0.45;10000;N;267635;M
683418;983677;3;2026;AQUISIÇÃO PARA O FORNECIMENTO PARCELADO E CONTÍNUO DE MEDICAMENTOS, PARA ATENDER ÀS NECESSIDADES DAS SEGUINTES UNIDADES DE SAÚDE DO MUNICÍPIO DE LAJE.;1382549200010410000862026;7548898;70;Prometazina Cloridrato;Prometazina Cloridrato, Dosagem:25 MG/ML, Apresentação:Solução Injetável Itens Hospitalares;Ampola;3.10;4000;N;267769;M
678609;135017;3;2026;Registro de preços para aquisição futura de adubos, fitossanitários, alimentos para animais e materiais e medicamentos de uso veterinário.;0034800300011010004752026;7483484;100;Vacina;tipo: inativada, outros componentes: c. pseudotuberculosis (ovis), c. perfringens (d), componentes adicionais: c. tetani, c.novyi (b), c. septicum e c. chauvoei, forma farmacêutica: suspensão injetável, aplicação*: uso veterinário Devido a inconsistências nos CATMATs, a descrição completa do item  encontra-se no Anexo I - Termo de Referência do Edital. Pedimos que seja observada atentamente, visando a formalização da Proposta mais vantajosa para a Administração.;Doses;4.53;300;S;449713;M
681675;987453;4;2026;"Registro de Preços visando a aquisição de medicamentos e sensor de monitoramento contínuo de glicose para atender às necessidades do Departamento de Saúde do Município, como: Unidades Básicas de Saúde, Hospital Municipal São Jorge, SAMU e PAM.  ";7624506700015810000372026;7517282;26;Diazepam;dosagem: 5, apresentação: solução injetável Considerar itens descritos no Anexo I (Termo de Referência) do Edital de Licitação. Para maiores informações consulte o Portal da Transparência através de pmbvista.pr.gov.br;Ampola;0.72;1000;N;267194;M
677985;254492;90019;2026;Registro de Preços objetivando aquisição de medicamentos injetáveis.;3378105500013510010712026;7461180;45;Dipirona Sódica;Dipirona Sódica Dosagem: 500MG/ML, Apresentação: Solução Injetável;Ampola 2,00 ML;0.62;40000;S;268252;M
688613;925302;27;2026;PE 124/2026 Registro de preços para aquisição de medicamentos sedativos, ansiolíticos e analgésicos opióides;0876114000019410002262026;7635292;10;Diazepam;"dosagem: 5, apresentação: solução injetável ";Ampola;0.73;97300;N;267194;M
689891;926922;226;2026;Futura e eventual aquisição de medicamentos de uso humano (ácido tricloroacético, betametasona fosfato, dexmedetomidina cloridrato e outros), que serão utilizados pelos pacientes atendidos na Rede Municipal de Saúde de Uberlândia.;1843131200062010003412026;7654805;7;Levomepromazina;dosagem: 100 LEVOMEPROMAZINA, MALEATO, 100 MG, COMPRIMIDO. - CONFORME TR.;Comprimido;0.68;1000000;N;268129;M
682465;988841;61;2026;RP - Medicamentos;8848836600010010002542026;7561527;39;Fenobarbital Sódico;"dosagem: 40, forma farmacêutica: solução oral - gotas ";Frasco;4.56;4000;N;300723;M
683524;451164;35;2026;Medicamentos (mat. farmacológico);8025735500010810003342026;7550331;36;Tramadol Cloridrato;"dosagem: 50, forma farmacêutica: solução injetável ";Ampola;1.43;36000;N;292382;M
683053;160324;26;2026;Aquisição de insumos para a Divisão Técnica e Divisão de Ensino e Pesquisa do Instituto de Biologia do Exército, nos termos da tabela anexa ao termo de referência.;0039445200010310134072026;7542213;301;Vacina;"composição: meningocócica acwy, tipo: conjugada, forma farmaceutica: injetável ";Frasco-Ampola;349.00;70;N;453069;M
690166;160209;47;2026;Eventual aquisição de materiais farmacológicos, para o Posto Médico de Guarnição de Cascavel e Unidades diretamente subordinadas ao Comando da 15ª Brigada de Infantaria Mecanizada na Guarnição de  Cascavel.;0039445200010310148132026;7713055;24;Diazepam;dosagem: 5, apresentação: solução injetável Diazepam 5 mg/mL, Solução injetável de 2 mL;Ampola;1.14;260;N;267194;M
689338;155022;74;2026;"MEDICAMENTOS CONTROLADOS, COM FORNECIMENTO DE EQUIPAMENTO EM REGIME DE COMODATO PARA O GRUPO ÚNICO (ITENS 1 E 2) ";1512643700030510028302026;7645661;17;Fenobarbital Sódico;"dosagem: 100, forma farmacêutica: solução injetável ";Ampola;3.02;500;S;300725;M
689158;986219;49;2026;AQUISIÇÃO ANUAL DE MEDICAMENTOS PARA ATENDIMENTO ÀS UNIDADES DA SECRETARIA MUNICIPAL DE SAÚDE DE BAURU, DEVIDAMENTE ESPECIFICADOS NO ANEXO I DO EDITAL, ATRAVÉS DO SISTEMA DE REGISTRO DE PREÇOS;4613741000018010004962026;7642152;9;Diazepam;"dosagem: 5 ";Comprimido;0.05;150000;N;267195;M
690008;180185;42;2026;Aquisição de medicamentos UIS - CPA/M1;4637780000012710031512026;7656325;46;Dipirona Sódica;"dosagem: 500, apresentação: solução oral (gotas) ";Frasco;1.49;100;N;267205;M
689338;155022;74;2026;"MEDICAMENTOS CONTROLADOS, COM FORNECIMENTO DE EQUIPAMENTO EM REGIME DE COMODATO PARA O GRUPO ÚNICO (ITENS 1 E 2) ";1512643700030510028302026;7645671;27;Levomepromazina;"dosagem: 40, apresentação: solução oral ";Frasco;13.36;500;S;268130;M
688317;980745;3;2026;Aquisição de Medicamentos Controlados (Psicotrópicos), de interesse da Secretaria de Saúde do Município de Cajapió/MA.;0605426600010110000172026;7629038;24;Diazepam;"dosagem: 10 ";Comprimido;70.59;200;N;267197;M
684256;987763;3;2026;Aquisição de medicamentos, a fim de atender as demandas da Secretaria Municipal de Saúde - Medicamentos desertos no certame anterior;7616771700019410001162026;7563904;3;Clorpromazina;"dosagem: 25 mg ";Comprimido;0.44;10000;N;267635;M
687742;160435;66;2026;A contratação pretendida tem como objetivo principal assegurar o fornecimento contínuo e adequado de medicamentos, materiais médicos e odontológicos, garantindo condições ideais para o atendimento integral à saúde dos beneficiários. Busca-se, com isso, alcançar maior eficiência nos serviços prestados, reduzir riscos assistenciais, promover a qualidade do atendimento e assegurar a observância dos princípios da administração pública.;0039445200010310143862026;7687081;58;Tramadol Cloridrato;"dosagem: 50 ";Ampola;1.20;950;N;268534;M
688956;90125;119;2026;Aquisição de medicamentos para atender a demandas judiciais do Departamento Regional de Saúde de Franca - DRS8.;4637450000019410059412026;7639397;4;Levomepromazina;"dosagem: 25 ";Comprimido;0.53;200;N;268128;M
688613;925302;27;2026;PE 124/2026 Registro de preços para aquisição de medicamentos sedativos, ansiolíticos e analgésicos opióides;0876114000019410002262026;7635290;8;Diazepam;"dosagem: 10 ";Comprimido;0.05;485000;N;267197;M
682633;987777;30;2026;"Registro de preços para Contratação de empresa especializada no fornecimento de medicamentos para a aquisição e manutenção do atendimento aos usuários dos diversos serviços de saúde realizados pela Secretaria Municipal de Saúde. ";7617588400018710003092026;7634995;25;Clorpromazina;concentração: 40, forma farmaceutica: solução oral - gotas Clorpromazina 40 MG/ML. Solução Oral gotas;Frasco;8.93;1000;N;340207;M
689069;135039;15;2026;Aquisição de Medicamento de Uso Veterinário para Embrapa Cerrados;0034800300011010006012026;7640837;40;Vacina;composição: pneumocócica 20-valente, forma farmaceutica: suspensão injetável, tipo: conjugada  	  Vacina contra rinotraqueíte infecciosa bovina (IBR), parainfluenza tipo 3 (PI3), vírus respiratório sincicial bovino (BRSV), diarreia viral bovina (BVD) e leptospirose dos bovinos. Destina-se à vacinação de bovinos sadios, incluindo vacas prenhes;Frasco;399.55;12;S;629395;M
685671;987775;2;2026;REGISTRO DE PREÇOS para futura e eventual aquisição, de forma parcelada, de medicamentos, materiais médicos e de enfermagem, materiais de consumo e equipamentos, destinados às ações de promoção, prevenção e recuperação da saúde desenvolvidas pela Secretaria Municipal de Saúde, bem como para atendimento e dispensação nas Unidades de Saúde do Município de Planalto - PR.;7646052600011610001042026;7586210;46;Levomepromazina;"dosagem: 25 ";Comprimido;0.49;3400;N;268128;M
690345;930213;56;2026;REGISTRO DE PREÇOS PARA AQUISIÇÃO DE MEDICAMENTOS REGULAMENTADOS PELA PORTARIA Nº 344/98, PARA ATENDER A NECESSIDADE DO MUNICÍPIO DE JOÃO PESSOA DESTINADOS ÀS UNIDADES HOSPITALARES, REDE ESPECIALIZADA (POLICLÍNICAS E CAPS), SAMU, UPAS E DEMANDAS JUDICIAIS.;0871561800014010000832026;7665398;26;Fenobarbital Sódico;"dosagem: 40, forma farmacêutica: solução oral - gotas ";Frasco;5.58;2765;S;300723;M
690219;90181;127;2026;Aquisição de Acetato de Retinol, Ampicilina + Sulbactam, Clorpromazina e Outros Medicamentos Gerais;4637450000019410060132026;7664032;3;Clorpromazina;"dosagem: 5, apresentação: solução injetável ";Ampola;3.10;50;S;268069;M
690397;90124;28;2026;Aquisição de medicamentos para atender demandas judiciais.;4637450000019410060232026;7666137;1;Tramadol Cloridrato;"dosagem: 100, forma farmacêutica: liberação lenta ";Comprimido;9.51;2160;S;309437;M
691146;987769;66;2026;"Aquisição de medicamentos Básicos e manipulados ";7610567500016710000692026;7679827;35;Clorpromazina;"dosagem: 100 ";Comprimido;0.33;28000;N;267638;M
691146;987769;66;2026;"Aquisição de medicamentos Básicos e manipulados ";7610567500016710000692026;7679889;97;Prometazina Cloridrato;"dosagem: 25, apresentação: solução injetável ";Ampola;3.24;650;N;267769;M
692668;451481;90034;2026;REGISTRO DE PREÇOS, visando aquisições futuras de MEDICAMENTOS, para atender as demandas da Secretaria de Saúde do Município de Goioerê/PR.;7819897500016310001502026;7705514;62;Diazepam;Diazepam Dosagem: 5MG;Comprimido;0.09;10000;N;267195;M
693206;462723;2;2026;Aquisição de insumos e medicamentos contemplados na REMUME (Relação Municipal de Medicamentos Essenciais) e insumos destinados à Assistência Especializada ao Programa de Saúde da Mulher e ao Programa IST/AIDS e Hepatites Virais, para atender às necessidades da Coordenação Municipal de Assistência Farmacêutica e Departamento de Vigilância em Saúde, conforme condições, quantidades e exigências estabelecidas neste Edital e seus anexos.;0877202000019210000182026;7712231;117;Fenobarbital Sódico;"dosagem: 40, forma farmacêutica: solução oral - gotas ";Frasco;4.04;19800;N;300723;M
687742;160435;66;2026;A contratação pretendida tem como objetivo principal assegurar o fornecimento contínuo e adequado de medicamentos, materiais médicos e odontológicos, garantindo condições ideais para o atendimento integral à saúde dos beneficiários. Busca-se, com isso, alcançar maior eficiência nos serviços prestados, reduzir riscos assistenciais, promover a qualidade do atendimento e assegurar a observância dos princípios da administração pública.;0039445200010310143862026;7687073;50;Prometazina Cloridrato;"dosagem: 25, apresentação: solução injetável ";Ampola;3.31;350;N;267769;M
689643;980034;10;2026;Aquisiçao de medicamentos e material médico hospitalar  para atender a Secretaria de Saúde do Municipio de Pacaraima-RR.;0161267500015410000162026;7701543;208;Prometazina Cloridrato;"dosagem: 25, apresentação: solução injetável ";Ampola;9.16;100;N;267769;M
692356;160170;60;2026;Aquisição de vacinas para cães, destinadas à imunização dos cães do canil do 33° Pelotão de Polícia do Exército;0039445200010310153042026;7699827;1;Vacina;"tipo: déctupla, composição: adenovírus (2), cinomose, coronavirose, parvovírus, outros componentes: parainfluenza, componentes adicionais: leptospira diversa, forma farmacêutica: suspensão injetável, aplicação*: uso veterinário ";Doses;67.77;7;N;439507;M
691770;155013;27;2026;"Aquisição de medicamentos do aparelho digestório, metabolismo, vitaminas e suplementos; imunoterapia e alergia; e hormônios e análogos.";1512643700030510029242026;7690509;33;Prometazina Cloridrato;"dosagem: 25 CLORIDRATO DE PROMETAZINA; 25 MG; COMPRIMIDO REVESTIDO. - REGISTRADO NA ANVISA COMO MEDICAMENTO. ";Comprimido;0.23;2000;S;267768;M
689643;980034;10;2026;Aquisiçao de medicamentos e material médico hospitalar  para atender a Secretaria de Saúde do Municipio de Pacaraima-RR.;0161267500015410000162026;7701575;240;Tramadol Cloridrato;"dosagem: 100 ";Comprimido;0.77;5000;N;309441;M
692668;451481;90034;2026;REGISTRO DE PREÇOS, visando aquisições futuras de MEDICAMENTOS, para atender as demandas da Secretaria de Saúde do Município de Goioerê/PR.;7819897500016310001502026;7705533;81;Fenobarbital sódico;Fenobarbital Sódico Dosagem: 100MG;Comprimido;0.27;15000;N;267660;M
690345;930213;56;2026;REGISTRO DE PREÇOS PARA AQUISIÇÃO DE MEDICAMENTOS REGULAMENTADOS PELA PORTARIA Nº 344/98, PARA ATENDER A NECESSIDADE DO MUNICÍPIO DE JOÃO PESSOA DESTINADOS ÀS UNIDADES HOSPITALARES, REDE ESPECIALIZADA (POLICLÍNICAS E CAPS), SAMU, UPAS E DEMANDAS JUDICIAIS.;0871561800014010000832026;7665408;36;Levomepromazina;"dosagem: 25 ";Comprimido;0.52;290039;S;268128;M
687005;784330;31;2026;Aquisição de materiais e medicamentos para a Seção de Saúde, em conformidade com a dotação operativa nas áreas de atendimentos médico e odontológico, a fim de suprir as necessidades da Capitania dos Portos do Piauí.;0039450200014410083362026;7610015;12;Dipirona Sódica;"dosagem: 500 ";Comprimido;0.14;3000;N;267203;M
688317;980745;3;2026;Aquisição de Medicamentos Controlados (Psicotrópicos), de interesse da Secretaria de Saúde do Município de Cajapió/MA.;0605426600010110000172026;7629016;2;Tramadol Cloridrato;"dosagem: 50, forma farmacêutica: solução injetável ";Ampola;277.00;10;N;292382;M
683418;983677;3;2026;AQUISIÇÃO PARA O FORNECIMENTO PARCELADO E CONTÍNUO DE MEDICAMENTOS, PARA ATENDER ÀS NECESSIDADES DAS SEGUINTES UNIDADES DE SAÚDE DO MUNICÍPIO DE LAJE.;1382549200010410000862026;7548867;39;Clorpromazina;Clorpromazina, Dosagem:100 MG Itens Hospitalares;Comprimido;0.34;100000;N;267638;M
677187;925462;92;2026;"Aquisição de medicamentos diversos e correlatos ";5017627000012610000482026;7451126;16;Prometazina Cloridrato;dosagem: 20, apresentação: creme Cloridrato de prometazina creme 2% bg c/ 30gr - Observar as ESPECIFICAÇÕES TÉCNICAS  estipuladas no edital, ANEXO I;Bisnaga;18.00;2;N;269389;M
676406;120641;90020;2026;Aquisição de material Farmacológico;0039442900010010014912026;7442558;77;Tramadol cloridrato;Tramadol Cloridrato Dosagem: 50 MG/ML, Forma Farmacêutica: Solução Injetável;Ampola 1,00 ML;2.76;50;N;292382;M
691886;926119;105;2026;Aquisição dos produtos (extratos alergênicos) padronizados pertencentes aos Grupos: 09.V.04.C OUTROS AGENTES DE DIAGNÓSTICO e 09.V.07.A TODOS OS OUTROS PRODUTOS NÃO TERAPÊUTICOS com o intuito de manter o abastecimento regular da Secretaria de Estado de Saúde do Distrito Federal - SES/DF, de forma ininterrupta, bem como garantir a assistência aos usuários do SUS/DF, nos termos da tabela abaixo, conforme condições e exigências estabelecidas no Edital.;0039470000010810003052026;7694036;13;Vacina;"composição: extrato alergênico (até 5 antígenos), forma farmaceutica: injetável, característica adicional: liberação prolongada, características adicionais 1: especialmente manipulada ";Frasco-Ampola;283.50;300;S;455973;M
692358;987225;49;2026;Pregão Eletrônico Nº 49/2026 Materiais, medicamentos e insumos veterinários;4578767800010210002382026;7699869;24;Prometazina Cloridrato;Prometazina Cloridrato, Dosagem:25 MG/ML, Apresentação:Solução Injetável Apresentação: Ampola de 2 ml - Solução Injetável;Ampola;3.47;20;N;267769;M
686075;987501;5;2026;Aquisição de medicamentos e insumos destinados a garantir o abastecimento regular e contínuo da rede municipal de saúde, compreendendo as Unidades Básicas de Saúde, a Farmácia Pública Municipal e a Farmácia Hospitalar – Sistema Registro de Preço;7610562600012410000142026;7591093;43;Tramadol Cloridrato;"forma farmacêutica: liberação lenta, dosagem: 50 ";Ampola;1.67;5000;N;309436;M
685671;987775;2;2026;REGISTRO DE PREÇOS para futura e eventual aquisição, de forma parcelada, de medicamentos, materiais médicos e de enfermagem, materiais de consumo e equipamentos, destinados às ações de promoção, prevenção e recuperação da saúde desenvolvidas pela Secretaria Municipal de Saúde, bem como para atendimento e dispensação nas Unidades de Saúde do Município de Planalto - PR.;7646052600011610001042026;7586200;36;Fenobarbital Sódico;"dosagem: 100 ";Comprimido;0.21;7000;N;267660;M
684020;985477;5;2026;Registro de preços para eventual e parcelada aquisição de medicamentos e materiais hospitalares que não foram adquiridos nos pregões nº 70/2025 e nº 16/2026, para atender à população do município de Nova Esperança do Sudoeste, Paraná.;9558928900013210000982026;7560550;31;Fenobarbital Sódico;"dosagem: 100, forma farmacêutica: solução injetável ";Ampola;4.16;200;N;300725;M
692180;160111;155;2026;" Medicamentos para os equinos do  Campo de Instrução de Juiz de Fora";0039445200010310152422026;7697438;6;Vacina;tipo: inativada, composição: vírus rábico, cepa pv, forma farmacêutica: suspensão injetável, aplicação*: uso veterinário 25 doses conforme termo de referencia;Doses;89.00;1;N;439541;M
692358;987225;49;2026;Pregão Eletrônico Nº 49/2026 Materiais, medicamentos e insumos veterinários;4578767800010210002382026;7699879;34;Vacina;"Vacina, Tipo:Déctupla, Composição:Adenovírus (2), Cinomose, Coronavirose, Parvovírus, Outros Componentes:Parainfluenza, Componentes Adicionais:Leptospira Diversa, Forma Farmacêutica:Suspensão Injetável, Aplicação*:Uso Veterinário ";Frasco;46.32;300;N;439507;M
679983;926750;1;2026;"Aquisição de medicamentos essenciais para manutenção das atividades do SAMU Regional Norte Novo. ";1798938600010910000172026;7499360;24;Prometazina Cloridrato;"dosagem: 25, apresentação: solução injetável PROMETAZINA CLORIDRATO, dosagem: 25 mg/ml, apresentação: solução injetável. Ampola 2 ml. Solução injetável de uso intramuscular. Ampola com lote, data de validade e dados de identificação. O medicamento deve possuir lote, data de fabricação, data de ";Ampola;6.54;200;S;267769;M
677968;785511;32;2026;"Aquisição de medicamentos e insumos médico-hospitalares, destinados ao abastecimento e recomposição da dotação regulamentar da enfermaria de bordo do Navio Hidrográfico Balizador ""Comandante Varella"", visando garantir o suporte básico à saúde, o atendimento de primeiros socorros e a salvaguarda da tripulação durante os períodos de navegação e cumprimento de comissões operacionais.";0039450200014410073022026;7460435;8;DIPIRONA SÓDICA;"CONCENTRAÇÃO: 1 ";Ampola;1.50;50;N;410023;M
688552;158137;503;2026;Registro de Preços para futura e eventual aquisição de vacinas de uso veterinário destinadas à imunização preventiva do rebanho bovino utilizado em projetos institucionais do IFSULDEMINAS – Campus Muzambinho, visando atender às atividades de ensino, pesquisa e extensão, conforme especificações e quantitativos estabelecidos no Termo de Referência.;1064853900010510001462026;7633789;2;Vacina;Vacina, Tipo:Inativada, Outros Componentes:C.Sordelli, C.Perfrigens (C,D), C.Botulinum (C,D), Componentes Adicionais:C. Tetani, C.Novyi (B), C. Septicum E C. Chauvoei, Forma Farmacêutica:Solução Injetável, Aplicação*:Uso Veterinário Descricao detalhada do item encontra no termo de referencia 189 2027;Frasco;184.00;5000;N;474400;M
687720;160102;67;2026;Aquisição de material farmacológico e odontológico;0039445200010310143912026;7619377;35;Prometazina Cloridrato;"dosagem: 20, apresentação: creme ";Bisnaga;4.82;200;N;269389;M
688613;925302;27;2026;PE 124/2026 Registro de preços para aquisição de medicamentos sedativos, ansiolíticos e analgésicos opióides;0876114000019410002262026;7635317;35;Tramadol Cloridrato;"dosagem: 100, forma farmacêutica: solução oral- gotas ";Ampola;0.98;521400;N;292380;M
686282;160523;19;2026;Aquisição de materiais, insumos, alimentos e medicamentos para o efetivo animal do CPOR/CM-BH e Órgãos Participantes.;0039445200010310140342026;7595111;152;Vacina;"tipo: adsorvida, composição: c. chauvoei, c. haemolyticum, c. novyi, outros componentes: c. perfringens (a, b, c, d), c. septicum, componentes adicionais: c. sordellii, c. tetani, forma farmacêutica: suspensão injetável, aplicação*: uso veterinário ";Frasco-Ampola;1.50;61;N;439552;M
686472;927761;161;2026;"O objeto da presente licitação é a Aquisição de Medicamentos Diversos 13, conforme condições, quantidades e exigências estabelecidas neste Edital e seus anexos.   ";2906329400018210002022026;7598982;17;Dipirona Sódica;"dosagem: 500 ";Comprimido;0.26;20000;N;267203;M
681445;153073;23;2026;Aquisição de Medicamentos de Uso Veterinário para atender as demandas do Hospital Universitário Veterinário do CCA/UFPB.;2409847700011010000832026;7734960;36;Dipirona Sódica;"concentração: 500, forma física: solução injetável, uso: uso veterinário ";Frasco;11.85;110;N;409123;M
677557;987481;16;2026;Registro de Preço para aquisição de MEDICAMENTOS padronizados na Relação Municipal de Medicamentos Essenciais (REMUME) de 2025 do município de Campo Largo, destinados às Unidades Básicas de Saúde – UBS, Unidade de Pronto Atendimento – UPA, Serviço de Atendimento Móvel de Urgência – SAMU, Serviço Integrado de Atendimento ao Trauma em Emergência – SIATE, Núcleo Integrado de Saúde – NIS II, Centro de Atenção Psicossocial – CAPS e outros setores da SMS;7610561800018810003772026;7456109;5;Clorpromazina;"dosagem: 5, apresentação: solução injetável ";Ampola;1.82;1200;S;268069;M
679803;380161;87;2026;Aquisição de materiais médico-hospitalares, medicamentos e insumos farmacêuticos destinados ao abastecimento do Núcleo de Saúde da Penitenciária de Lucélia, restrito, neste ato, aos itens que restaram fracassados ou desertos no Pregão Eletrônico nº 90006/2026;9629114100018010042792026;7486269;8;Levomepromazina;"dosagem: 25 ";Comprimido;0.68;3240;N;268128;M
680165;160471;127;2026;" Aquisição de medicamentos para reposição de estoque da farmácia, visando o atendimento ininterrupto da tropa e dependentes, conforme especificações do Termo de Referência. ";0039445200010310129612026;7490405;8;Dipirona Sódica;dosagem: 500 DIPIRONA SÓDICA (500 MG);Comprimido;0.25;1500;N;267203;M
678609;135017;3;2026;Registro de preços para aquisição futura de adubos, fitossanitários, alimentos para animais e materiais e medicamentos de uso veterinário.;0034800300011010004752026;7483486;102;Vacina;tipo: inativada, outros componentes: coronavírus, c. perfringens (c) ,e. coli, componentes adicionais: rotavírus, forma farmacêutica: suspensão injetável, aplicação*: uso veterinário Devido a inconsistências nos CATMATs, a descrição completa do item  encontra-se no Anexo I - Termo de Referência do Edital. Pedimos que seja observada atentamente, visando a formalização da Proposta mais vantajosa para a Administração.;Doses;9.43;1500;S;439560;M
691146;987769;66;2026;"Aquisição de medicamentos Básicos e manipulados ";7610567500016710000692026;7679826;34;Clorpromazina;"dosagem: 25 mg ";Comprimido;0.31;42000;N;267635;M
692841;160477;95;2026;Aquisição de material de consumo (medicamentos, equipamentos médicos);0039445200010310153982026;7707215;2;Dipirona Sódica;"dosagem: 500 ";Comprimido;0.24;1000;N;267203;M
692668;451481;90034;2026;REGISTRO DE PREÇOS, visando aquisições futuras de MEDICAMENTOS, para atender as demandas da Secretaria de Saúde do Município de Goioerê/PR.;7819897500016310001502026;7705534;82;Fenobarbital Sódico;Fenobarbital Sódico Dosagem: 40MG/ML, Forma Farmacêutica: Solução Oral - Gotas;Frasco 20,00 ML;8.15;150;N;300723;M
692849;80005;68;2026;Aquisição de material de consumo para a Coordenadoria de Saúde, com o objetivo de atender as necessidades da Seção de Assistência em Medicina e Setor de Fisioterapia.;0050996800014810024432026;7707360;51;Dipirona Sódica;"composição: associada à cafeína e isometepteno, concentração: 300mg + 30mg + 30mg ";Comprimido;32.28;10;N;270633;M
690345;930213;56;2026;REGISTRO DE PREÇOS PARA AQUISIÇÃO DE MEDICAMENTOS REGULAMENTADOS PELA PORTARIA Nº 344/98, PARA ATENDER A NECESSIDADE DO MUNICÍPIO DE JOÃO PESSOA DESTINADOS ÀS UNIDADES HOSPITALARES, REDE ESPECIALIZADA (POLICLÍNICAS E CAPS), SAMU, UPAS E DEMANDAS JUDICIAIS.;0871561800014010000832026;7665393;21;Clorpromazina;"concentração: 40, forma farmaceutica: solução oral - gotas ";Frasco;7.58;1728;S;340207;M
689612;930056;24;2026;A presente licitação na modalidade de PREGÃO ELETRÔNICO tem por objeto a seleção de propostas para fornecimento de medicamentos, por meio de Sistema de Registro de Preços, COM ENTREGAS PARCELADAS, para disponibilização aos 398 municípios consorciados, a lista de municípios está disponível no site do Consórcio (www.consorcioparanasaude.com.br), pelo período de 12 (doze) meses.;0327320700012810000362026;7667099;1;Dipirona Sódica;"dosagem: 500, apresentação: solução injetável ";Ampola;0.56;2500000;N;268252;M
682633;987777;30;2026;"Registro de preços para Contratação de empresa especializada no fornecimento de medicamentos para a aquisição e manutenção do atendimento aos usuários dos diversos serviços de saúde realizados pela Secretaria Municipal de Saúde. ";7617588400018710003092026;7634996;26;Clorpromazina;dosagem: 25 mg Clorpromazina. Cloridrato de - 25 mg CPR.;Comprimido;0.34;250000;N;267635;M
689601;783200;100;2026;materiais para a manutenção do estoque da Seção de Saúde deste Batalhão (De Uso Geral, Odontológico e medicamentos);0039450200014410086422026;7650193;49;Dipirona Sódica;"dosagem: 500, apresentação: solução injetável ";Ampola;0.52;500;N;268252;M
689063;983501;6;2026;Aquisição de medicamentos para atender as necessidades da Secretaria de Saúde;1367331400010510001422026;7640706;45;Fenobarbital Sódico;"dosagem: 40, forma farmacêutica: solução oral - gotas ";Frasco;4.73;100;N;300723;M
688613;925302;27;2026;PE 124/2026 Registro de preços para aquisição de medicamentos sedativos, ansiolíticos e analgésicos opióides;0876114000019410002262026;7635318;36;Tramadol Cloridrato;"dosagem: 50 ";Comprimido;0.18;35800;N;268534;M
689643;980034;10;2026;Aquisiçao de medicamentos e material médico hospitalar  para atender a Secretaria de Saúde do Municipio de Pacaraima-RR.;0161267500015410000162026;7650680;116;Fenobarbital Sódico;"dosagem: 100 ";Comprimido;0.67;5000;N;267660;M
692849;80005;68;2026;Aquisição de material de consumo para a Coordenadoria de Saúde, com o objetivo de atender as necessidades da Seção de Assistência em Medicina e Setor de Fisioterapia.;0050996800014810024432026;7707367;58;Prometazina Cloridrato;"concentração: 50, forma farmaceutica: solução injetável ";Ampola;4.72;10;N;600706;M
685648;925474;29;2026;Registro de Preços de medicamentos conforme especificações descritas em Edital.;1467430300010210000412026;7585922;34;Dipirona Sódica;"dosagem: 500 DIPIRONA 500mg, comprimido ou cápsula. A embalagem primária deve apresentar mecanismos que permitam a subdivisão em frações individualizadas (fracionável manualmente), sem contato do medicamento com o meio externo, de acordo com RDC nº 80/2006. ";Comprimido;5.50;50;N;267203;M
679761;925003;108;2026;"VACINA ANTIRRÁBICA INATIVADA PARA HERBÍVOROS: Vacina composta por suspensão de vírus fixo, cepa Pasteur (PV), produzida em cultivo celular, inativada por etilenimina binária (BEI) e adsorvida em hidróxido de alumínio gel. INDICAÇÃO: Profilaxia da raiva em bovinos, ovinos, caprinos, equinos e muares. APRESENTAÇÃO: Frasco-ampola multidose (25 doses). ";1386437700013010010042026;7485954;1;Vacina;tipo: inativada, composição: vírus rábico, cepa pv, forma farmacêutica: suspensão injetável, aplicação*: uso veterinário Havendo divergência entre CatMat e descritivo, atender integralmente ao descritivo do edital em anexo;Doses;84.78;5000;N;439541;M
676421;155015;90008;2026;Aquisição de medicamentos de uso geral, a fim de atender às necessidades da Maternidade Escola Januário Cicco (MEJC/UFRN), Unidade Gestora (UG) 155015, pertencente à Rede da Empresa Brasileira de Serviços Hospitalares (Rede Ebserh), por um período de 12 (doze) meses.;1512643700030510023962026;7442991;129;Diazepam;Diazepam Dosagem: 10MG;Comprimido;0.08;2450;S;267197;M
684858;927538;4;2026;Aquisição de medicamentos e insumos para reposição dos estoques do Centro de Abastecimento Farmacêutico - CAF;0353266100015610000562026;7574377;147;Tramadol Cloridrato;"dosagem: 50, forma farmacêutica: solução injetável ";Ampola;1.11;3500;N;292382;M
677557;987481;16;2026;Registro de Preço para aquisição de MEDICAMENTOS padronizados na Relação Municipal de Medicamentos Essenciais (REMUME) de 2025 do município de Campo Largo, destinados às Unidades Básicas de Saúde – UBS, Unidade de Pronto Atendimento – UPA, Serviço de Atendimento Móvel de Urgência – SAMU, Serviço Integrado de Atendimento ao Trauma em Emergência – SIATE, Núcleo Integrado de Saúde – NIS II, Centro de Atenção Psicossocial – CAPS e outros setores da SMS;7610561800018810003772026;7456127;23;Clorpromazina;"dosagem: 100 ";Comprimido;0.30;250000;S;267638;M
683418;983677;3;2026;AQUISIÇÃO PARA O FORNECIMENTO PARCELADO E CONTÍNUO DE MEDICAMENTOS, PARA ATENDER ÀS NECESSIDADES DAS SEGUINTES UNIDADES DE SAÚDE DO MUNICÍPIO DE LAJE.;1382549200010410000862026;7548840;12;Dipirona Sódica;Dipirona Sódica, Dosagem:500 MG/ML, Apresentação:Solução Oral (Gotas) Itens Hospitalares;Frasco;2.52;4000;N;267205;M
682271;155900;18;2026;Registro de Preços para a aquisição de Medicamentos IV (processo nº 23763.002796/2026-56), a fim de atender às necessidades do Hospital Universitário da Universidade Federal de São Carlos (HU-UFSCar), Unidade Gestora (UG) 155900, pertencente à Rede da Empresa Brasileira de Serviços Hospitalares (Rede Ebserh), por um período de 12 (doze) meses.;1512643700030510025912026;7526731;44;Fenobarbital Sódico;Fenobarbital Sódico, Dosagem:40 MG/ML, Forma Farmacêutica:Solução Oral - Gotas Medicamento;Frasco;5.92;400;S;300723;M
682537;254447;184;2026;Aquisição emergencial de Macrogol associado sachet 14 g e Dii-hidroergotamina assoc comprimido;3378105500013510011362026;7532583;1;Dipirona Sódica;"composição: associada à cafeína e diidroergotamina, concentração: 350 mg + 100 mg + 1 ";Comprimido;1.84;240;N;340419;M
682633;987777;30;2026;"Registro de preços para Contratação de empresa especializada no fornecimento de medicamentos para a aquisição e manutenção do atendimento aos usuários dos diversos serviços de saúde realizados pela Secretaria Municipal de Saúde. ";7617588400018710003092026;7533492;26;Clorpromazina;dosagem: 25 mg Clorpromazina. Cloridrato de - 25 mg CPR.;Comprimido;0.34;250000;N;267635;M
686146;986001;1164;2026;Processo Emergencial na forma de Dispensa de Licitação para aquisição de MEDICAMENTOS HOSPITALARES;4249873300014810015592026;7591852;1;Tramadol Cloridrato;dosagem: 50 Tramadol cloridrato 50mg cápsula gelatinosa dura - CAPSULA;Cápsula;0.68;50900;N;268534;M
685797;70003;47;2026;Aquisição de material de consumo médico e odontológico;0595999900011410000862026;7587956;129;Dipirona Sódica;"concentração: 1 Características adicionais: Dipirona sódica injetável, 500mg/ml, ampola de 2ml. ";Ampola;4.06;20;N;410023;M
679159;928285;38;2026;PE 71.2026 - Registro de preços para aquisição de medicamentos;1481413900018310001082026;7475638;39;Tramadol Cloridrato;"dosagem: 50, forma farmacêutica: solução injetável ";Ampola;1.21;70000;N;292382;M
683524;451164;35;2026;Medicamentos (mat. farmacológico);8025735500010810003342026;7550309;14;Levomepromazina;"dosagem: 100 ";Comprimido;0.89;100;N;268129;M
678609;135017;3;2026;Registro de preços para aquisição futura de adubos, fitossanitários, alimentos para animais e materiais e medicamentos de uso veterinário.;0034800300011010004752026;7469717;102;Vacina;tipo: inativada, outros componentes: coronavírus, c. perfringens (c) ,e. coli, componentes adicionais: rotavírus, forma farmacêutica: suspensão injetável, aplicação*: uso veterinário Devido a inconsistências nos CATMATs, a descrição completa do item  encontra-se no Anexo I - Termo de Referência do Edital. Pedimos que seja observada atentamente, visando a formalização da Proposta mais vantajosa para a Administração.;Doses;9.43;1500;S;439560;M
679478;160222;105;2026;Aquisição de alimentação e fármacos ( remédios e vacinas) para os cães da Seção de Cães de Guerra da 2ª Companhia do 5° Batalhão de Suprimento.;0039445200010310128502026;7480229;3;Vacina;"tipo: inativada, composição: vírus rábico, cepa pv, forma farmacêutica: suspensão injetável, aplicação*: uso veterinário ";Frasco-Ampola;18.50;48;N;439541;M
679983;926750;1;2026;"Aquisição de medicamentos essenciais para manutenção das atividades do SAMU Regional Norte Novo. ";1798938600010910000172026;7488215;24;Prometazina Cloridrato;"dosagem: 25, apresentação: solução injetável PROMETAZINA CLORIDRATO, dosagem: 25 mg/ml, apresentação: solução injetável. Ampola 2 ml. Solução injetável de uso intramuscular. Ampola com lote, data de validade e dados de identificação. O medicamento deve possuir lote, data de fabricação, data de ";Ampola;6.54;200;S;267769;M
681856;927744;12;2026;CONSTITUI OBJETO DA PRESENTE LICITAÇÃO, A SELEÇÃO DE EMPRESA PARA O REGISTRO DE PREÇOS VISANDO AQUISIÇÕES FUTURAS E EVENTUAIS DE MEDICAMENTOS - TRAMADOL E OUTROS INJETÁVEIS, PARA ATENDER À DEMANDA DA SECRETARIA MUNICIPAL DA SAÚDE DE FORTALEZA - SMS, DE ACORDO COM AS ESPECIFICAÇÕES E QUANTITATIVOS PREVISTOS NO ANEXO I – TERMO DE REFERÊNCIA DESTE EDITAL.;0795460500016010007942026;7519836;8;Tramadol Cloridrato;"dosagem: 50, forma farmacêutica: solução injetável ";Ampola;1.00;53625;S;292382;M
681532;926873;90003;2026;"Registro de preços para futura e eventual aquisição de medicamentos para tratamento dos sintomas das arboviroses, tendo como principais a dengue, chikungunya, Zika e febre do Oropouche, bem como testes rápidos para diagnóstico de dengue, chikungunya e Zika em apoio aos entes integrantes do Consórcio Interestadual de Desenvolvimento do Brasil Central - BrC ";2379116900010210000062026;7515425;6;Dipirona sódica;Dipirona Sódica Dosagem: 500MG;Comprimido;0.12;9640136;S;267203;M
681659;987857;7;2026;Aquisição de tuberculina aviária, tuberculina bovina, antígeno acidificado tamponado (AAT), vacina RB-51, pistolas para aplicação de tuberculina, cutímetro e botas impermeáveis de cano longo, destinados ao atendimento das demandas da Secretaria Municipal de Agricultura, visando à execução das ações de defesa sanitária animal.;7592758200015510001742026;7517124;4;Vacina;"aplicação*: uso veterinário, forma farmacêutica: solução oral, outros componentes: vírus da encefalomielite aviária, tipo: viva atenuada ";Frasco-Ampola;59.34;800;N;474401;M
681445;153073;23;2026;Aquisição de Medicamentos de Uso Veterinário para atender as demandas do Hospital Universitário Veterinário do CCA/UFPB.;2409847700011010000832026;7512029;29;Cloridrato De Tramadol;"concentração: 2, forma farmacêutica: solução injetável, uso: uso veterinário ";Mililitro;34.30;600;N;629326;M
681464;160168;77;2026;Aquisição de medicamentos de uso geral em favor do Hos´pital de Guarnição de Marabá e demais UG Participantes;0039445200010310132002026;7512498;58;Dipirona Sódica;"Dipirona Sódica, Dosagem:500 MG/ML, Apresentação:Solução Injetável ";Ampola;1.22;10500;N;268252;M
681532;926873;90003;2026;"Registro de preços para futura e eventual aquisição de medicamentos para tratamento dos sintomas das arboviroses, tendo como principais a dengue, chikungunya, Zika e febre do Oropouche, bem como testes rápidos para diagnóstico de dengue, chikungunya e Zika em apoio aos entes integrantes do Consórcio Interestadual de Desenvolvimento do Brasil Central - BrC ";2379116900010210000062026;7515426;7;Dipirona Sódica;Dipirona Sódica Dosagem: 500MG/ML, Apresentação: Solução Oral (Gotas);Frasco 10,00 ML;1.13;678828;S;267205;M
681675;987453;4;2026;"Registro de Preços visando a aquisição de medicamentos e sensor de monitoramento contínuo de glicose para atender às necessidades do Departamento de Saúde do Município, como: Unidades Básicas de Saúde, Hospital Municipal São Jorge, SAMU e PAM.  ";7624506700015810000372026;7517281;25;Dipirona Sódica;dosagem: 50, apresentação: solução oral Considerar itens descritos no Anexo I (Termo de Referência) do Edital de Licitação. Para maiores informações consulte o Portal da Transparência através de pmbvista.pr.gov.br;Frasco;5.88;50;N;267206;M
681918;90126;49;2026;Aquisição de Medicamento em Cumprimento de Determinação Judicial;4637450000019410054872026;7520904;5;Dipirona Sódica;"apresentação: associada à escopolamina butilbrometo, composição: homatropina butilbrometo e hiosciamina bromidrato, concentração: 300 mg + 6,5 mcg + 1 mg + 104, forma farmacêutica: solução oral - gotas ";Frasco;17.39;12;S;389956;M
678609;135017;3;2026;Registro de preços para aquisição futura de adubos, fitossanitários, alimentos para animais e materiais e medicamentos de uso veterinário.;0034800300011010004752026;7509414;100;Vacina;tipo: inativada, outros componentes: c. pseudotuberculosis (ovis), c. perfringens (d), componentes adicionais: c. tetani, c.novyi (b), c. septicum e c. chauvoei, forma farmacêutica: suspensão injetável, aplicação*: uso veterinário Devido a inconsistências nos CATMATs, a descrição completa do item  encontra-se no Anexo I - Termo de Referência do Edital. Pedimos que seja observada atentamente, visando a formalização da Proposta mais vantajosa para a Administração.;Doses;4.53;300;S;449713;M
692668;451481;90034;2026;REGISTRO DE PREÇOS, visando aquisições futuras de MEDICAMENTOS, para atender as demandas da Secretaria de Saúde do Município de Goioerê/PR.;7819897500016310001502026;7705565;113;Levomepromazina;Levomepromazina Dosagem: 40MG/ML, Apresentação: Solução Oral;Frasco 20,00 ML;16.77;1000;N;268130;M
692668;451481;90034;2026;REGISTRO DE PREÇOS, visando aquisições futuras de MEDICAMENTOS, para atender as demandas da Secretaria de Saúde do Município de Goioerê/PR.;7819897500016310001502026;7705564;112;Levomepromazina;Levomepromazina Dosagem: 100MG;Comprimido;1.20;20000;N;268129;M
693206;462723;2;2026;Aquisição de insumos e medicamentos contemplados na REMUME (Relação Municipal de Medicamentos Essenciais) e insumos destinados à Assistência Especializada ao Programa de Saúde da Mulher e ao Programa IST/AIDS e Hepatites Virais, para atender às necessidades da Coordenação Municipal de Assistência Farmacêutica e Departamento de Vigilância em Saúde, conforme condições, quantidades e exigências estabelecidas neste Edital e seus anexos.;0877202000019210000182026;7712212;98;Dipirona Sódica;"dosagem: 500, apresentação: solução oral (gotas) ";Frasco;1.13;30000;N;267205;M
692716;925778;42;2026;Aquisição de 33 medicamentos para o Hospital Dr. José Pedro Bezerra;0824175401100710000182026;7706149;8;Dipirona Sódica;"composição: associada à cafeína e isometepteno, concentração: 300mg + 30mg + 30mg ";Comprimido;1.16;500;N;270633;M
692716;925778;42;2026;Aquisição de 33 medicamentos para o Hospital Dr. José Pedro Bezerra;0824175401100710000182026;7706174;33;Prometazina Cloridrato;"dosagem: 25 ";Comprimido;0.57;600;N;267768;M
689643;980034;10;2026;Aquisiçao de medicamentos e material médico hospitalar  para atender a Secretaria de Saúde do Municipio de Pacaraima-RR.;0161267500015410000162026;7701436;101;Dipirona Sódica;"dosagem: 500, apresentação: solução oral (gotas) ";Frasco;7.77;10000;N;267205;M
691920;927056;97;2026;Aquisição de medicamentos, vacinas e outros insumos de uso veterinário;0405876600018810000032026;7694868;2;Vacina;tipo: viva atenuada, outros componentes: b. bronchiseptica, componentes adicionais: parainfluenza, forma farmacêutica: suspensão injetável, aplicação*: uso veterinário Vacina inativada contra Tosse dos Canis (Bordetella bronchiseptica). Apresentação em caixa com 25 frascos de 1ml (1 dose);Doses;59.16;50;N;439563;M
685458;120624;251;2026;Registro de preços para eventual aquisição de material farmacológico.;0039442900010010016722026;7581377;24;Diazepam;"dosagem: 5 ";Comprimido;0.06;100;N;267195;M
684020;985477;5;2026;Registro de preços para eventual e parcelada aquisição de medicamentos e materiais hospitalares que não foram adquiridos nos pregões nº 70/2025 e nº 16/2026, para atender à população do município de Nova Esperança do Sudoeste, Paraná.;9558928900013210000982026;7560544;25;Diazepam;"dosagem: 10 ";Ampola;1.19;500;N;267197;M
678609;135017;3;2026;Registro de preços para aquisição futura de adubos, fitossanitários, alimentos para animais e materiais e medicamentos de uso veterinário.;0034800300011010004752026;7509415;101;Vacina;tipo: inativada e adsorvida, composição: c. chauvoei, toxoides de c. novyi, outros componentes: c. perfringens (b,c,d), septicum, sordelli, tetani, componentes adicionais: c. botulinum (c, d), forma farmacêutica: suspensão injetável, aplicação*: uso veterinário Devido a inconsistências nos CATMATs, a descrição completa do item  encontra-se no Anexo I - Termo de Referência do Edital. Pedimos que seja observada atentamente, visando a formalização da Proposta mais vantajosa para a Administração.;Doses;3.74;3500;S;439534;M
692358;987225;49;2026;Pregão Eletrônico Nº 49/2026 Materiais, medicamentos e insumos veterinários;4578767800010210002382026;7699880;35;Vacina;"Vacina, Tipo:Viva, Outros Componentes:Calcivirose, Chlamydia Psittaci, Componentes Adicionais:Panleucopenia Felinas, Rinotraqueíte, Forma Farmacêutica:Pó Liófilo P/ Injetável + Diluente, Aplicação*:Uso Veterinário ";Frasco;38.76;300;N;453440;M
691718;160072;58;2026;Aquisição  de  materiais  farmacológicos,  hospitalares  e  odontológicos,  nos  termos  da  tabela  abaixo,  conforme condições e exigências estabelecidas neste instrumento:;0039445200010310151282026;7687644;134;Prometazina Cloridrato;"dosagem: 25, apresentação: solução injetável ";Ampola;2.84;3500;N;267769;M
689643;980034;10;2026;Aquisiçao de medicamentos e material médico hospitalar  para atender a Secretaria de Saúde do Municipio de Pacaraima-RR.;0161267500015410000162026;7701576;241;Tramadol Cloridrato;"dosagem: 50, forma farmacêutica: liberação lenta ";Comprimido;0.77;5000;N;309436;M
691718;160072;58;2026;Aquisição  de  materiais  farmacológicos,  hospitalares  e  odontológicos,  nos  termos  da  tabela  abaixo,  conforme condições e exigências estabelecidas neste instrumento:;0039445200010310151282026;7687636;126;Diazepam;"concentração: 10, forma farmaceutica: solução injetável ";Ampola;1.45;1000;N;395147;M
691886;926119;105;2026;Aquisição dos produtos (extratos alergênicos) padronizados pertencentes aos Grupos: 09.V.04.C OUTROS AGENTES DE DIAGNÓSTICO e 09.V.07.A TODOS OS OUTROS PRODUTOS NÃO TERAPÊUTICOS com o intuito de manter o abastecimento regular da Secretaria de Estado de Saúde do Distrito Federal - SES/DF, de forma ininterrupta, bem como garantir a assistência aos usuários do SUS/DF, nos termos da tabela abaixo, conforme condições e exigências estabelecidas no Edital.;0039470000010810003052026;7694038;15;Diluente De Vacina;"composição: cloreto de sódio, fenolato, concentração: até 0,9%, forma farmacêutica: solução injetável, esterilidade: estéril ";Mililitro;3.77;7065;S;624425;M
678893;456546;100;2026;Medicamentos de Controle Especial (Port. 344/98);0829318500018110000242026;7472566;25;Tramadol Cloridrato;dosagem: 50, forma farmacêutica: solução injetável TRAMADOL, CLORIDRATO 50 MG/ML SOLUÇÃO INJETÁVEL 2 ML;Ampola;1.35;10000;S;292382;M
678893;456546;100;2026;Medicamentos de Controle Especial (Port. 344/98);0829318500018110000242026;7472549;8;Diazepam;dosagem: 5 DIAZEPAM 5 MG COMPRIMIDO;Comprimido;0.12;900;S;267195;M
679097;751212;55;2026;Aquisição de medicamentos e itens de uso médico-hospitalar para a Divisão de Saúde da Base de Hidrografia da Marinha em Niterói;0039450200014410074392026;7474831;23;Prometazina Cloridrato;"dosagem: 20, apresentação: creme ";Bisnaga;26.12;20;N;269389;M
678609;135017;3;2026;Registro de preços para aquisição futura de adubos, fitossanitários, alimentos para animais e materiais e medicamentos de uso veterinário.;0034800300011010004752026;7469718;103;Vacina;tipo: viva atenuada, outros componentes: b. abortus (cepa rb-51), forma farmacêutica: suspensão injetável, aplicação*: uso veterinário Devido a inconsistências nos CATMATs, a descrição completa do item  encontra-se no Anexo I - Termo de Referência do Edital. Pedimos que seja observada atentamente, visando a formalização da Proposta mais vantajosa para a Administração.;Frasco;96.00;20;S;440668;M
683413;986411;22;2026;ELABORAÇÃO DE ATA DE REGISTRO DE PREÇOS PARA A AQUISIÇÃO DE MEDICAMENTOS VETERINÁRIOS, MATERIAIS DE CONSUMO, EQUIPAMENTOS PERMANENTES E DEMAIS INSUMOS NECESSÁRIOS AO FUNCIONAMENTO DO CENTRO DE CONTROLE DE ZOONOSES DO MUNICÍPIO DE FERNANDÓPOLIS/SP, COM PREVISÃO DE CONSUMO NO DECORRER DE 12 (DOZE) MESES;4784283600010510001222026;7548810;45;Vacina;"tipo: déctupla, composição: adenovírus (2), cinomose, coronavirose, parvovírus, outros componentes: parainfluenza, componentes adicionais: leptospira diversa, forma farmacêutica: suspensão injetável, aplicação*: uso veterinário ";Doses;82.00;700;N;439507;M
683418;983677;3;2026;AQUISIÇÃO PARA O FORNECIMENTO PARCELADO E CONTÍNUO DE MEDICAMENTOS, PARA ATENDER ÀS NECESSIDADES DAS SEGUINTES UNIDADES DE SAÚDE DO MUNICÍPIO DE LAJE.;1382549200010410000862026;7548836;8;Diazepam;Diazepam, Dosagem:5 MG/ML, Apresentação:Solução Injetável Itens Hospitalares;Ampola;0.86;2000;N;267194;M
679159;928285;38;2026;PE 71.2026 - Registro de preços para aquisição de medicamentos;1481413900018310001082026;7475611;12;Clorpromazina;"dosagem: 5, apresentação: solução injetável ";Ampola;3.04;3000;N;268069;M
679928;92501;170;2026;AQUISIÇÃO DE MEDICAMENTOS (CLOBAZAM, CLORPROMAZINA, PARACETAMOL 500MG, ETC), PARA ATENDER AS NECESSIDADES DA SEÇÃO TÉCNICA DE FARMÁCIA;1247470500012010002492026;7487651;17;Tramadol Cloridrato;"dosagem: 100 ";Frasco;49.39;50;S;309441;M
683015;155906;7;2026;Aquisição de Medicamentos Cardiovasculares, Antiinflamatórios, Anestésicos, SNC e contraste por meio de Registro de Preços, a fim de atender às necessidades da Maternidade Climério de Oliveira (MCO/ UFBA), do Hospital Universitário Prof. Alberto Antunes (HUPAA-UFAL) e do Hospital Universitário Prof. Edgard Santos (HUPES/UFBA), integrantes da Rede HU Brasil, pelo período de 12 (doze) meses.;1512643700030510026252026;7540396;40;Dipirona Sódica;"dosagem: 500, apresentação: solução oral (gotas) ";Frasco;1.30;2300;S;267205;M
679607;160106;227;2026;Aquisição de medicamentos e materiais de higiene necessários e indispensáveis ao bem estar e à  saúde dos cães de guarda e de identificação de explosivos da Seção de Cães de Guerra;0039445200010310128632026;7483614;3;Dipirona Sódica;"concentração: 1 ";Comprimido;21.97;6;N;410023;M
683015;155906;7;2026;Aquisição de Medicamentos Cardiovasculares, Antiinflamatórios, Anestésicos, SNC e contraste por meio de Registro de Preços, a fim de atender às necessidades da Maternidade Climério de Oliveira (MCO/ UFBA), do Hospital Universitário Prof. Alberto Antunes (HUPAA-UFAL) e do Hospital Universitário Prof. Edgard Santos (HUPES/UFBA), integrantes da Rede HU Brasil, pelo período de 12 (doze) meses.;1512643700030510026252026;7540391;35;Tramadol Cloridrato;Tramadol Cloridrato, Dosagem:50 MG/ML, Forma Farmacêutica:Solução Injetável 50 mg/mL solução injetável.;Ampola;1.17;36400;S;292382;M
684858;927538;4;2026;Aquisição de medicamentos e insumos para reposição dos estoques do Centro de Abastecimento Farmacêutico - CAF;0353266100015610000562026;7574331;100;Dipirona Sódica;"dosagem: 500 ";Ampola;0.61;15000;N;267203;M
681808;984305;51;2026;Registrar preços para futura e eventual contratação de empresa especializada em fornecimento de medicamentos para a Farmácia Básica, em atendimento às demandas da Secretaria Municipal de Saúde de Cataguases – MG.;1770249900026210000832026;7519276;48;Diazepam;"dosagem: 10 ";Comprimido;0.74;400000;N;267197;M
681808;984305;51;2026;Registrar preços para futura e eventual contratação de empresa especializada em fornecimento de medicamentos para a Farmácia Básica, em atendimento às demandas da Secretaria Municipal de Saúde de Cataguases – MG.;1770249900026210000832026;7519286;58;Fenobarbital Sódico;"dosagem: 40, forma farmacêutica: solução oral - gotas ";Frasco;9.55;5000;N;300723;M
682144;984865;38;2026;REGISTRO DE PREÇOS PARA FUTURA E EVENTUAL AQUISIÇÃO DE MEDICAMENTOS PARA ATENDER A DEMANDA DA SECRETARIA DE SAÚDE DO MUNICÍPIO DE MONTES CLAROS/MG.;2267887400013510002612026;7523380;13;Fenobarbital Sódico;dosagem: 40, forma farmacêutica: solução oral - gotas FENOBARBITAL SÓDICO 40MG/ML SOLUÇÃO ORAL COM 20ML;Frasco;4.80;4000;S;300723;M
690177;155022;65;2026;Medicamentos Gerais Diversos e Soros Hospitalares, fracassados em pregões diversos a fim de atender às necessidades do Hospital das Clínicas de Pernambuco (HCPE/UFPE);1512643700030510028692026;7659804;21;Clorpromazina;"dosagem: 100 ";Comprimido;0.31;600;S;267638;M
677968;785511;32;2026;"Aquisição de medicamentos e insumos médico-hospitalares, destinados ao abastecimento e recomposição da dotação regulamentar da enfermaria de bordo do Navio Hidrográfico Balizador ""Comandante Varella"", visando garantir o suporte básico à saúde, o atendimento de primeiros socorros e a salvaguarda da tripulação durante os períodos de navegação e cumprimento de comissões operacionais.";0039450200014410073022026;7460445;18;Dipirona Sódica;"composição: associada à cafeína e diidroergotamina, concentração: 350 mg + 100 mg + 1 ";Comprimido;1.00;50;N;340419;M
687742;160435;66;2026;A contratação pretendida tem como objetivo principal assegurar o fornecimento contínuo e adequado de medicamentos, materiais médicos e odontológicos, garantindo condições ideais para o atendimento integral à saúde dos beneficiários. Busca-se, com isso, alcançar maior eficiência nos serviços prestados, reduzir riscos assistenciais, promover a qualidade do atendimento e assegurar a observância dos princípios da administração pública.;0039445200010310143862026;7619874;58;Tramadol Cloridrato;"dosagem: 50 ";Ampola;1.20;950;N;268534;M
684858;927538;4;2026;Aquisição de medicamentos e insumos para reposição dos estoques do Centro de Abastecimento Farmacêutico - CAF;0353266100015610000562026;7574350;119;Fenobarbital Sódico;"dosagem: 100 ";Comprimido;0.25;30000;N;267660;M
684858;927538;4;2026;Aquisição de medicamentos e insumos para reposição dos estoques do Centro de Abastecimento Farmacêutico - CAF;0353266100015610000562026;7574324;93;Diazepam;"dosagem: 10 ";Comprimido;0.05;50000;N;267197;M
684858;927538;4;2026;Aquisição de medicamentos e insumos para reposição dos estoques do Centro de Abastecimento Farmacêutico - CAF;0353266100015610000562026;7574330;99;Dipirona Sódica;"dosagem: 500 ";Comprimido;0.14;150000;N;267203;M
685145;987493;15;2026;Registro de preços para a aquisições de fármacos, insumos veterinários e materiais destinados à conservação e restauração de acervo visando atender às demandas da Divisão de Vida Silvestre e Bem-Estar Animal (DVSBEA).;7620886700010710003342026;7577721;58;Vacina;"tipo: inativada, composição: vírus rábico, cepa pv, forma farmacêutica: suspensão injetável, aplicação*: uso veterinário ";Doses;62.72;2000;N;439541;M
684858;927538;4;2026;Aquisição de medicamentos e insumos para reposição dos estoques do Centro de Abastecimento Farmacêutico - CAF;0353266100015610000562026;7574315;84;Clorpromazina;"concentração: 40, forma farmaceutica: solução oral - gotas ";Frasco;7.12;200;N;340207;M
690037;985847;478;2026;Aquisição de vacina bovina contra raiva, brucelose e clostridioses, para atender às necessidades da Secretaria Municipal de Agroeconomia;2911547400016010004832026;7656739;3;Vacina;"tipo: inativada, outros componentes: c. pseudotuberculosis (ovis), c. perfringens (d), componentes adicionais: c. tetani, c.novyi (b), c. septicum e c. chauvoei, forma farmacêutica: suspensão injetável, aplicação*: uso veterinário ";Frasco-Ampola;155.98;250;N;449713;M
690008;180185;42;2026;Aquisição de medicamentos UIS - CPA/M1;4637780000012710031512026;7656285;6;Tramadol Cloridrato;"dosagem: 50, forma farmacêutica: solução injetável ";Ampola;1.36;20;N;292382;M
689063;983501;6;2026;Aquisição de medicamentos para atender as necessidades da Secretaria de Saúde;1367331400010510001422026;7640723;62;Levomepromazina;"dosagem: 40, apresentação: solução oral ";Frasco;12.70;50;N;268130;M
682633;987777;30;2026;"Registro de preços para Contratação de empresa especializada no fornecimento de medicamentos para a aquisição e manutenção do atendimento aos usuários dos diversos serviços de saúde realizados pela Secretaria Municipal de Saúde. ";7617588400018710003092026;7634999;29;Diazepam;dosagem: 5, apresentação: solução injetável Diazepam 5 MG/ML. Solução Injetável. Ampola 2 ML.;Ampola;0.76;1000;N;267194;M
683524;451164;35;2026;Medicamentos (mat. farmacológico);8025735500010810003342026;7664069;7;Fenobarbital Sódico;"dosagem: 40, forma farmacêutica: solução oral - gotas ";Frasco;5.65;80;N;300723;M
686282;160523;19;2026;Aquisição de materiais, insumos, alimentos e medicamentos para o efetivo animal do CPOR/CM-BH e Órgãos Participantes.;0039445200010310140342026;7594971;12;Prometazina Cloridrato;"dosagem: 25, apresentação: solução injetável ";Ampola;3.63;50;N;267769;M
689643;980034;10;2026;Aquisiçao de medicamentos e material médico hospitalar  para atender a Secretaria de Saúde do Municipio de Pacaraima-RR.;0161267500015410000162026;7650805;241;Tramadol Cloridrato;"dosagem: 50, forma farmacêutica: liberação lenta ";Comprimido;0.77;5000;N;309436;M
689158;986219;49;2026;AQUISIÇÃO ANUAL DE MEDICAMENTOS PARA ATENDIMENTO ÀS UNIDADES DA SECRETARIA MUNICIPAL DE SAÚDE DE BAURU, DEVIDAMENTE ESPECIFICADOS NO ANEXO I DO EDITAL, ATRAVÉS DO SISTEMA DE REGISTRO DE PREÇOS;4613741000018010004962026;7642149;6;Clorpromazina;"dosagem: 5, apresentação: solução injetável ";Ampola;2.19;5000;N;268069;M
690114;155124;29;2026;Registro de Preços para a Aquisição de Medicamentos do Grupo G4 (Aparelho Respiratório/ Dermatológicos/ Oftalmologicos/ Imunoerapia e Alergia/ Hormônios e Análogos/ Odontológicos e Cosméticos), a fim de atender as necessidades do Hospital Universitário Maria Aparecida Pedrossian - Humap/UFMS, pelo período de 12 (doze) meses.;1512643700030510028632026;7657858;51;Prometazina Cloridrato;"dosagem: 25, apresentação: solução injetável ";Ampola;3.54;1450;S;267769;M
687050;160304;73;2026;Aquisição de medicamentos veterinários para Seção de Cães de Guerra do Batalhão de Manutenção e Suprimento de Armamento.;0039445200010310142132026;7610605;11;Dipirona Sódica;"concentração: 500, forma física: solução injetável, uso: uso veterinário ";Frasco;54.50;2;N;409123;M
681445;153073;23;2026;Aquisição de Medicamentos de Uso Veterinário para atender as demandas do Hospital Universitário Veterinário do CCA/UFPB.;2409847700011010000832026;7734953;29;Cloridrato De Tramadol;"concentração: 2, forma farmacêutica: solução injetável, uso: uso veterinário ";Mililitro;34.30;600;N;629326;M
690008;180185;42;2026;Aquisição de medicamentos UIS - CPA/M1;4637780000012710031512026;7656347;68;Diazepam;"dosagem: 5, apresentação: solução injetável ";Ampola;1.19;10;N;267194;M
689063;983501;6;2026;Aquisição de medicamentos para atender as necessidades da Secretaria de Saúde;1367331400010510001422026;7640700;39;Diazepam;"dosagem: 5 ";Ampola;1.84;500;N;267195;M
689952;925980;23;2026;Aquisição de medicamentos, materiais médicos, materiais para atendimento pré-hospitalar (APH), materiais de limpeza hospitalar e equipamento de proteção individual (EPI);0505496000015810000432026;7655795;137;Dipirona Sódica;dosagem: 500, apresentação: solução injetável Dipirona Sódica 500mg/ml – Solução Injetável – Ampola com 2ml;Ampola;1.28;500;N;268252;M
685963;160106;293;2026;Aquisição de medicamentos e de materiais profiláticos para cães,;0039445200010310139612026;7589844;3;Dipirona Sódica;"concentração: 1 ";Comprimido;21.97;6;N;410023;M
690969;155017;44;2026;Registro de Preços para a aquisição de Medicamentos diversos (oftalmológicos, aparelho digestório e outros), a fim de atender as necessidades do Hospital Universitário da Universidade Federal de Sergipe (HU-UFS/EBSERH), Unidade Gestora (UG) 155017, pertencente à Rede da Empresa Brasileira de Serviços Hospitalares (Rede Ebserh), por um período de 12 (doze) meses;1512643700030510028862026;7675330;63;Prometazina Cloridrato;"dosagem: 25 Cloridrato de prometazina; 25 mg; comprimido revestido. Registro no MS/ANVISA.";Comprimido;0.14;3200;S;267768;M
692668;451481;90034;2026;REGISTRO DE PREÇOS, visando aquisições futuras de MEDICAMENTOS, para atender as demandas da Secretaria de Saúde do Município de Goioerê/PR.;7819897500016310001502026;7705520;68;Dipirona Sódica;Dipirona Sódica Dosagem: 500MG/ML, Apresentação: Solução Oral (Gotas);Frasco 10,00 ML;1.99;1000;N;267205;M
680400;925778;40;2026;Aquisição de 33 medicamentos para o Hospital Dr. José Pedro Bezerra;0824175401100710000152026;7495459;33;Prometazina Cloridrato;"dosagem: 25 ";Comprimido;0.57;600;N;267768;M
680673;160321;71;2026;Aquisição de material para medidas profiláticas para cães, conforme condições estabelecidas no TR;0039445200010310130522026;7498693;7;Tramadol Cloridrato;"dosagem: 50, forma farmacêutica: solução injetável ";Ampola;10.03;10;N;292382;M
691979;180155;167;2026;Aquisição de material de limpeza e medicação e ferrageamento especifica para os Semoventes;4637780000012710032012026;7695537;14;Dipirona Sódica;"composição: associada com escopolamina butilbrometo, concentração: 500 mg + 4, forma física: solução injetável, uso: uso veterinário ";Frasco;9.10;500;N;412380;M
687742;160435;66;2026;A contratação pretendida tem como objetivo principal assegurar o fornecimento contínuo e adequado de medicamentos, materiais médicos e odontológicos, garantindo condições ideais para o atendimento integral à saúde dos beneficiários. Busca-se, com isso, alcançar maior eficiência nos serviços prestados, reduzir riscos assistenciais, promover a qualidade do atendimento e assegurar a observância dos princípios da administração pública.;0039445200010310143862026;7687056;33;Dipirona Sódica;"dosagem: 500 ";Comprimido;0.14;7400;N;267203;M
692149;160385;43;2026;Aquisição de  materiais farmacológicos para atender as necessidades da Seção de Saúde do 3° B Com GE.;0039445200010310152332026;7697112;5;Tramadol Cloridrato;"dosagem: 100, forma farmacêutica: liberação lenta ";Comprimido;0.65;200;N;309437;M
691718;160072;58;2026;Aquisição  de  materiais  farmacológicos,  hospitalares  e  odontológicos,  nos  termos  da  tabela  abaixo,  conforme condições e exigências estabelecidas neste instrumento:;0039445200010310151282026;7687631;121;Dipirona Sódica;"dosagem: 500 ";Comprimido;0.47;120000;N;267203;M
693206;462723;2;2026;Aquisição de insumos e medicamentos contemplados na REMUME (Relação Municipal de Medicamentos Essenciais) e insumos destinados à Assistência Especializada ao Programa de Saúde da Mulher e ao Programa IST/AIDS e Hepatites Virais, para atender às necessidades da Coordenação Municipal de Assistência Farmacêutica e Departamento de Vigilância em Saúde, conforme condições, quantidades e exigências estabelecidas neste Edital e seus anexos.;0877202000019210000182026;7712345;231;Tramadol Cloridrato;"dosagem: 50, forma farmacêutica: liberação lenta ";Cápsula;0.21;264000;N;309436;M
692668;451481;90034;2026;REGISTRO DE PREÇOS, visando aquisições futuras de MEDICAMENTOS, para atender as demandas da Secretaria de Saúde do Município de Goioerê/PR.;7819897500016310001502026;7705609;157;Prometazina cloridrato;Prometazina Cloridrato Dosagem: 25MG;Comprimido;0.24;4000;N;267768;M
678893;456546;100;2026;Medicamentos de Controle Especial (Port. 344/98);0829318500018110000242026;7472548;7;Diazepam;concentração: 10, forma farmaceutica: solução injetável  DIAZEPAM 10MG/2ML SOL INJ (AMP) 2ML;Ampola;0.93;400;S;395147;M
680351;250059;179;2026;33409.000037/2026-41 - Aquisição de medicamentos do grupo  Uso Geral IV - DFD 344 - R$ 302.184,98;0039454400018510013772026;7493747;15;DIPIRONA SÓDICA;"APRESENTAÇÃO: SOLUÇÃO ORAL (GOTAS), DOSAGEM: 500 ";Frasco 10 ML;1.20;6616;N;267205;M
682633;987777;30;2026;"Registro de preços para Contratação de empresa especializada no fornecimento de medicamentos para a aquisição e manutenção do atendimento aos usuários dos diversos serviços de saúde realizados pela Secretaria Municipal de Saúde. ";7617588400018710003092026;7533494;28;Diazepam;dosagem: 5 Diazepam 5 MG. Comprimido.;Comprimido;0.04;500000;N;267195;M
681287;926850;69;2026;Registro de preços para futura e eventual aquisição de medicamentos para suprir as necessidades da Secretaria Municipal de Saúde/PMVR no atendimento da Rede de Atenção Básica de Saúde de Volta Redonda, incluindo Farmácia Municipal, Postos de Saúde e demais unidades de atendimento que necessitam de medicamentos do Componente Básico da Assistência Farmacêutica (Portaria nº 1.555/GM/MS e suas atualizações).;3956391100016210001422026;7509952;33;Clorpromazina;"dosagem: 100 ";Comprimido;0.59;81360;N;267638;M
678609;135017;3;2026;Registro de preços para aquisição futura de adubos, fitossanitários, alimentos para animais e materiais e medicamentos de uso veterinário.;0034800300011010004752026;7469716;101;Vacina;tipo: inativada e adsorvida, composição: c. chauvoei, toxoides de c. novyi, outros componentes: c. perfringens (b,c,d), septicum, sordelli, tetani, componentes adicionais: c. botulinum (c, d), forma farmacêutica: suspensão injetável, aplicação*: uso veterinário Devido a inconsistências nos CATMATs, a descrição completa do item  encontra-se no Anexo I - Termo de Referência do Edital. Pedimos que seja observada atentamente, visando a formalização da Proposta mais vantajosa para a Administração.;Doses;3.74;3500;S;439534;M
682144;984865;38;2026;REGISTRO DE PREÇOS PARA FUTURA E EVENTUAL AQUISIÇÃO DE MEDICAMENTOS PARA ATENDER A DEMANDA DA SECRETARIA DE SAÚDE DO MUNICÍPIO DE MONTES CLAROS/MG.;2267887400013510002612026;7523394;27;Prometazina Cloridrato;"dosagem: 25, apresentação: solução injetável PROMETAZINA CLORIDRATO 25MG COMPRIMIDO ";Comprimido;0.15;340000;S;267769;M
681491;155915;90;2026;Aquisição de medicamentos grupo B, a fim de atender às necessidades do Hospital Universitário Antônio Pedro (HUAP/UFF), Unidade Gestora (UG) 155915, pertencente à Rede da Empresa Brasileira de Serviços Hospitalares (Rede Ebserh), por um período de 12 (doze) meses.;1512643700030510025662026;7513827;32;Dipirona Sódica;"dosagem: 500 ";Comprimido;0.15;980000;S;267203;M
681856;927744;12;2026;CONSTITUI OBJETO DA PRESENTE LICITAÇÃO, A SELEÇÃO DE EMPRESA PARA O REGISTRO DE PREÇOS VISANDO AQUISIÇÕES FUTURAS E EVENTUAIS DE MEDICAMENTOS - TRAMADOL E OUTROS INJETÁVEIS, PARA ATENDER À DEMANDA DA SECRETARIA MUNICIPAL DA SAÚDE DE FORTALEZA - SMS, DE ACORDO COM AS ESPECIFICAÇÕES E QUANTITATIVOS PREVISTOS NO ANEXO I – TERMO DE REFERÊNCIA DESTE EDITAL.;0795460500016010007942026;7519830;2;Diazepam;"dosagem: 5, apresentação: solução injetável ";Ampola;0.85;4700;S;267194;M
684536;160482;73;2026;Aquisição de alimento animal (Ração canina) e suprimentos para realização de medidas profiláticas destinada ao 32° Pel PE;0039445200010310136682026;7566920;5;Vacina;"tipo: viva atenuada, outros componentes: b. bronchiseptica, componentes adicionais: parainfluenza, forma farmacêutica: suspensão injetável, aplicação*: uso veterinário ";Frasco;52.97;10;N;439563;M
688317;980745;3;2026;Aquisição de Medicamentos Controlados (Psicotrópicos), de interesse da Secretaria de Saúde do Município de Cajapió/MA.;0605426600010110000172026;7629042;28;Levomepromazina;"dosagem: 100 ";Comprimido;66.50;300;N;268129;M
686789;120636;79;2026;"Aquisição de Material Médico-Hospitalar para a CFARH - parte 2	";0039442900010010016922026;7607284;100;Tramadol Cloridrato;Tramadol Cloridrato, Dosagem:50 MG/ML, Forma Farmacêutica:Solução Injetável TRAMADOL CLORIDRATO, DOSAGEM 50 MG/ML, AMPOLA 2 ML COD SIASG:292382;Ampola;1.32;1500;N;292382;M
681491;155915;90;2026;Aquisição de medicamentos grupo B, a fim de atender às necessidades do Hospital Universitário Antônio Pedro (HUAP/UFF), Unidade Gestora (UG) 155915, pertencente à Rede da Empresa Brasileira de Serviços Hospitalares (Rede Ebserh), por um período de 12 (doze) meses.;1512643700030510025662026;7513822;27;Tramadol Cloridrato;"dosagem: 50, forma farmacêutica: solução injetável ";Ampola;1.29;30400;S;292382;M
681577;90203;259;2026;AQUISIÇÃO DE MEDICAMENTOS FRACASSADOS E DE USO NA UCP;4637450000019410054542026;7515952;14;Levomepromazina;"dosagem: 40, apresentação: solução oral ";Frasco;21.38;15;S;268130;M
684443;70011;65;2026;Aquisição de materiais farmacológicos;0601504100013810000192026;7566225;16;Dipirona Sódica;"composição: associada à cafeína e isometepteno, concentração: 300mg + 30mg + 30mg ";Drágea;1.27;30;N;270633;M
683743;454524;11;2026;"REGISTRO DE PREÇOS para futura e eventual contratação de empresa para fornecimento de material odontológico, atendendo as necessidades do Departamento de Saúde. ";7620566500010110001742026;7554535;6;Cloridrato De Tramadol;"concentração: 80, forma farmacêutica: comprimido, uso: uso veterinário ";Comprimido;156.00;30;N;629367;M
679607;160106;227;2026;Aquisição de medicamentos e materiais de higiene necessários e indispensáveis ao bem estar e à  saúde dos cães de guarda e de identificação de explosivos da Seção de Cães de Guerra;0039445200010310128632026;7483615;4;Vacina;"tipo: viva atenuada, outros componentes: b. bronchiseptica, componentes adicionais: parainfluenza, forma farmacêutica: suspensão injetável, aplicação*: uso veterinário ";Frasco-Ampola;70.00;4;N;439563;M
683015;155906;7;2026;Aquisição de Medicamentos Cardiovasculares, Antiinflamatórios, Anestésicos, SNC e contraste por meio de Registro de Preços, a fim de atender às necessidades da Maternidade Climério de Oliveira (MCO/ UFBA), do Hospital Universitário Prof. Alberto Antunes (HUPAA-UFAL) e do Hospital Universitário Prof. Edgard Santos (HUPES/UFBA), integrantes da Rede HU Brasil, pelo período de 12 (doze) meses.;1512643700030510026252026;7540395;39;Dipirona Sódica;"dosagem: 500, apresentação: solução injetável ";Ampola;0.60;139600;S;268252;M
683418;983677;3;2026;AQUISIÇÃO PARA O FORNECIMENTO PARCELADO E CONTÍNUO DE MEDICAMENTOS, PARA ATENDER ÀS NECESSIDADES DAS SEGUINTES UNIDADES DE SAÚDE DO MUNICÍPIO DE LAJE.;1382549200010410000862026;7549014;186;Clorpromazina;Clorpromazina, Dosagem:5 MG/ML, Apresentação:Solução Injetável Itens Hospitalares;Ampola;3.00;400;N;268069;M
683418;983677;3;2026;AQUISIÇÃO PARA O FORNECIMENTO PARCELADO E CONTÍNUO DE MEDICAMENTOS, PARA ATENDER ÀS NECESSIDADES DAS SEGUINTES UNIDADES DE SAÚDE DO MUNICÍPIO DE LAJE.;1382549200010410000862026;7548877;49;Fenobarbital Sódico;Fenobarbital Sódico, Dosagem:100 MG Itens Hospitalares;Comprimido;0.16;100000;N;267660;M
682465;988841;61;2026;RP - Medicamentos;8848836600010010002542026;7531694;81;Prometazina Cloridrato;"dosagem: 25 ";Comprimido;0.18;250000;N;267768;M
684697;155012;29;2026;Aquisição de MEDICAMENTOS (GERAIS, ANESTÉSICOS, ANALGÉSICOS E ETC) E CONCENTRADOS PARA HEMODIÁLISE;1512643700030510026702026;7570065;30;Clorpromazina;"Clorpromazina, Dosagem:25 Mg ";Comprimido;0.41;2000;S;267635;M
685145;987493;15;2026;Registro de preços para a aquisições de fármacos, insumos veterinários e materiais destinados à conservação e restauração de acervo visando atender às demandas da Divisão de Vida Silvestre e Bem-Estar Animal (DVSBEA).;7620886700010710003342026;7577691;28;Dipirona Sódica;"concentração: 500, forma física: solução injetável, uso: uso veterinário ";Frasco;24.21;100;N;409123;M
685401;160525;55;2026;Aquisição de medicamentos para atender as necessidades da Seção de Saúde da ESFCEx.;0039445200010310138332026;7580371;11;Dipirona Sódica;dosagem: 500, apresentação: solução injetável Conforme descrição do Termo de Referência.;Ampola;0.64;500;N;268252;M
679735;987493;3;2026;Medicamentos controlados em atendimento às Unidades Básicas de Saúde e Unidades de Pronto Atendimento do Município de Cascavel;7620886700010710003122026;7485356;6;Clorpromazina;"dosagem: 100 ";Comprimido;0.31;216000;N;267638;M
677716;927996;5;2026;Aquisição de Medicamentos Sólidos e Líquidos visando atender às necessidades e demandas de abastecimento da Fundação Governador Flaviano Melo - FUNDHACRE;1695842500014810002952026;7457552;87;Prometazina Cloridrato;"dosagem: 25 ";Comprimido;0.22;1200;S;267768;M
679735;987493;3;2026;Medicamentos controlados em atendimento às Unidades Básicas de Saúde e Unidades de Pronto Atendimento do Município de Cascavel;7620886700010710003122026;7485384;34;Clorpromazina;"concentração: 40, forma farmaceutica: solução oral - gotas ";Frasco;7.50;720;N;340207;M
677716;927996;5;2026;Aquisição de Medicamentos Sólidos e Líquidos visando atender às necessidades e demandas de abastecimento da Fundação Governador Flaviano Melo - FUNDHACRE;1695842500014810002952026;7576394;87;Prometazina Cloridrato;"dosagem: 25 ";Comprimido;0.22;1200;S;267768;M
689643;980034;10;2026;Aquisiçao de medicamentos e material médico hospitalar  para atender a Secretaria de Saúde do Municipio de Pacaraima-RR.;0161267500015410000162026;7650667;103;Dipirona Sódica;"dosagem: 500, apresentação: solução injetável ";Ampola;1.26;1000;N;268252;M
688317;980745;3;2026;Aquisição de Medicamentos Controlados (Psicotrópicos), de interesse da Secretaria de Saúde do Município de Cajapió/MA.;0605426600010110000172026;7629033;19;Clorpromazina;"dosagem: 25 mg ";Comprimido;42.00;400;N;267635;M
687742;160435;66;2026;A contratação pretendida tem como objetivo principal assegurar o fornecimento contínuo e adequado de medicamentos, materiais médicos e odontológicos, garantindo condições ideais para o atendimento integral à saúde dos beneficiários. Busca-se, com isso, alcançar maior eficiência nos serviços prestados, reduzir riscos assistenciais, promover a qualidade do atendimento e assegurar a observância dos princípios da administração pública.;0039445200010310143862026;7619884;68;Dipirona Sódica;"dosagem: 500, apresentação: solução oral (gotas) ";Frasco;1.17;500;N;267205;M
679735;987493;3;2026;Medicamentos controlados em atendimento às Unidades Básicas de Saúde e Unidades de Pronto Atendimento do Município de Cascavel;7620886700010710003122026;7485394;44;Clorpromazina;"dosagem: 5, apresentação: solução injetável ";Ampola;2.74;576;N;268069;M
679735;987493;3;2026;Medicamentos controlados em atendimento às Unidades Básicas de Saúde e Unidades de Pronto Atendimento do Município de Cascavel;7620886700010710003122026;7485413;63;Levomepromazina;"dosagem: 100 ";Comprimido;0.65;46800;N;268129;M
677716;927996;5;2026;Aquisição de Medicamentos Sólidos e Líquidos visando atender às necessidades e demandas de abastecimento da Fundação Governador Flaviano Melo - FUNDHACRE;1695842500014810002952026;7576346;39;Dipirona Sódica;"dosagem: 500, apresentação: solução oral (gotas) ";Frasco;1.34;1200;S;267205;M
686282;160523;19;2026;Aquisição de materiais, insumos, alimentos e medicamentos para o efetivo animal do CPOR/CM-BH e Órgãos Participantes.;0039445200010310140342026;7595110;151;Vacina;"tipo: inativada, composição: vírus rábico, cepa pv, forma farmacêutica: suspensão injetável, aplicação*: uso veterinário ";Frasco-Ampola;61.99;102;N;439541;M
686282;160523;19;2026;Aquisição de materiais, insumos, alimentos e medicamentos para o efetivo animal do CPOR/CM-BH e Órgãos Participantes.;0039445200010310140342026;7595011;52;Vacina;"tipo: inativada, outros componentes: s. equi, forma farmacêutica: suspensão injetável, aplicação*: uso veterinário ";Frasco;66.93;103;N;446139;M
676421;155015;90008;2026;Aquisição de medicamentos de uso geral, a fim de atender às necessidades da Maternidade Escola Januário Cicco (MEJC/UFRN), Unidade Gestora (UG) 155015, pertencente à Rede da Empresa Brasileira de Serviços Hospitalares (Rede Ebserh), por um período de 12 (doze) meses.;1512643700030510023962026;7443003;141;Dipirona Sódica;Dipirona Sódica Dosagem: 500MG/ML, Apresentação: Solução Oral (Gotas);Frasco 10,00 ML;1.29;14300;S;267205;M
679735;987493;3;2026;Medicamentos controlados em atendimento às Unidades Básicas de Saúde e Unidades de Pronto Atendimento do Município de Cascavel;7620886700010710003122026;7485385;35;Levomepromazina;"dosagem: 40, apresentação: solução oral ";Frasco;12.30;4464;N;268130;M
679735;987493;3;2026;Medicamentos controlados em atendimento às Unidades Básicas de Saúde e Unidades de Pronto Atendimento do Município de Cascavel;7620886700010710003122026;7485410;60;Fenobarbital Sódico;"dosagem: 100 ";Comprimido;0.20;118800;N;267660;M
679735;987493;3;2026;Medicamentos controlados em atendimento às Unidades Básicas de Saúde e Unidades de Pronto Atendimento do Município de Cascavel;7620886700010710003122026;7485383;33;Clorpromazina;"dosagem: 25 mg ";Comprimido;0.30;230400;N;267635;M
679735;987493;3;2026;Medicamentos controlados em atendimento às Unidades Básicas de Saúde e Unidades de Pronto Atendimento do Município de Cascavel;7620886700010710003122026;7485362;12;Levomepromazina;"dosagem: 25 ";Comprimido;0.52;118800;N;268128;M
679735;987493;3;2026;Medicamentos controlados em atendimento às Unidades Básicas de Saúde e Unidades de Pronto Atendimento do Município de Cascavel;7620886700010710003122026;7485399;49;Tramadol Cloridrato;"dosagem: 50 ";Cápsula;0.14;3024;N;268534;M
679735;987493;3;2026;Medicamentos controlados em atendimento às Unidades Básicas de Saúde e Unidades de Pronto Atendimento do Município de Cascavel;7620886700010710003122026;7485408;58;Clorpromazina;"dosagem: 100 ";Comprimido;0.31;72000;N;267638;M
679735;987493;3;2026;Medicamentos controlados em atendimento às Unidades Básicas de Saúde e Unidades de Pronto Atendimento do Município de Cascavel;7620886700010710003122026;7485358;8;Fenobarbital Sódico;"dosagem: 100 ";Comprimido;0.20;356400;N;267660;M
679735;987493;3;2026;Medicamentos controlados em atendimento às Unidades Básicas de Saúde e Unidades de Pronto Atendimento do Município de Cascavel;7620886700010710003122026;7485401;51;Diazepam;"dosagem: 5, apresentação: solução injetável ";Ampola;0.80;4032;N;267194;M
685401;160525;55;2026;Aquisição de medicamentos para atender as necessidades da Seção de Saúde da ESFCEx.;0039445200010310138332026;7580370;10;Dipirona Sódica;concentração: 1 Conforme descrição do Termo de Referência.;Comprimido;0.55;2000;N;410023;M
689063;983501;6;2026;Aquisição de medicamentos para atender as necessidades da Secretaria de Saúde;1367331400010510001422026;7640697;36;Clorpromazina;"dosagem: 25 mg ";Ampola;8.95;200;N;267635;M
689643;980034;10;2026;Aquisiçao de medicamentos e material médico hospitalar  para atender a Secretaria de Saúde do Municipio de Pacaraima-RR.;0161267500015410000162026;7650804;240;Tramadol Cloridrato;"dosagem: 100 ";Comprimido;0.77;5000;N;309441;M
689338;155022;74;2026;"MEDICAMENTOS CONTROLADOS, COM FORNECIMENTO DE EQUIPAMENTO EM REGIME DE COMODATO PARA O GRUPO ÚNICO (ITENS 1 E 2) ";1512643700030510028302026;7645706;62;Clorpromazina;"dosagem: 5, apresentação: solução injetável ";Ampola;2.91;500;S;268069;M
689643;980034;10;2026;Aquisiçao de medicamentos e material médico hospitalar  para atender a Secretaria de Saúde do Municipio de Pacaraima-RR.;0161267500015410000162026;7650681;117;Fenobarbital Sódico;"dosagem: 40, forma farmacêutica: solução oral - gotas ";Frasco;12.69;500;N;300723;M
688750;930404;30;2026;"AQUISIÇÃO DE MEDICAMENTOS ANTIDEPRESSIVOS, ANTIPSICÓTICOS E ANTICONVULSIVANTES para atender às necessidades do Hospital do Servidor General Edson Ramalho, Hospital Metropolitano Dom José Maria Pires, Hospital Regional de Guarabira, Hemodinâmicas de Campina Grande e Patos e Policlínica Integrada de Segurança Pública do Estado da Paraíba - unidades de saúde gerenciadas pela Fundação Paraibana de Gestão em Saúde (PB SAÚDE) ";3811177800014010001242026;7636766;13;Fenobarbital Sódico;"dosagem: 100 ";Comprimido;0.15;2160;S;267660;M
677716;927996;5;2026;Aquisição de Medicamentos Sólidos e Líquidos visando atender às necessidades e demandas de abastecimento da Fundação Governador Flaviano Melo - FUNDHACRE;1695842500014810002952026;7457504;39;Dipirona Sódica;"dosagem: 500, apresentação: solução oral (gotas) ";Frasco;1.34;1200;S;267205;M
679735;987493;3;2026;Medicamentos controlados em atendimento às Unidades Básicas de Saúde e Unidades de Pronto Atendimento do Município de Cascavel;7620886700010710003122026;7485372;22;Fenobarbital Sódico;"dosagem: 40, forma farmacêutica: solução oral - gotas ";Frasco;5.08;2592;N;300723;M
679735;987493;3;2026;Medicamentos controlados em atendimento às Unidades Básicas de Saúde e Unidades de Pronto Atendimento do Município de Cascavel;7620886700010710003122026;7485371;21;Fenobarbital Sódico;"dosagem: 100, forma farmacêutica: solução injetável ";Ampola;2.59;720;N;300725;M
679735;987493;3;2026;Medicamentos controlados em atendimento às Unidades Básicas de Saúde e Unidades de Pronto Atendimento do Município de Cascavel;7620886700010710003122026;7485400;50;Tramadol Cloridrato;"dosagem: 50, forma farmacêutica: solução injetável ";Ampola;0.93;40320;N;292382;M
679735;987493;3;2026;Medicamentos controlados em atendimento às Unidades Básicas de Saúde e Unidades de Pronto Atendimento do Município de Cascavel;7620886700010710003122026;7485361;11;Levomepromazina;"dosagem: 100 ";Comprimido;0.65;140400;N;268129;M
677716;927996;5;2026;Aquisição de Medicamentos Sólidos e Líquidos visando atender às necessidades e demandas de abastecimento da Fundação Governador Flaviano Melo - FUNDHACRE;1695842500014810002952026;7457503;38;Dipirona Sódica;"composição: associada ao tramadol, concentração: 500 mg + 50, adicional: formulação especialmente manipulada ";Comprimido;0.13;54000;S;623182;M
679735;987493;3;2026;Medicamentos controlados em atendimento às Unidades Básicas de Saúde e Unidades de Pronto Atendimento do Município de Cascavel;7620886700010710003122026;7485398;48;Diazepam;"dosagem: 5 ";Comprimido;0.04;662400;N;267195;M
677716;927996;5;2026;Aquisição de Medicamentos Sólidos e Líquidos visando atender às necessidades e demandas de abastecimento da Fundação Governador Flaviano Melo - FUNDHACRE;1695842500014810002952026;7576345;38;Dipirona Sódica;"composição: associada ao tramadol, concentração: 500 mg + 50, adicional: formulação especialmente manipulada ";Comprimido;0.13;54000;S;623182;M
679735;987493;3;2026;Medicamentos controlados em atendimento às Unidades Básicas de Saúde e Unidades de Pronto Atendimento do Município de Cascavel;7620886700010710003122026;7485414;64;Levomepromazina;"dosagem: 25 ";Comprimido;0.52;39600;N;268128;M
