ID_COMPRA;NUMERO_UASG;NUMERO_COMPRA;ANO_COMPRA;OBJETO;CHAVE_COMPRA_PNCP;ID_ITEM;numero_item;descricao;descricao_detalhada;unidade_fornecimento;valor_estimado;quantidade_solicitada;orcamento_sigiloso;codigo_item_catalogo;tipo_item_catalogo
696890;170209;68;2026;Fornecimento de materiais de cuidado dos cães de faro da RFB, como ração, vacinas, vermífugos, carrapaticidas, suplementos, medicamentos, vitaminas e materiais de higiene, conforme necessidade ALF/AEG;0039446000014110005372026;7773562;1;Vacina;"aplicação*: uso veterinário, forma farmacêutica: suspensão injetável, outros componentes: b. bronchiseptica, tipo: inativada ";Doses;132.50;3;N;439562;M
693455;927996;53;2026;"Aquisição de MEDICAMENTOS/SUPLEMENTOS CONTROLADOS PELA PORTARIA 344/98 destinados as unidades de saúde pertencentes a Rede Hospitalar, no âmbito da Secretária de Estado de Saúde do Acre - SESACRE. ";1695842500014810003442026;7717753;40;Fenobarbital Sódico;"dosagem: 100 CONFORME DESCRITO DO TERMO DE REFERÊNCIA: ";Comprimido;0.07;509600;S;267660;M
693280;155124;34;2026;Aquisição de Medicamentos Anti-inflamatórios, analgésicos e antitérmicos por meio de Registro de Preços, a fim de atender às necessidades do Hospital Universitário Maria Aparecida Pedrossian - HUMAP/UFMS, Unidade Gestora (UG) 155124, integrante da Rede Ebserh, pelo período de 12 (doze) meses.;1512643700030510029692026;7713479;11;Tramadol Cloridrato;"dosagem: 50 ";Cápsula;0.15;1750;S;268534;M
693657;927502;356;2026;"Aquisição dos medicamentos VACINA PARA IMUNOTERAPIA SUBLINGUAL PARA ÁCARO ALTA CONCENTRAÇÃO NA DILUIÇÃO (1:4) - 6 ML, INSULINA DEGLUDECA 100 UI/ML + LIRAGLUTIDA 3,6 MG/ML, EMPAGLIFLOZINA 25 MG + LINAGLIPTINA 5 MG, METFORMINA 1000 MG, DENOSUMABE 60 MG/ML, EPINEFRINA INTRAMUSCULAR 0,3 MG, ATORVASTATINA 20 MG, EMPAGLIFLOZINA 25 MG, ALOGLIPTINA 25 MG + PIOGLITAZONA 15 MG, ANLODIPINO 5 MG + BENEZEPRIL 10 MG, BISOPROLOL 2,5 MG, ROSUVASTATINA 20 MG, RISPERIDONA 1 MG/ML e SERTRALINA 50 MG, ";0073306200010210003352026;7719485;1;Vacina;"composição 1: extrato alérgeno de ácaros, forma farmacêutica 1: injetável, tipo 1: padronizado ";Frasco;281.22;10;N;483360;M
693455;927996;53;2026;"Aquisição de MEDICAMENTOS/SUPLEMENTOS CONTROLADOS PELA PORTARIA 344/98 destinados as unidades de saúde pertencentes a Rede Hospitalar, no âmbito da Secretária de Estado de Saúde do Acre - SESACRE. ";1695842500014810003442026;7717776;63;Levomepromazina;"dosagem: 25 CONFORME DESCRITO DO TERMO DE REFERÊNCIA: ";Comprimido;0.59;609700;S;268128;M
694809;160103;56;2026;Aquisição de materiais destinados ao Canil do 50º Batalhão de Infantaria de Selva, visando atender às necessidades de alimentação, manejo, adestramento, proteção, higiene e assistência veterinária dos cães empregados nas atividades operacionais da Organização Militar, conforme especificações constantes do Termo de Referência.;0039445200010310157502026;7736255;4;Vacina;"tipo: óctupla, composição: adenovírus (2), cinomose, coronavirose, parvovírus, outros componentes: parainfluenza, componentes adicionais: l. canicola, l. icterohaemorrhagiae, forma farmacêutica: suspensão injetável, aplicação*: uso veterinário ";Doses;65.00;15;N;439508;M
693280;155124;34;2026;Aquisição de Medicamentos Anti-inflamatórios, analgésicos e antitérmicos por meio de Registro de Preços, a fim de atender às necessidades do Hospital Universitário Maria Aparecida Pedrossian - HUMAP/UFMS, Unidade Gestora (UG) 155124, integrante da Rede Ebserh, pelo período de 12 (doze) meses.;1512643700030510029692026;7713486;18;Dipirona Sódica;"dosagem: 500 ";Comprimido;0.13;24800;S;267203;M
694571;986411;30;2026;ELABORAÇÃO DE ATA DE REGISTRO DE PREÇOS PARA AQUISIÇÃO DE MEDICAMENTOS DESTINADOS AO ATENDIMENTO DA ATENÇÃO BÁSICA, UNIDADE DE PRONTO ATENDIMENTO (UPA) E SERVIÇO DE ATENDIMENTO MÓVEL DE URGÊNCIA (SAMU), DESTA MUNICIPALIDADE, COM ENTREGAS PARCELADAS CONFORME REQUISIÇÃO, COM PREVISÃO DE CONSUMO NO DECORRER DE 12 (DOZE) MESES;4784283600010510001432026;7731399;85;Clorpromazina;"dosagem: 100 ";Comprimido;0.29;100000;N;267638;M
693455;927996;53;2026;"Aquisição de MEDICAMENTOS/SUPLEMENTOS CONTROLADOS PELA PORTARIA 344/98 destinados as unidades de saúde pertencentes a Rede Hospitalar, no âmbito da Secretária de Estado de Saúde do Acre - SESACRE. ";1695842500014810003442026;7717739;26;Diazepam;"dosagem: 10 CONFORME DESCRITO DO TERMO DE REFERÊNCIA: ";Comprimido;0.05;1028300;S;267197;M
694013;160366;90002;2026;Pregão eletrônico para registro de preços visando eventual aquisição de material farmacológico, médico e hospitalar.;0039445200010310155522026;7724714;47;Diazepam;Diazepam Dosagem: 5MG;Comprimido;0.41;4000;N;267195;M
694571;986411;30;2026;ELABORAÇÃO DE ATA DE REGISTRO DE PREÇOS PARA AQUISIÇÃO DE MEDICAMENTOS DESTINADOS AO ATENDIMENTO DA ATENÇÃO BÁSICA, UNIDADE DE PRONTO ATENDIMENTO (UPA) E SERVIÇO DE ATENDIMENTO MÓVEL DE URGÊNCIA (SAMU), DESTA MUNICIPALIDADE, COM ENTREGAS PARCELADAS CONFORME REQUISIÇÃO, COM PREVISÃO DE CONSUMO NO DECORRER DE 12 (DOZE) MESES;4784283600010510001432026;7731409;95;Diazepam;"dosagem: 5, apresentação: solução injetável ";Ampola;0.73;3000;N;267194;M
694607;102118;173;2026;Aquisição de MEDICAMENTOS E MATERIAIS DIVERSOS DE USO VETERINÁRIO;6302553000010410028792026;7732489;17;Dipirona Sódica;"Dipirona Sódica, Concentração:500 MG/ML, Forma Física:Solução Injetável, Uso:Uso Veterinário Princípio ativo: Dipirona sódica; Concentração: 50 g;";Frasco;16.76;53;N;409123;M
694571;986411;30;2026;ELABORAÇÃO DE ATA DE REGISTRO DE PREÇOS PARA AQUISIÇÃO DE MEDICAMENTOS DESTINADOS AO ATENDIMENTO DA ATENÇÃO BÁSICA, UNIDADE DE PRONTO ATENDIMENTO (UPA) E SERVIÇO DE ATENDIMENTO MÓVEL DE URGÊNCIA (SAMU), DESTA MUNICIPALIDADE, COM ENTREGAS PARCELADAS CONFORME REQUISIÇÃO, COM PREVISÃO DE CONSUMO NO DECORRER DE 12 (DOZE) MESES;4784283600010510001432026;7731416;102;Dipirona Sódica;"dosagem: 500 ";Comprimido;0.11;800000;N;267203;M
695448;193126;1;2026;Aguardar o envio do processo pela unidade solicitante.;0365916600215610000262026;7745935;44;Tramadol Cloridrato;"dosagem: 50, forma farmacêutica: solução injetável ";Frasco;1.07;20;N;292382;M
695471;986713;74;2026;REGISTRO DE PREÇOS PARA O FORNECIMENTO DE MEDICAMENTOS E ANESTÉSICOS, DESTINADOS À DEMANDA DAS UNIDADES DE SAÚDE E AO SERVIÇO DE ODONTOLOGIA DO MUNICÍPIO DE MOGI DAS CRUZES.;4652327000018810003522026;7746115;2;Clorpromazina;dosagem: 5, apresentação: solução injetável CLORIDRATO DE CLORPROMAZINA 5 MG/ML, INJETÁVEL AMPOLA CONTENDO 5ML;Ampola;2.29;700;N;268069;M
696157;789300;113;2026;Aquisição de Medicamentos para CFRP;0039450200014410092902026;7759294;68;Tramadol Cloridrato;"forma farmacêutica: solução injetável, dosagem: 50 ";Ampola;1.02;30;N;292382;M
696157;789300;113;2026;Aquisição de Medicamentos para CFRP;0039450200014410092902026;7759273;47;DIAZEPAM;"APRESENTAÇÃO: SOLUÇÃO INJETÁVEL, DOSAGEM: 5 ";Ampola;2.02;20;N;267194;M
695561;155904;66;2026;Material farmacológico (grupo 09 - ciprofloxacino 500mg cp e outros);1512643700030510030452026;7747727;36;Dipirona Sódica;"dosagem: 500, apresentação: solução injetável ";Ampola;0.93;21600;S;268252;M
695561;155904;66;2026;Material farmacológico (grupo 09 - ciprofloxacino 500mg cp e outros);1512643700030510030452026;7747726;35;Dipirona Sódica;"dosagem: 500, apresentação: solução injetável ";Ampola;0.93;216000;S;268252;M
694013;160366;90002;2026;Pregão eletrônico para registro de preços visando eventual aquisição de material farmacológico, médico e hospitalar.;0039445200010310155522026;7724741;74;Dipirona sódica;Dipirona Sódica Composição: Associada À Cafeína, Concentração: 500 Mg + 65 MG;Comprimido;0.50;6000;N;606626;M
694571;986411;30;2026;ELABORAÇÃO DE ATA DE REGISTRO DE PREÇOS PARA AQUISIÇÃO DE MEDICAMENTOS DESTINADOS AO ATENDIMENTO DA ATENÇÃO BÁSICA, UNIDADE DE PRONTO ATENDIMENTO (UPA) E SERVIÇO DE ATENDIMENTO MÓVEL DE URGÊNCIA (SAMU), DESTA MUNICIPALIDADE, COM ENTREGAS PARCELADAS CONFORME REQUISIÇÃO, COM PREVISÃO DE CONSUMO NO DECORRER DE 12 (DOZE) MESES;4784283600010510001432026;7731408;94;Diazepam;"dosagem: 10 ";Comprimido;0.15;10000;N;267197;M
693947;157243;35;2026;Medicamentos Anti-Inflamatórios, Analgésicos e Antitérmicos;1512643700030510029992026;7723367;13;Tramadol Cloridrato;"dosagem: 50, forma farmacêutica: solução injetável ";Ampola;1.20;240;S;292382;M
693455;927996;53;2026;"Aquisição de MEDICAMENTOS/SUPLEMENTOS CONTROLADOS PELA PORTARIA 344/98 destinados as unidades de saúde pertencentes a Rede Hospitalar, no âmbito da Secretária de Estado de Saúde do Acre - SESACRE. ";1695842500014810003442026;7717815;102;Tramadol Cloridrato;"dosagem: 50 CONFORME DESCRITO DO TERMO DE REFERÊNCIA: ";Comprimido;0.19;141700;S;268534;M
694673;927761;183;2026;"O objeto da presente licitação é a Aquisição de Medicamentos Diversos 17, conforme condições, quantidades e exigências estabelecidas neste Edital e seus anexos.   ";2906329400018210002272026;7733125;1;Prometazina Cloridrato;"dosagem: 25 ";Comprimido;0.29;1000;N;267768;M
693947;157243;35;2026;Medicamentos Anti-Inflamatórios, Analgésicos e Antitérmicos;1512643700030510029992026;7723374;20;Dipirona Sódica;"dosagem: 500, apresentação: solução injetável ";Ampola;0.56;249600;S;268252;M
694688;925402;80;2026;Aquisição de materiais e medicamentos para atender às necessidades da equipe multiprofissional da Coordenadoria de Saúde (COSAU).;2505313300015710000742026;7733362;24;Dipirona Sódica;"composição: associada à cafeína e isometepteno, concentração: 300mg + 30mg + 50mg/ml, uso: solução oral - gotas ";Comprimido;14.54;10;N;272576;M
696890;170209;68;2026;Fornecimento de materiais de cuidado dos cães de faro da RFB, como ração, vacinas, vermífugos, carrapaticidas, suplementos, medicamentos, vitaminas e materiais de higiene, conforme necessidade ALF/AEG;0039446000014110005372026;7773563;2;Vacina;"aplicação*: uso veterinário, componentes adicionais: leptospira diversa, composição: adenovírus (2), cinomose, coronavirose, parvovírus, forma farmacêutica: suspensão injetável, outros componentes: parainfluenza, tipo: déctupla ";Doses;109.00;3;N;439507;M
694797;160416;183;2026;Aquisição de medicamentos de uso geral em proveito do Hospital Geral de santa Maria (HGeSM) e unidades Participantes;0039445200010310157402026;7735896;81;Dipirona Sódica;Dipirona Sódica, Dosagem:500 MG DIPIRONA, DOSAGEM 500 mg-  APRESENTAÇÃO COMPRIMIDOS / CÁPSULAS;Comprimido;0.14;30980;N;267203;M
693947;157243;35;2026;Medicamentos Anti-Inflamatórios, Analgésicos e Antitérmicos;1512643700030510029992026;7723368;14;Tramadol Cloridrato;"dosagem: 50 ";Cápsula;0.15;630;N;268534;M
694013;160366;90002;2026;Pregão eletrônico para registro de preços visando eventual aquisição de material farmacológico, médico e hospitalar.;0039445200010310155522026;7724670;3;Tramadol cloridrato;Tramadol Cloridrato Dosagem: 50MG;Comprimido;0.24;5500;N;268534;M
694571;986411;30;2026;ELABORAÇÃO DE ATA DE REGISTRO DE PREÇOS PARA AQUISIÇÃO DE MEDICAMENTOS DESTINADOS AO ATENDIMENTO DA ATENÇÃO BÁSICA, UNIDADE DE PRONTO ATENDIMENTO (UPA) E SERVIÇO DE ATENDIMENTO MÓVEL DE URGÊNCIA (SAMU), DESTA MUNICIPALIDADE, COM ENTREGAS PARCELADAS CONFORME REQUISIÇÃO, COM PREVISÃO DE CONSUMO NO DECORRER DE 12 (DOZE) MESES;4784283600010510001432026;7731580;266;Tramadol Cloridrato;"dosagem: 50, forma farmacêutica: solução injetável ";Ampola;0.89;20000;N;292382;M
694571;986411;30;2026;ELABORAÇÃO DE ATA DE REGISTRO DE PREÇOS PARA AQUISIÇÃO DE MEDICAMENTOS DESTINADOS AO ATENDIMENTO DA ATENÇÃO BÁSICA, UNIDADE DE PRONTO ATENDIMENTO (UPA) E SERVIÇO DE ATENDIMENTO MÓVEL DE URGÊNCIA (SAMU), DESTA MUNICIPALIDADE, COM ENTREGAS PARCELADAS CONFORME REQUISIÇÃO, COM PREVISÃO DE CONSUMO NO DECORRER DE 12 (DOZE) MESES;4784283600010510001432026;7731477;163;Levomepromazina;"dosagem: 25 ";Comprimido;0.49;120000;N;268128;M
694571;986411;30;2026;ELABORAÇÃO DE ATA DE REGISTRO DE PREÇOS PARA AQUISIÇÃO DE MEDICAMENTOS DESTINADOS AO ATENDIMENTO DA ATENÇÃO BÁSICA, UNIDADE DE PRONTO ATENDIMENTO (UPA) E SERVIÇO DE ATENDIMENTO MÓVEL DE URGÊNCIA (SAMU), DESTA MUNICIPALIDADE, COM ENTREGAS PARCELADAS CONFORME REQUISIÇÃO, COM PREVISÃO DE CONSUMO NO DECORRER DE 12 (DOZE) MESES;4784283600010510001432026;7731418;104;Dipirona Sódica;"dosagem: 500, apresentação: solução injetável ";Ampola;0.47;150000;N;268252;M
694013;160366;90002;2026;Pregão eletrônico para registro de preços visando eventual aquisição de material farmacológico, médico e hospitalar.;0039445200010310155522026;7724668;1;Dipirona sódica;Dipirona Sódica Concentração: 1G;Comprimido;0.56;19000;N;410023;M
693280;155124;34;2026;Aquisição de Medicamentos Anti-inflamatórios, analgésicos e antitérmicos por meio de Registro de Preços, a fim de atender às necessidades do Hospital Universitário Maria Aparecida Pedrossian - HUMAP/UFMS, Unidade Gestora (UG) 155124, integrante da Rede Ebserh, pelo período de 12 (doze) meses.;1512643700030510029692026;7713480;12;Tramadol Cloridrato;"dosagem: 50, forma farmacêutica: solução injetável ";Ampola;0.96;17800;S;292382;M
694571;986411;30;2026;ELABORAÇÃO DE ATA DE REGISTRO DE PREÇOS PARA AQUISIÇÃO DE MEDICAMENTOS DESTINADOS AO ATENDIMENTO DA ATENÇÃO BÁSICA, UNIDADE DE PRONTO ATENDIMENTO (UPA) E SERVIÇO DE ATENDIMENTO MÓVEL DE URGÊNCIA (SAMU), DESTA MUNICIPALIDADE, COM ENTREGAS PARCELADAS CONFORME REQUISIÇÃO, COM PREVISÃO DE CONSUMO NO DECORRER DE 12 (DOZE) MESES;4784283600010510001432026;7731548;234;Prometazina Cloridrato;"dosagem: 25 ";Comprimido;0.12;300000;N;267768;M
694201;928243;26;2026;REGISTRO DE PREÇOS PARA EVENTUAL AQUISIÇÃO DE RAÇÃO SUPER PREMIUM, MATERIAIS VETERINÁRIOS DE CONSUMO, MEDICAMENTOS VETERINÁRIOS, EQUIPAMENTOS OPERACIONAIS, TÁTICOS E DE ADESTRAMENTO PARA CONDICIONAMENTO FÍSICO, BEM COMO A CONTRATAÇÃO DE SERVIÇOS DE ASSISTÊNCIA MÉDICA VETERINÁRIA, DIVIDIDOS EM 07 (SETE) LOTES, VISANDO ATENDER ÀS NECESSIDADES OPERACIONAIS E DE SAÚDE DO GRUPAMENTO DE CÃES (CANIL) DA GUARDA MUNICIPAL DE MARABÁ.;0585316300013010003092026;7727015;2;Vacina;Vacina, Tipo:Déctupla, Composição:Adenovírus (2), Cinomose, Coronavirose, Parvovírus, Outros Componentes:Parainfluenza, Componentes Adicionais:Leptospira Diversa, Forma Farmacêutica:Suspensão Injetável, Aplicação*:Uso Veterinário Vacina virose importada com aplicação (auxiliar na prevenção da cinomose, hepatite, parainfluenza, coronavírus, parvovírus e leptospiroses).;Doses;59.90;12;N;439507;M
694571;986411;30;2026;ELABORAÇÃO DE ATA DE REGISTRO DE PREÇOS PARA AQUISIÇÃO DE MEDICAMENTOS DESTINADOS AO ATENDIMENTO DA ATENÇÃO BÁSICA, UNIDADE DE PRONTO ATENDIMENTO (UPA) E SERVIÇO DE ATENDIMENTO MÓVEL DE URGÊNCIA (SAMU), DESTA MUNICIPALIDADE, COM ENTREGAS PARCELADAS CONFORME REQUISIÇÃO, COM PREVISÃO DE CONSUMO NO DECORRER DE 12 (DOZE) MESES;4784283600010510001432026;7731435;121;Fenobarbital Sódico;"dosagem: 100 ";Comprimido;0.15;150000;N;267660;M
693366;155126;42;2026;Registro de Preços para a aquisição de MEDICAMENTOS GERAIS INJETÁVEIS, a fim de atender às necessidades do Hospital Universitário Professor Alberto Antunes (HUPAA/UFAL), Unidade Gestora (UG) 155126, pertencente à Rede da Empresa Brasileira de Serviços Hospitalares (Rede Ebserh), por um período de 12 (doze) meses. Pregoeiro ALEX PESSOA ACIOLI DE SANTANA (Pregão Eletrônico nº 90043/2026).;1512643700030510029762026;7716681;51;Dipirona Sódica;Dipirona Sódica, Dosagem:500 MG/ML, Apresentação:Solução Injetável Conforme Anexo I - Descrição Detalhada e Quantitativos do Objeto.;Ampola;1.50;120000;S;268252;M
695876;160433;77;2026;medicamentos para a farmácia do 19° BIMTZ;0039445200010310159342026;7755389;8;Diazepam;dosagem: 10 Verificar descrição detalhada do item;Comprimido;0.07;100;N;267197;M
694013;160366;90002;2026;Pregão eletrônico para registro de preços visando eventual aquisição de material farmacológico, médico e hospitalar.;0039445200010310155522026;7724740;73;Diazepam;Diazepam Concentração: 5 MG/ML, Forma Farmaceutica: Solução Oral, Adicional: Formulação Especialmente Manipulada;Comprimido;1.04;3600;N;479702;M
700933;925449;24;2026;"Aquisição eventual de Medicamentos Sujeitos à Controle Especial orais e outros, para  atender a necessidade de 12 (doze) meses nas clínicas e unidades de terapia intensiva da  Fundação Pública Estadual Hospital de Clínicas Gaspar Vianna (FHCGV). ";2298097300017710001552026;7855097;12;Diazepam;"dosagem: 5 Diazepam 5mg ";Comprimido;0.17;15000;N;267195;M
698758;458250;4;2026;"REGISTRO DE PREÇOS PARA FUTURA E EVENTUAL AQUISIÇÃO MEDICAMENTOS FARMÁCIA BÁSICA E HOSPITALARES, PARA ATENDER OS MUNICÍPIOS CONSORCIADOS A ESTE CIMCERO/RO, POR UM PERÍODO ESTIMADO DE 12 (DOZE) MESES, CONFORME ESPECIFICAÇÕES TÉCNICAS, UNIDADES E QUANTIDADES DEFINIDAS NESTE ESTUDO E SEUS ANEXOS. ";0204922700015710000272026;7825829;227;Diazepam;"dosagem: 5, apresentação: solução injetável ";Ampola;1.82;18510;N;267194;M
698575;257054;44;2026;Aquisições de medicamentos.;0039454400018510016552026;7808903;69;DIAZEPAM;"DOSAGEM: 5 ";Comprimido;0.05;4600;N;267195;M
698758;458250;4;2026;"REGISTRO DE PREÇOS PARA FUTURA E EVENTUAL AQUISIÇÃO MEDICAMENTOS FARMÁCIA BÁSICA E HOSPITALARES, PARA ATENDER OS MUNICÍPIOS CONSORCIADOS A ESTE CIMCERO/RO, POR UM PERÍODO ESTIMADO DE 12 (DOZE) MESES, CONFORME ESPECIFICAÇÕES TÉCNICAS, UNIDADES E QUANTIDADES DEFINIDAS NESTE ESTUDO E SEUS ANEXOS. ";0204922700015710000272026;7825806;204;Clorpromazina;Clorpromazina, Dosagem:25 Mg CLORPROMAZINA, 25 MG.;Comprimido;0.40;302550;N;267635;M
697620;927658;231;2026;Registro de preços para futura e eventual aquisição de medicamentos básicos e complementares, atendendo às demandas dos municípios Consorciados ao CISALV.;0233493300014010002502026;7791970;57;Tramadol Cloridrato;"dosagem: 50, forma farmacêutica: solução injetável ";Ampola;1.37;2300;N;292382;M
700684;450161;1940;2026;"PE DGA 90339/2026 - Registro de Preços de medicamentos controlados com amostra  ";4606842500013310016452026;7851980;18;Tramadol Cloridrato;"dosagem: 50 ";Comprimido;0.56;4000;S;268534;M
700330;110001;90019;2026;Registro de preços para eventual aquisição de medicamentos;0039441100010910001462026;7846577;38;Prometazina Cloridrato;Prometazina Cloridrato Dosagem: 25MG/ML, Apresentação: Solução Injetável;Ampola 2,00 ML;4.13;2000;N;267769;M
694567;930260;3;2026;Aquisição de medicamentos humanos, para serem utilizados na prevenção e tratamento de doenças nos animais do plantel do Jardim Zoológico,para atender às necessidades dos parques e do Jardim Zoológico da Fundação de Parques Municipais e Zoobotânica (FPMZB).;0727622000019110000182026;7731143;87;Dipirona Sódica;"dosagem: 50, apresentação: solução oral ";Frasco;11.48;20;N;267206;M
700717;462314;14;2026;SISTEMA DE REGISTRO DE PREÇOS PARA AQUISIÇÃO DE MEDICAMENTOS SOB CONTROLE ESPECIAL PARA O INSTITUTO CÂNDIDA VARGAS;3550173300019410000252026;7852451;11;Diazepam;concentração: 10, forma farmaceutica: solução injetável Em caso de divergência entre disposições deste Edital e de seus anexos ou demais peças que compõem o processo,  prevalecerá as deste Edital;Ampola;1.88;1500;S;395147;M
697148;155016;25;2026;Registro de Preços para a Aquisição de Medicamentos para hemodiálise e Diálise peritoneal, a fim de atender às necessidades do Hospital Universitário da Universidade Federal da Grande Dourados HU/UFGD, Unidade Gestora (UG) 155016, HU Brasil, razão social Empresa Brasileira de Serviços Hospitalares, pertencente à Rede da HU Brasil, por um período de 12 (doze) meses.;1512643700030510030942026;7782149;25;Dipirona Sódica;"dosagem: 500 ";Comprimido;0.13;360;S;267203;M
694013;160366;90002;2026;Pregão eletrônico para registro de preços visando eventual aquisição de material farmacológico, médico e hospitalar.;0039445200010310155522026;7724669;2;Tramadol cloridrato;Tramadol Cloridrato Dosagem: 100MG;Comprimido;1.24;5500;N;309441;M
694567;930260;3;2026;Aquisição de medicamentos humanos, para serem utilizados na prevenção e tratamento de doenças nos animais do plantel do Jardim Zoológico,para atender às necessidades dos parques e do Jardim Zoológico da Fundação de Parques Municipais e Zoobotânica (FPMZB).;0727622000019110000182026;7731166;110;Dipirona Sódica;"dosagem: 500, apresentação: solução injetável ";Ampola;1.90;50;N;268252;M
695609;120629;216;2026;Aquisição de materiais e medicamentos veterinários para atender ao Pelotão de Cães de Guerra (PCG) e equinos do Pelotão de Policia Montada (PPMont) do Esquadrão de Policia da Aeronáutica (EPA) do Grupo de Segurança e Defesa de Canoas (GSD-CO), responsáveis por operações de faro e de patrulha montada no âmbito da BACO, nos termos da tabela abaixo, conforme condições e exigências estabelecidas neste instrumento.;0039442900010010018712026;7749236;24;Vacina;Vacina, Tipo:Inativada, Outros Componentes:S. Equi, Forma Farmacêutica:Suspensão Injetável, Aplicação*:Uso Veterinário Sem informações;Doses;32.48;5;N;446139;M
697620;927658;231;2026;Registro de preços para futura e eventual aquisição de medicamentos básicos e complementares, atendendo às demandas dos municípios Consorciados ao CISALV.;0233493300014010002502026;7791950;37;Levomepromazina;"dosagem: 25 ";Comprimido;0.57;6900;N;268128;M
697117;112408;263;2026;Aquisição de Medicamentos - Parte II;0327761000012510004072026;7781395;131;Prometazina Cloridrato;"dosagem: 25, apresentação: solução injetável ";Ampola;4.42;2085;N;267769;M
700447;783701;100;2026;O objeto do presente procedimento é a seleção da proposta mais vantajosa para a contratação, por dispensa de licitação, de empresa especializada para fornecimento de medicamentos, visando atender às necessidades desta OMH, conforme as condições, quantidades e exigências estabelecidas neste Aviso de Contratação Direta e em seus anexos.;0039450200014410097972026;7848567;11;Dipirona Sódica;"dosagem: 500 ";Comprimido;0.20;1080;N;267203;M
698758;458250;4;2026;"REGISTRO DE PREÇOS PARA FUTURA E EVENTUAL AQUISIÇÃO MEDICAMENTOS FARMÁCIA BÁSICA E HOSPITALARES, PARA ATENDER OS MUNICÍPIOS CONSORCIADOS A ESTE CIMCERO/RO, POR UM PERÍODO ESTIMADO DE 12 (DOZE) MESES, CONFORME ESPECIFICAÇÕES TÉCNICAS, UNIDADES E QUANTIDADES DEFINIDAS NESTE ESTUDO E SEUS ANEXOS. ";0204922700015710000272026;7825898;296;Fenobarbital Sódico;Fenobarbital Sódico, Dosagem:100 MG FENOBARBITAL SàDICO, 100 MG.;Comprimido;0.28;528750;N;267660;M
698575;257054;44;2026;Aquisições de medicamentos.;0039454400018510016552026;7808981;147;DIPIRONA SÓDICA;"APRESENTAÇÃO: SOLUÇÃO INJETÁVEL, DOSAGEM: 500 ";Ampola;0.64;2500;N;268252;M
698758;458250;4;2026;"REGISTRO DE PREÇOS PARA FUTURA E EVENTUAL AQUISIÇÃO MEDICAMENTOS FARMÁCIA BÁSICA E HOSPITALARES, PARA ATENDER OS MUNICÍPIOS CONSORCIADOS A ESTE CIMCERO/RO, POR UM PERÍODO ESTIMADO DE 12 (DOZE) MESES, CONFORME ESPECIFICAÇÕES TÉCNICAS, UNIDADES E QUANTIDADES DEFINIDAS NESTE ESTUDO E SEUS ANEXOS. ";0204922700015710000272026;7825842;240;Dipirona Sódica;"dosagem: 500, apresentação: solução injetável ";Ampola;0.69;604400;N;268252;M
698758;458250;4;2026;"REGISTRO DE PREÇOS PARA FUTURA E EVENTUAL AQUISIÇÃO MEDICAMENTOS FARMÁCIA BÁSICA E HOSPITALARES, PARA ATENDER OS MUNICÍPIOS CONSORCIADOS A ESTE CIMCERO/RO, POR UM PERÍODO ESTIMADO DE 12 (DOZE) MESES, CONFORME ESPECIFICAÇÕES TÉCNICAS, UNIDADES E QUANTIDADES DEFINIDAS NESTE ESTUDO E SEUS ANEXOS. ";0204922700015710000272026;7825843;241;Dipirona Sódica;"dosagem: 500, apresentação: solução oral (gotas) ";Frasco;1.17;132300;N;267205;M
699736;925003;278;2026;"AQUISIÇÃO DE VACINAS PARA ATENDIMENTO DE DEMANDA JUDICIAL ";1386437700013010012592026;7835633;1;Vacina;composição 1: extrato alérgeno de ácaros, forma farmacêutica 1: injetável, tipo 1: padronizado Vacina de alérgenos composta - dermatophagides pteronyssinus 50% e dermatophagides farinae 50%, frasco conta gotas de 6 ml, diluição 1:10.000;Frasco;500.00;1;N;483360;M
700933;925449;24;2026;"Aquisição eventual de Medicamentos Sujeitos à Controle Especial orais e outros, para  atender a necessidade de 12 (doze) meses nas clínicas e unidades de terapia intensiva da  Fundação Pública Estadual Hospital de Clínicas Gaspar Vianna (FHCGV). ";2298097300017710001552026;7855098;13;Diazepam;"dosagem: 10 Diazepam 10mg ";Comprimido;0.21;10000;N;267197;M
699108;983049;7;2026;Futura e eventual aquisição de medicamentos e correlatos para atender as demandas do Fundo Municipal de Saúde do Município de Varzedo;1346026600016910000622026;7820449;73;Prometazina Cloridrato;"dosagem: 25 ";Comprimido;0.36;70000;N;267768;M
698758;458250;4;2026;"REGISTRO DE PREÇOS PARA FUTURA E EVENTUAL AQUISIÇÃO MEDICAMENTOS FARMÁCIA BÁSICA E HOSPITALARES, PARA ATENDER OS MUNICÍPIOS CONSORCIADOS A ESTE CIMCERO/RO, POR UM PERÍODO ESTIMADO DE 12 (DOZE) MESES, CONFORME ESPECIFICAÇÕES TÉCNICAS, UNIDADES E QUANTIDADES DEFINIDAS NESTE ESTUDO E SEUS ANEXOS. ";0204922700015710000272026;7825807;205;Clorpromazina;"concentração: 40, forma farmaceutica: solução oral - gotas ";Frasco;29.33;2216;N;340207;M
698793;925448;9;2026;Registro de Preços Para Eventual Aquisição de Medicamentos Psicotrópicos e Anestesicos.;0492934500018510001712026;7816152;56;Tramadol Cloridrato;"dosagem: 50, forma farmacêutica: solução injetável ";Ampola;1.43;37900;N;292382;M
698793;925448;9;2026;Registro de Preços Para Eventual Aquisição de Medicamentos Psicotrópicos e Anestesicos.;0492934500018510001712026;7816107;11;Clorpromazina;"dosagem: 5, apresentação: solução injetável ";Ampola;3.66;2000;N;268069;M
694567;930260;3;2026;Aquisição de medicamentos humanos, para serem utilizados na prevenção e tratamento de doenças nos animais do plantel do Jardim Zoológico,para atender às necessidades dos parques e do Jardim Zoológico da Fundação de Parques Municipais e Zoobotânica (FPMZB).;0727622000019110000182026;7731138;82;Tramadol Cloridrato;"dosagem: 50, forma farmacêutica: solução injetável ";Ampola;2.50;300;N;292382;M
694571;986411;30;2026;ELABORAÇÃO DE ATA DE REGISTRO DE PREÇOS PARA AQUISIÇÃO DE MEDICAMENTOS DESTINADOS AO ATENDIMENTO DA ATENÇÃO BÁSICA, UNIDADE DE PRONTO ATENDIMENTO (UPA) E SERVIÇO DE ATENDIMENTO MÓVEL DE URGÊNCIA (SAMU), DESTA MUNICIPALIDADE, COM ENTREGAS PARCELADAS CONFORME REQUISIÇÃO, COM PREVISÃO DE CONSUMO NO DECORRER DE 12 (DOZE) MESES;4784283600010510001432026;7731436;122;Fenobarbital Sódico;"dosagem: 40, forma farmacêutica: solução oral - gotas ";Frasco;4.39;1000;N;300723;M
694013;160366;90002;2026;Pregão eletrônico para registro de preços visando eventual aquisição de material farmacológico, médico e hospitalar.;0039445200010310155522026;7724722;55;Prometazina Cloridrato;Prometazina Cloridrato Dosagem: 25MG/ML, Apresentação: Solução Injetável;Ampola 2,00 ML;2.86;5500;N;267769;M
693326;155914;20;2026;Aquisição de Material Farmacológico (Solução de Pequeno e Grande Volume);1512643700030510029842026;7714770;2;Diluente De Vacina;"composição: cloreto de sódio, fenolato, concentração: até 0,9%, forma farmacêutica: solução injetável, esterilidade: estéril ";Mililitro;16.00;200;S;624425;M
700064;926769;109;2026;FORNECIMENTO DE MEDICAMENTOS DIVERSOS PARA ATENDER O HOSPITAL VETERINÁRIO-UEL E HOSPITAL UNIVERSITÁRIO DE LONDRINA.;7864048900015310005582026;7839668;9;Diazepam;"dosagem: 5, apresentação: solução injetável ";Ampola;0.81;2000;N;267194;M
697991;453714;49;2026;O objeto da presente licitação é o registro de preço para a aquisição de medicamentos humanos, visando atender às necessidades dos projetos, contratos, convênios e demais instrumentos correlatos celebrados pela Fundação de Apoio à Pesquisa, ao Ensino e à Cultura – FAPEC, conforme condições, quantidades e exigências estabelecidas neste Edital e seus anexos.;1551369000015010000672026;7802011;39;Fenobarbital Sódico;"dosagem: 100, forma farmacêutica: solução injetável ";Ampola;3.16;125;N;300725;M
698536;990202;394;2026;Constituição de SRP visando futuras aquisições de medicamentos;4448028300019110000442026;7808046;108;Levomepromazina;"Levomepromazina, Dosagem:40 MG/ML, Apresentação:Solução Oral ";Frasco;13.17;50;N;268130;M
700484;783200;106;2026;Aquisição de materiais para recomposição do estoque (odontológico e medicamentos) para a seção de saúde deste Batalhão.;0039450200014410098022026;7849412;44;Dipirona Sódica;"dosagem: 500, apresentação: solução injetável ";Ampola;1.43;500;N;268252;M
698758;458250;4;2026;"REGISTRO DE PREÇOS PARA FUTURA E EVENTUAL AQUISIÇÃO MEDICAMENTOS FARMÁCIA BÁSICA E HOSPITALARES, PARA ATENDER OS MUNICÍPIOS CONSORCIADOS A ESTE CIMCERO/RO, POR UM PERÍODO ESTIMADO DE 12 (DOZE) MESES, CONFORME ESPECIFICAÇÕES TÉCNICAS, UNIDADES E QUANTIDADES DEFINIDAS NESTE ESTUDO E SEUS ANEXOS. ";0204922700015710000272026;7825841;239;Dipirona Sódica;Dipirona Sódica, Dosagem:500 MG DIPIRONA SàDICA, 500 MG.;Comprimido;0.52;4655650;N;267203;M
699108;983049;7;2026;Futura e eventual aquisição de medicamentos e correlatos para atender as demandas do Fundo Municipal de Saúde do Município de Varzedo;1346026600016910000622026;7820450;74;Prometazina Cloridrato;"dosagem: 25, apresentação: solução injetável ";Frasco;7.26;1000;N;267769;M
700717;462314;14;2026;SISTEMA DE REGISTRO DE PREÇOS PARA AQUISIÇÃO DE MEDICAMENTOS SOB CONTROLE ESPECIAL PARA O INSTITUTO CÂNDIDA VARGAS;3550173300019410000252026;7852483;43;Tramadol Cloridrato;dosagem: 50, forma farmacêutica: solução injetável Em caso de divergência entre disposições deste Edital e de seus anexos ou demais peças que compõem o processo, prevalecerá as deste Edital;Ampola;1.99;15000;S;292382;M
700933;925449;24;2026;"Aquisição eventual de Medicamentos Sujeitos à Controle Especial orais e outros, para  atender a necessidade de 12 (doze) meses nas clínicas e unidades de terapia intensiva da  Fundação Pública Estadual Hospital de Clínicas Gaspar Vianna (FHCGV). ";2298097300017710001552026;7855113;28;Prometazina Cloridrato;"dosagem: 25 Prometazina  (cloridrato)  25mg ";Comprimido;0.36;30000;N;267768;M
698793;925448;9;2026;Registro de Preços Para Eventual Aquisição de Medicamentos Psicotrópicos e Anestesicos.;0492934500018510001712026;7816126;30;Levomepromazina;"dosagem: 40, apresentação: solução oral ";Frasco;15.14;150;N;268130;M
699457;160139;5;2026;Aquisição de medicamentos para o H Gu JP;0039445200010310164822026;7831494;49;Clorpromazina;"dosagem: 5, apresentação: solução injetável ";Ampola;4.21;600;S;268069;M
699870;791010;239;2026;Aquisição de Consumíveis;0039450200014410097212026;7837687;27;Dipirona Sódica;"dosagem: 500 ";Cápsula;0.39;1300;N;267203;M
699768;925373;118;2026;Registro de Preços destinado à futura e eventual aquisição de medicamentos do Grupo SÓLIDOS II, tendo como objetivo atender às necessidades cíclicas e regulares de abastecimento das Unidades de Saúde Hospitalares e Ambulatoriais, vinculadas à Secretaria de Estado da Saúde – SESAU/RO, pelo período de 1 (um) ano.;0469649000016310000942026;7835879;70;Levomepromazina;dosagem: 100 COMPRIMIDO 100mg;Comprimido;0.83;110480;N;268129;M
696157;789300;113;2026;Aquisição de Medicamentos para CFRP;0039450200014410092902026;7759230;4;DIPIRONA SÓDICA;"APRESENTAÇÃO: SOLUÇÃO INJETÁVEL, DOSAGEM: 500 ";Ampola;2.48;80;N;268252;M
695568;160167;47;2026;Aquisição de material de consumo para uso Médico-Hospitalar e Odontológico, classificados com a finalidade de recompor o estoque de insumos médicos e odontológicos do 53º BIS, visando atender às demandas assistenciais, preventivas e de pronto atendimento em missões diárias e extraordinárias, conforme especificações, quantitativos e exigências estabelecidas;0039445200010310159042026;7747865;3;Dipirona Sódica;Dipirona Sódica, Dosagem:500 MG Item de condumo saúde;Ampola;1.00;3000;N;267203;M
695568;160167;47;2026;Aquisição de material de consumo para uso Médico-Hospitalar e Odontológico, classificados com a finalidade de recompor o estoque de insumos médicos e odontológicos do 53º BIS, visando atender às demandas assistenciais, preventivas e de pronto atendimento em missões diárias e extraordinárias, conforme especificações, quantitativos e exigências estabelecidas;0039445200010310159042026;7747864;2;Dipirona Sódica;Dipirona Sódica, Dosagem:500 MG Item de condumo saúde;Comprimido;0.39;8000;N;267203;M
698994;90146;357;2026;AQUISIÇÃO DE MEDICAMENTOS.;4637450000019410065512026;7819288;24;Diazepam;"dosagem: 5 ";Comprimido;0.10;2280;S;267195;M
698793;925448;9;2026;Registro de Preços Para Eventual Aquisição de Medicamentos Psicotrópicos e Anestesicos.;0492934500018510001712026;7816112;16;Diazepam;"dosagem: 10 ";Comprimido;0.11;750;N;267197;M
700064;926769;109;2026;FORNECIMENTO DE MEDICAMENTOS DIVERSOS PARA ATENDER O HOSPITAL VETERINÁRIO-UEL E HOSPITAL UNIVERSITÁRIO DE LONDRINA.;7864048900015310005582026;7839683;24;Tramadol Cloridrato;"dosagem: 50 ";Cápsula;0.15;4000;N;268534;M
700039;90201;103;2026;Registro de Preços para aquisição de medicamentos, itens com venc Out/2026 PERP 066/2026;4637450000019410066282026;7839381;3;Levomepromazina;"dosagem: 25 ";Comprimido;0.38;1959460;S;268128;M
696351;160359;98;2026;O objeto da presente licitação é aquisição de material de consumo farmacológico, conforme condições, quantidades e exigências estabelecidas no Edital e seus anexos;0039445200010310159862026;7762246;210;Prometazina Cloridrato;"dosagem: 20, apresentação: creme ";Bisnaga;9.10;680;N;269389;M
696351;160359;98;2026;O objeto da presente licitação é aquisição de material de consumo farmacológico, conforme condições, quantidades e exigências estabelecidas no Edital e seus anexos;0039445200010310159862026;7762121;85;Diazepam;Diazepam, Dosagem:5 MG/ML, Apresentação:Solução Injetável bens comuns;Ampola;1.07;2850;N;267194;M
694781;154069;35;2026;Aquisição de gêneros de alimentação (Grupo 3007), aquisição de animais para pesquisa e abate (Grupo 3008), aquisição de materiais e medicamentos para uso veterinário (Grupo 3018), aquisição de alimentos para animais (Grupo 3006),;2118680400010510000452026;7735304;67;Vacina;"tipo: viva, composição: rinotraqueíte infecciosa bovina (ibr), outros componentes: diarréia viral bovina (bv), parainfluenza 3 (pi3), componentes adicionais: vírus sincicial bovino (brsv), forma farmacêutica: injetável, aplicação*: uso veterinário ";Frasco-Ampola;1883.33;10;N;624113;M
696157;789300;113;2026;Aquisição de Medicamentos para CFRP;0039450200014410092902026;7759228;2;DIPIRONA SÓDICA;"DOSAGEM: 500 ";Comprimido;5.26;40;N;267203;M
696157;789300;113;2026;Aquisição de Medicamentos para CFRP;0039450200014410092902026;7759274;48;DIAZEPAM;"DOSAGEM: 2 ";Ampola;0.74;20;N;267196;M
696157;789300;113;2026;Aquisição de Medicamentos para CFRP;0039450200014410092902026;7759269;43;DIAZEPAM;"DOSAGEM: 5 ";Comprimido;0.23;20;N;267195;M
694201;928243;26;2026;REGISTRO DE PREÇOS PARA EVENTUAL AQUISIÇÃO DE RAÇÃO SUPER PREMIUM, MATERIAIS VETERINÁRIOS DE CONSUMO, MEDICAMENTOS VETERINÁRIOS, EQUIPAMENTOS OPERACIONAIS, TÁTICOS E DE ADESTRAMENTO PARA CONDICIONAMENTO FÍSICO, BEM COMO A CONTRATAÇÃO DE SERVIÇOS DE ASSISTÊNCIA MÉDICA VETERINÁRIA, DIVIDIDOS EM 07 (SETE) LOTES, VISANDO ATENDER ÀS NECESSIDADES OPERACIONAIS E DE SAÚDE DO GRUPAMENTO DE CÃES (CANIL) DA GUARDA MUNICIPAL DE MARABÁ.;0585316300013010003092026;7727017;4;Vacina;tipo: viva atenuada, outros componentes: b. bronchiseptica, componentes adicionais: parainfluenza, forma farmacêutica: suspensão injetável, aplicação*: uso veterinário Vacina para gripe canina com aplicação (prevenção da tosse dos canis / Bordetella Bronchiseptica).;Doses;80.00;8;N;439563;M
694567;930260;3;2026;Aquisição de medicamentos humanos, para serem utilizados na prevenção e tratamento de doenças nos animais do plantel do Jardim Zoológico,para atender às necessidades dos parques e do Jardim Zoológico da Fundação de Parques Municipais e Zoobotânica (FPMZB).;0727622000019110000182026;7731114;58;Tramadol Cloridrato;"dosagem: 100 ";Comprimido;8.35;50;N;309441;M
696351;160359;98;2026;O objeto da presente licitação é aquisição de material de consumo farmacológico, conforme condições, quantidades e exigências estabelecidas no Edital e seus anexos;0039445200010310159862026;7762131;95;Dipirona Sódica;Dipirona Sódica, Dosagem:500 MG/ML, Apresentação:Solução Oral (Gotas) bens comuns;Frasco;1.20;2050;N;267205;M
696351;160359;98;2026;O objeto da presente licitação é aquisição de material de consumo farmacológico, conforme condições, quantidades e exigências estabelecidas no Edital e seus anexos;0039445200010310159862026;7762245;209;Prometazina Cloridrato;Prometazina Cloridrato, Dosagem:25 MG/ML, Apresentação:Solução Injetável bens comuns;Ampola;4.59;10050;N;267769;M
694571;986411;30;2026;ELABORAÇÃO DE ATA DE REGISTRO DE PREÇOS PARA AQUISIÇÃO DE MEDICAMENTOS DESTINADOS AO ATENDIMENTO DA ATENÇÃO BÁSICA, UNIDADE DE PRONTO ATENDIMENTO (UPA) E SERVIÇO DE ATENDIMENTO MÓVEL DE URGÊNCIA (SAMU), DESTA MUNICIPALIDADE, COM ENTREGAS PARCELADAS CONFORME REQUISIÇÃO, COM PREVISÃO DE CONSUMO NO DECORRER DE 12 (DOZE) MESES;4784283600010510001432026;7731397;83;Clorpromazina;"dosagem: 5, apresentação: solução injetável ";Ampola;3.21;1000;N;268069;M
693947;157243;35;2026;Medicamentos Anti-Inflamatórios, Analgésicos e Antitérmicos;1512643700030510029992026;7723376;22;Dipirona Sódica;"dosagem: 500 ";Comprimido;0.14;273000;S;267203;M
694571;986411;30;2026;ELABORAÇÃO DE ATA DE REGISTRO DE PREÇOS PARA AQUISIÇÃO DE MEDICAMENTOS DESTINADOS AO ATENDIMENTO DA ATENÇÃO BÁSICA, UNIDADE DE PRONTO ATENDIMENTO (UPA) E SERVIÇO DE ATENDIMENTO MÓVEL DE URGÊNCIA (SAMU), DESTA MUNICIPALIDADE, COM ENTREGAS PARCELADAS CONFORME REQUISIÇÃO, COM PREVISÃO DE CONSUMO NO DECORRER DE 12 (DOZE) MESES;4784283600010510001432026;7731579;265;Tramadol Cloridrato;"dosagem: 50 ";Cápsula;0.12;600000;N;268534;M
697060;985853;366;2026;Registro de preços para o fornecimento de medicamentos, fórmulas nutricionais, alimentos especiais e insumos de saúde, destinados ao cumprimento de decisões judiciais da Farmácia Municipal de Maricá.;2913107500019310003482026;7776863;237;Fenobarbital Sódico;"dosagem: 100 ";Comprimido;0.24;5460;N;267660;M
698793;925448;9;2026;Registro de Preços Para Eventual Aquisição de Medicamentos Psicotrópicos e Anestesicos.;0492934500018510001712026;7816106;10;Clorpromazina;"concentração: 40, forma farmaceutica: solução oral - gotas ";Frasco;10.01;150;N;340207;M
699108;983049;7;2026;Futura e eventual aquisição de medicamentos e correlatos para atender as demandas do Fundo Municipal de Saúde do Município de Varzedo;1346026600016910000622026;7820448;72;Tramadol Cloridrato;"dosagem: 50, forma farmacêutica: solução injetável ";Ampola;2.04;200;N;292382;M
699108;983049;7;2026;Futura e eventual aquisição de medicamentos e correlatos para atender as demandas do Fundo Municipal de Saúde do Município de Varzedo;1346026600016910000622026;7820486;110;Fenobarbital Sódico;"dosagem: 200, forma farmacêutica: solução injetável ";Ampola;5.00;800;N;300722;M
698758;458250;4;2026;"REGISTRO DE PREÇOS PARA FUTURA E EVENTUAL AQUISIÇÃO MEDICAMENTOS FARMÁCIA BÁSICA E HOSPITALARES, PARA ATENDER OS MUNICÍPIOS CONSORCIADOS A ESTE CIMCERO/RO, POR UM PERÍODO ESTIMADO DE 12 (DOZE) MESES, CONFORME ESPECIFICAÇÕES TÉCNICAS, UNIDADES E QUANTIDADES DEFINIDAS NESTE ESTUDO E SEUS ANEXOS. ";0204922700015710000272026;7825805;203;Clorpromazina;Clorpromazina, Dosagem:100 MG CLORPROMAZINA, 100 MG.;Comprimido;0.39;635550;N;267638;M
698793;925448;9;2026;Registro de Preços Para Eventual Aquisição de Medicamentos Psicotrópicos e Anestesicos.;0492934500018510001712026;7816116;20;Fenobarbital Sódico;"dosagem: 100 ";Comprimido;0.23;3000;N;267660;M
700130;785511;40;2026;Aquisição de medicamentos para recomposição e abastecimento da dotação regulamentar da enfermaria de bordo, visando garantir a segurança sanitária e o atendimento de urgência e emergência à tripulação.;0039450200014410097642026;7840679;32;PROMETAZINA CLORIDRATO;"CONCENTRAÇÃO: 50, FORMA FARMACEUTICA: SOLUÇÃO INJETÁVEL ";Ampola;7.32;1;N;600706;M
698536;990202;394;2026;Constituição de SRP visando futuras aquisições de medicamentos;4448028300019110000442026;7808039;101;Levomepromazina;"Levomepromazina, Dosagem:100 MG ";Comprimido;0.74;2000;N;268129;M
698536;990202;394;2026;Constituição de SRP visando futuras aquisições de medicamentos;4448028300019110000442026;7808038;100;Levomepromazina;"Levomepromazina, Dosagem:25 MG ";Comprimido;0.54;4500;N;268128;M
696157;789300;113;2026;Aquisição de Medicamentos para CFRP;0039450200014410092902026;7759227;1;DIPIRONA SÓDICA;"APRESENTAÇÃO: SOLUÇÃO ORAL (GOTAS), DOSAGEM: 500 ";Frasco;6.80;40;N;267205;M
695568;160167;47;2026;Aquisição de material de consumo para uso Médico-Hospitalar e Odontológico, classificados com a finalidade de recompor o estoque de insumos médicos e odontológicos do 53º BIS, visando atender às demandas assistenciais, preventivas e de pronto atendimento em missões diárias e extraordinárias, conforme especificações, quantitativos e exigências estabelecidas;0039445200010310159042026;7747901;39;Prometazina Cloridrato;Prometazina Cloridrato, Dosagem:25 MG/ML, Apresentação:Solução Injetável Item de condumo saúde;Ampola;4.05;1000;N;267769;M
696157;789300;113;2026;Aquisição de Medicamentos para CFRP;0039450200014410092902026;7759271;45;DIAZEPAM;"CONCENTRAÇÃO: 2, FORMA FARMACEUTICA: SOLUÇÃO RETAL ";Comprimido;0.06;20;N;623299;M
694201;928243;26;2026;REGISTRO DE PREÇOS PARA EVENTUAL AQUISIÇÃO DE RAÇÃO SUPER PREMIUM, MATERIAIS VETERINÁRIOS DE CONSUMO, MEDICAMENTOS VETERINÁRIOS, EQUIPAMENTOS OPERACIONAIS, TÁTICOS E DE ADESTRAMENTO PARA CONDICIONAMENTO FÍSICO, BEM COMO A CONTRATAÇÃO DE SERVIÇOS DE ASSISTÊNCIA MÉDICA VETERINÁRIA, DIVIDIDOS EM 07 (SETE) LOTES, VISANDO ATENDER ÀS NECESSIDADES OPERACIONAIS E DE SAÚDE DO GRUPAMENTO DE CÃES (CANIL) DA GUARDA MUNICIPAL DE MARABÁ.;0585316300013010003092026;7727016;3;serviço de vacinação padrão veterinário;serviço de vacinação padrão veterinário Vacina antirrábica com aplicação (Imunização contra raiva).;NULL;45.43;8;N;30192;S
694567;930260;3;2026;Aquisição de medicamentos humanos, para serem utilizados na prevenção e tratamento de doenças nos animais do plantel do Jardim Zoológico,para atender às necessidades dos parques e do Jardim Zoológico da Fundação de Parques Municipais e Zoobotânica (FPMZB).;0727622000019110000182026;7731086;30;Prometazina Cloridrato;"dosagem: 25, apresentação: solução injetável ";Ampola;3.51;50;N;267769;M
694571;986411;30;2026;ELABORAÇÃO DE ATA DE REGISTRO DE PREÇOS PARA AQUISIÇÃO DE MEDICAMENTOS DESTINADOS AO ATENDIMENTO DA ATENÇÃO BÁSICA, UNIDADE DE PRONTO ATENDIMENTO (UPA) E SERVIÇO DE ATENDIMENTO MÓVEL DE URGÊNCIA (SAMU), DESTA MUNICIPALIDADE, COM ENTREGAS PARCELADAS CONFORME REQUISIÇÃO, COM PREVISÃO DE CONSUMO NO DECORRER DE 12 (DOZE) MESES;4784283600010510001432026;7731407;93;Diazepam;"dosagem: 10 ";Comprimido;0.04;500000;N;267197;M
694413;931041;14;2026;Registro de preços para aquisição parcelada de medicamentos destinados ao Departamento de Farmácia da FUNBEPE;5900646000017010000652026;7729121;7;Clorpromazina;"dosagem: 5, apresentação: solução injetável ";Ampola;3.97;300;N;268069;M
693276;765000;63;2026;Conforme Edital e anexos.;0039450200014410090562026;7713449;1;VACINA;"COMPOSIÇÃO: VARICELA, FORMA FARMACEUTICA: PÓ LIÓFILO P/ INJETÁVEL + DILUENTE, TIPO: ATENUADA ";Doses;270.00;220;N;453092;M
693455;927996;53;2026;"Aquisição de MEDICAMENTOS/SUPLEMENTOS CONTROLADOS PELA PORTARIA 344/98 destinados as unidades de saúde pertencentes a Rede Hospitalar, no âmbito da Secretária de Estado de Saúde do Acre - SESACRE. ";1695842500014810003442026;7717741;28;Diazepam;"dosagem: 5, apresentação: solução injetável CONFORME DESCRITO DO TERMO DE REFERÊNCIA: ";Ampola;1.13;67600;S;267194;M
693455;927996;53;2026;"Aquisição de MEDICAMENTOS/SUPLEMENTOS CONTROLADOS PELA PORTARIA 344/98 destinados as unidades de saúde pertencentes a Rede Hospitalar, no âmbito da Secretária de Estado de Saúde do Acre - SESACRE. ";1695842500014810003442026;7717734;21;Clorpromazina;"dosagem: 5, apresentação: solução injetável CONFORME DESCRITO DO TERMO DE REFERÊNCIA: ";Ampola;3.23;18200;S;268069;M
696157;789300;113;2026;Aquisição de Medicamentos para CFRP;0039450200014410092902026;7759259;33;PROMETAZINA CLORIDRATO;"APRESENTAÇÃO: SOLUÇÃO INJETÁVEL, DOSAGEM: 25 ";Ampola;7.05;15;N;267769;M
694081;92501;378;2026;Aquisição de medicamentos de uso humano, destinados ao atendimento das necessidades assistenciais da instituição, visando garantir o abastecimento da farmácia hospitalar e a continuidade dos tratamentos dos pacientes, conforme especificações técnicas e quantitativas definidos no planejamento da contratação.;1247470500012010002722026;7725538;4;Fenobarbital Sódico;"dosagem: 100 ";Comprimido;0.30;1600;S;267660;M
694567;930260;3;2026;Aquisição de medicamentos humanos, para serem utilizados na prevenção e tratamento de doenças nos animais do plantel do Jardim Zoológico,para atender às necessidades dos parques e do Jardim Zoológico da Fundação de Parques Municipais e Zoobotânica (FPMZB).;0727622000019110000182026;7731167;111;Diazepam;"dosagem: 5, apresentação: solução injetável ";Ampola;0.81;20;N;267194;M
698793;925448;9;2026;Registro de Preços Para Eventual Aquisição de Medicamentos Psicotrópicos e Anestesicos.;0492934500018510001712026;7816111;15;Diazepam;"adicional: formulação especialmente manipulada, concentração: 5, forma farmaceutica: solução oral ";Ampola;1.08;4900;N;479702;M
699736;925003;278;2026;"AQUISIÇÃO DE VACINAS PARA ATENDIMENTO DE DEMANDA JUDICIAL ";1386437700013010012592026;7835636;4;Vacina;composição 1: extrato alérgeno de ácaros, forma farmacêutica 1: injetável, tipo 1: padronizado Vacina de alérgenos composta - dermatophagides pteronyssinus 50% e dermatophagides farinae 50%, frasco conta gotas de 6 ml, diluição 1:10;Frasco;789.30;2;N;483360;M
694797;160416;183;2026;Aquisição de medicamentos de uso geral em proveito do Hospital Geral de santa Maria (HGeSM) e unidades Participantes;0039445200010310157402026;7736001;186;Prometazina Cloridrato;Prometazina Cloridrato, Dosagem:25 MG PROMETAZINA (CLORIDRATO), DOSAGEM  25mg, COMPRIMIDO REVESTIDO -  APRESENTAÇÃO CAIXA COM NO MÁXIMO 60 COMPRIMIDOS;Comprimido;0.32;3143;N;267768;M
695448;193126;1;2026;Aguardar o envio do processo pela unidade solicitante.;0365916600215610000262026;7745934;43;Dipirona Sódica;"concentração: 500, forma física: solução injetável, uso: uso veterinário ";Frasco;15.88;2;N;409123;M
695304;943001;151;2026;O objeto da licitação é o Registro de Preço para futuras e eventuais aquisições de medicamentos, nas condições estabelecidas neste edital e seus anexos.;0795448000017910203702026;7744217;9;Levomepromazina;dosagem: 40, apresentação: solução oral HAVENDO DIVERGÊNCIAS ENTRE AS ESPECIFICAÇÕES DO EDITAL E SEUS ANEXOS E  AS DO SISTEMA, PREVALECERÃO AS DO EDITAL EM TODAS AS SUAS CLÁUSULAS;Frasco;12.69;240;N;268130;M
694797;160416;183;2026;Aquisição de medicamentos de uso geral em proveito do Hospital Geral de santa Maria (HGeSM) e unidades Participantes;0039445200010310157402026;7735895;80;Dipirona Sódica;Dipirona Sódica, Dosagem:500 MG/ML, Apresentação:Solução Injetável DIPIRONA (SÓDICA), DOSAGEM 500 mg/mL - SOLUÇÃO INJETÁVEL- Ampola  2mL;Ampola;1.18;21427;N;268252;M
693366;155126;42;2026;Registro de Preços para a aquisição de MEDICAMENTOS GERAIS INJETÁVEIS, a fim de atender às necessidades do Hospital Universitário Professor Alberto Antunes (HUPAA/UFAL), Unidade Gestora (UG) 155126, pertencente à Rede da Empresa Brasileira de Serviços Hospitalares (Rede Ebserh), por um período de 12 (doze) meses. Pregoeiro ALEX PESSOA ACIOLI DE SANTANA (Pregão Eletrônico nº 90043/2026).;1512643700030510029762026;7716669;39;Prometazina Cloridrato;Prometazina Cloridrato, Dosagem:25 MG/ML, Apresentação:Solução Injetável Conforme Anexo I - Descrição Detalhada e Quantitativos do Objeto.;Ampola;4.90;750;S;267769;M
698793;925448;9;2026;Registro de Preços Para Eventual Aquisição de Medicamentos Psicotrópicos e Anestesicos.;0492934500018510001712026;7816118;22;Fenobarbital Sódico;"dosagem: 40, forma farmacêutica: solução oral - gotas ";Frasco;4.90;500;N;300723;M
693455;927996;53;2026;"Aquisição de MEDICAMENTOS/SUPLEMENTOS CONTROLADOS PELA PORTARIA 344/98 destinados as unidades de saúde pertencentes a Rede Hospitalar, no âmbito da Secretária de Estado de Saúde do Acre - SESACRE. ";1695842500014810003442026;7717736;23;Clorpromazina;"dosagem: 25 mg CONFORME DESCRITO DO TERMO DE REFERÊNCIA: ";Comprimido;0.34;361400;S;267635;M
700665;927502;381;2026;Aquisição dos medicamentos VACINA MENINGOCÓCICA G, VACINA HERPES ZÓSTER, INSULINA DEGLUDECA 100 UI/ML - 3 ML, GLIMEPIRIDA 4 MG, APIXABANA 2,5 MG, CANDESARTANA 8 MG + HIDROCLOROTIAZIDA 12,5 MG, ROSUVASTATINA 10 MG + EZETIMIBA 10 MG e BISOPROLOL 5 MG, conforme solicitações médicas anexadas nos autos, através de Dispensa de Licitação, com fulcro no artigo 75, inciso VIII, da Lei nº 14.133, de 01 de abril de 2021;0073306200010210003662026;7851867;2;Vacina;composição: pneumocócica 20-valente, forma farmaceutica: suspensão injetável, tipo: conjugada VACINA HERPES ZÓSTER;Doses;906.67;2;N;629395;M
695609;120629;216;2026;Aquisição de materiais e medicamentos veterinários para atender ao Pelotão de Cães de Guerra (PCG) e equinos do Pelotão de Policia Montada (PPMont) do Esquadrão de Policia da Aeronáutica (EPA) do Grupo de Segurança e Defesa de Canoas (GSD-CO), responsáveis por operações de faro e de patrulha montada no âmbito da BACO, nos termos da tabela abaixo, conforme condições e exigências estabelecidas neste instrumento.;0039442900010010018712026;7749234;22;Vacina;Vacina, Composição:S. Cholerae Suis E Variedade Kunzendorf, Forma Farmacêutica:Suspensão Injetável, Aplicação*:Uso Veterinário Sem informações;Doses;32.90;24;N;439556;M
696157;789300;113;2026;Aquisição de Medicamentos para CFRP;0039450200014410092902026;7759229;3;DIPIRONA SÓDICA;"APRESENTAÇÃO: SOLUÇÃO INJETÁVEL, DOSAGEM: 500 ";Ampola;2.48;80;N;268252;M
693947;157243;35;2026;Medicamentos Anti-Inflamatórios, Analgésicos e Antitérmicos;1512643700030510029992026;7723366;12;Tramadol Cloridrato;"dosagem: 50, forma farmacêutica: solução injetável ";Ampola;1.24;27930;S;292382;M
698875;986219;208;2026;AQUISIÇÃO DE MEDICAMENTOS PARA O ABASTECIMENTO DAS UNIDADES BÁSICAS DE SAÚDE, ATENDIMENTO ESPECIALIZADO E URGÊNCIA E EMERGÊNCIA, DEVIDAMENTE ESPECIFICADOS NO ANEXO I DO EDITAL, ATRAVÉS DO SISTEMA DE REGISTRO DE PREÇOS;4613741000018010005722026;7817460;21;Prometazina Cloridrato;Prometazina Cloridrato, Dosagem:25 MG MEDICAMENTOS;Comprimido;0.68;590000;N;267768;M
697117;112408;263;2026;Aquisição de Medicamentos - Parte II;0327761000012510004072026;7830872;130;Prometazina Cloridrato;"dosagem: 25 ";Comprimido;0.60;1465;N;267768;M
700047;90133;122;2026;Aquisição de Medicamentos para atendimento Demanda Judicial;4637450000019410066322026;7839488;1;Fenobarbital Sódico;dosagem: 40, forma farmacêutica: solução oral - gotas Conteúdo Sigiloso. Justificativa: Orçamento estimado da contratação poderá ter caráter sigiloso, desde que justificado (artigos 12, parágrafo único, II, 18 § 1º, VI e 24 da Lei Federal 14.133/2021.;Frasco;8.40;108;S;300723;M
697060;985853;366;2026;Registro de preços para o fornecimento de medicamentos, fórmulas nutricionais, alimentos especiais e insumos de saúde, destinados ao cumprimento de decisões judiciais da Farmácia Municipal de Maricá.;2913107500019310003482026;7806212;265;Tramadol Cloridrato;"dosagem: 100 ";Ampola;6.35;1872;N;309441;M
698758;458250;4;2026;"REGISTRO DE PREÇOS PARA FUTURA E EVENTUAL AQUISIÇÃO MEDICAMENTOS FARMÁCIA BÁSICA E HOSPITALARES, PARA ATENDER OS MUNICÍPIOS CONSORCIADOS A ESTE CIMCERO/RO, POR UM PERÍODO ESTIMADO DE 12 (DOZE) MESES, CONFORME ESPECIFICAÇÕES TÉCNICAS, UNIDADES E QUANTIDADES DEFINIDAS NESTE ESTUDO E SEUS ANEXOS. ";0204922700015710000272026;7826128;526;Prometazina Cloridrato;"dosagem: 25 ";Ampola;1.57;4350;N;267768;M
694571;986411;30;2026;ELABORAÇÃO DE ATA DE REGISTRO DE PREÇOS PARA AQUISIÇÃO DE MEDICAMENTOS DESTINADOS AO ATENDIMENTO DA ATENÇÃO BÁSICA, UNIDADE DE PRONTO ATENDIMENTO (UPA) E SERVIÇO DE ATENDIMENTO MÓVEL DE URGÊNCIA (SAMU), DESTA MUNICIPALIDADE, COM ENTREGAS PARCELADAS CONFORME REQUISIÇÃO, COM PREVISÃO DE CONSUMO NO DECORRER DE 12 (DOZE) MESES;4784283600010510001432026;7731479;165;Levomepromazina;"dosagem: 40, apresentação: solução oral ";Frasco;11.55;3000;N;268130;M
693947;157243;35;2026;Medicamentos Anti-Inflamatórios, Analgésicos e Antitérmicos;1512643700030510029992026;7762986;20;Dipirona Sódica;"dosagem: 500, apresentação: solução injetável ";Ampola;0.56;249600;S;268252;M
693280;155124;34;2026;Aquisição de Medicamentos Anti-inflamatórios, analgésicos e antitérmicos por meio de Registro de Preços, a fim de atender às necessidades do Hospital Universitário Maria Aparecida Pedrossian - HUMAP/UFMS, Unidade Gestora (UG) 155124, integrante da Rede Ebserh, pelo período de 12 (doze) meses.;1512643700030510029692026;7713481;13;Tramadol Cloridrato;"dosagem: 50, forma farmacêutica: solução injetável ";Ampola;0.87;12500;S;292382;M
698575;257054;44;2026;Aquisições de medicamentos.;0039454400018510016552026;7808972;138;CLORPROMAZINA;"DOSAGEM: 100 ";Comprimido;0.35;4000;N;267638;M
698575;257054;44;2026;Aquisições de medicamentos.;0039454400018510016552026;7808948;114;PROMETAZINA CLORIDRATO;"APRESENTAÇÃO: SOLUÇÃO INJETÁVEL, DOSAGEM: 25 ";Ampola;3.43;500;N;267769;M
700717;462314;14;2026;SISTEMA DE REGISTRO DE PREÇOS PARA AQUISIÇÃO DE MEDICAMENTOS SOB CONTROLE ESPECIAL PARA O INSTITUTO CÂNDIDA VARGAS;3550173300019410000252026;7852450;10;Diazepam;dosagem: 5 Em caso de divergência entre disposições deste Edital e de seus anexos ou demais peças que compõem o processo,  prevalecerá as deste Edital;Comprimido;0.22;1500;S;267195;M
697089;155020;24;2026;Registro de Preços para a aquisição de medicamentos gerais sólidos, semissólidos e líquidos I, a fim de atender às necessidades do Hospital Universitário Walter Cantídio e Maternidade-Escola Assis Chateaubriand da Rede HU Brasil, Unidade Gestora (UG) UASG 155020 - COMPLEXO HOSPITALAR DA UNIVERSIDADE FEDERAL DO CEARÁ, pertencente à Rede HU Brasil, por um período de 12 (doze) meses.;1512643700030510030922026;7779886;58;Prometazina Cloridrato;"dosagem: 25 ";Comprimido;0.21;1800;S;267768;M
700692;926922;282;2026;Futura e eventual aquisição de medicamentos de uso humano, que serão utilizados pelos pacientes atendidos na Rede Municipal de Saúde de Uberlândia.;1843131200100610000092026;7852136;18;Tramadol Cloridrato;"dosagem: 50, forma farmacêutica: solução injetável ";Ampola;1.26;400000;N;292382;M
699323;928303;3;2026;Registro de Preço, para futura, eventual e parcelada aquisição de medicamentos, materiais hospitalares, odontológicos e medicamentos sob ordem judicial, atendimento às necessidades da Secretaria Municipal de Saúde, durante o período de 12 (doze) meses.;1135990400012410000282026;7826545;123;Diazepam;concentração: 5, forma farmaceutica: solução oral, adicional: formulação especialmente manipulada DIAZEPAM 5MG COMPRIMIDO;Comprimido;0.12;20000;S;479702;M
698994;90146;357;2026;AQUISIÇÃO DE MEDICAMENTOS.;4637450000019410065512026;7819297;33;Fenobarbital Sódico;"dosagem: 50 ";Comprimido;0.50;300;S;273626;M
699108;983049;7;2026;Futura e eventual aquisição de medicamentos e correlatos para atender as demandas do Fundo Municipal de Saúde do Município de Varzedo;1346026600016910000622026;7820436;60;Levomepromazina;"Levomepromazina, Dosagem:100 MG ";Comprimido;2.02;2000;N;268129;M
698758;458250;4;2026;"REGISTRO DE PREÇOS PARA FUTURA E EVENTUAL AQUISIÇÃO MEDICAMENTOS FARMÁCIA BÁSICA E HOSPITALARES, PARA ATENDER OS MUNICÍPIOS CONSORCIADOS A ESTE CIMCERO/RO, POR UM PERÍODO ESTIMADO DE 12 (DOZE) MESES, CONFORME ESPECIFICAÇÕES TÉCNICAS, UNIDADES E QUANTIDADES DEFINIDAS NESTE ESTUDO E SEUS ANEXOS. ";0204922700015710000272026;7825901;299;Fenobarbital Sódico;"dosagem: 40, forma farmacêutica: solução oral - gotas ";Frasco;14.81;3322;N;300723;M
699108;983049;7;2026;Futura e eventual aquisição de medicamentos e correlatos para atender as demandas do Fundo Municipal de Saúde do Município de Varzedo;1346026600016910000622026;7820416;40;Diazepam;"Diazepam, Dosagem:10 MG ";Comprimido;0.13;20000;N;267197;M
699298;450522;304;2026;"Registro de Preço para Eventual e Futura Aquisição de Medicamentos de Uso Hospitalar, para atender asnecessidades da Secretaria Municipal de Saúde por um período ";0410481600011610002122026;7825458;19;Diazepam;dosagem: 5, apresentação: solução injetável Diazepam Dosagem: 5 MG/ML Apresentação: Solução Injetável Ampola 2mL;Ampola;1.67;1800;N;267194;M
699108;983049;7;2026;Futura e eventual aquisição de medicamentos e correlatos para atender as demandas do Fundo Municipal de Saúde do Município de Varzedo;1346026600016910000622026;7820438;62;Levomepromazina;"Levomepromazina, Dosagem:40 MG/ML, Apresentação:Solução Oral ";Frasco;20.79;200;N;268130;M
699108;983049;7;2026;Futura e eventual aquisição de medicamentos e correlatos para atender as demandas do Fundo Municipal de Saúde do Município de Varzedo;1346026600016910000622026;7820420;44;Fenobarbital Sódico;"Fenobarbital Sódico, Dosagem:100 MG ";Comprimido;0.49;100000;N;267660;M
698793;925448;9;2026;Registro de Preços Para Eventual Aquisição de Medicamentos Psicotrópicos e Anestesicos.;0492934500018510001712026;7816117;21;Fenobarbital Sódico;"dosagem: 100, forma farmacêutica: solução injetável ";Ampola;3.33;9400;N;300725;M
698291;157243;54;2026;Aquisição de Concentrados de Vacina;1512643700030510031392026;7805285;3;Vacina;"composição: extrato alergênico (até 5 antígenos), forma farmaceutica: injetável, característica adicional: liberação prolongada, características adicionais 1: especialmente manipulada ";Frasco;505.00;2;N;455973;M
698536;990202;394;2026;Constituição de SRP visando futuras aquisições de medicamentos;4448028300019110000442026;7807943;5;Dipirona Sódica;"Dipirona Sódica, Dosagem:500 MG ";Comprimido;0.14;130000;N;267203;M
699457;160139;5;2026;Aquisição de medicamentos para o H Gu JP;0039445200010310164822026;7831492;47;Fenobarbital Sódico;"dosagem: 200, forma farmacêutica: solução injetável ";Ampola;5.00;400;S;300722;M
700130;785511;40;2026;Aquisição de medicamentos para recomposição e abastecimento da dotação regulamentar da enfermaria de bordo, visando garantir a segurança sanitária e o atendimento de urgência e emergência à tripulação.;0039450200014410097642026;7840673;26;DILUENTE DE VACINA;"ADICIONAL: TAMPAS COLORIDAS, COMPOSIÇÃO: ÁGUA PARA INJEÇÃO, ESTERILIDADE: ESTÉRIL, FORMA FARMACÊUTICA: LÍQUIDO ";Mililitro;0.11;530;N;624422;M
693947;157243;35;2026;Medicamentos Anti-Inflamatórios, Analgésicos e Antitérmicos;1512643700030510029992026;7762980;14;Tramadol Cloridrato;"dosagem: 50 ";Cápsula;0.15;630;S;268534;M
697060;985853;366;2026;Registro de preços para o fornecimento de medicamentos, fórmulas nutricionais, alimentos especiais e insumos de saúde, destinados ao cumprimento de decisões judiciais da Farmácia Municipal de Maricá.;2913107500019310003482026;7776891;265;Tramadol Cloridrato;"dosagem: 100 ";Ampola;6.35;1872;N;309441;M
694398;92301;262;2026;PENICILINA G POTASSICA 5.000.000 UI SOL INJ FA, METADONA (CLORIDRATO) 10 MG/ML SOLUCAO INJETAVEL AMPOLA 1 ML, RISPERIDONA 1 MG COMPRIMIDO, LAMOTRIGINA 25 MG COMPRIMIDO, SUFENTANILA (CITRATO) 50 MCG/ML AMPOLA 1 ML, OLANZAPINA 5 MG COMPRIMIDO, RISPERIDONA 2, PRAMIPEXOL (DICLORIDRATO) 0,25 MG COMPRIMIDO, LIDOCAINA (CLORIDRATO) 2% SOL INJ CARPULE 1,8 ML, PREGABALINA 75MG CAPSULA, DIPIRONA MONOIDRATADA 500 MG/ML, SOLUÇÃO ORAL FRASCO 10 ML, LORAZEPAM 2 MG COMPRIMIDO;6044804000012210005092026;7728855;11;Dipirona Sódica;"dosagem: 500 ";Frasco;1.34;15346;S;267203;M
700684;450161;1940;2026;"PE DGA 90339/2026 - Registro de Preços de medicamentos controlados com amostra  ";4606842500013310016452026;7851971;9;Diazepam;"dosagem: 5 ";Comprimido;0.06;9990;S;267195;M
697991;453714;49;2026;O objeto da presente licitação é o registro de preço para a aquisição de medicamentos humanos, visando atender às necessidades dos projetos, contratos, convênios e demais instrumentos correlatos celebrados pela Fundação de Apoio à Pesquisa, ao Ensino e à Cultura – FAPEC, conforme condições, quantidades e exigências estabelecidas neste Edital e seus anexos.;1551369000015010000672026;7802052;80;Tramadol Cloridrato;"dosagem: 50, forma farmacêutica: liberação lenta ";Ampola;1.25;1000;N;309436;M
698291;157243;54;2026;Aquisição de Concentrados de Vacina;1512643700030510031392026;7805283;1;Vacina;"composição 1: extrato alérgeno de insetos, tipo 1: não padronizado, forma farmacêutica 1: injetável ";Frasco;305.00;2;N;483359;M
693366;155126;42;2026;Registro de Preços para a aquisição de MEDICAMENTOS GERAIS INJETÁVEIS, a fim de atender às necessidades do Hospital Universitário Professor Alberto Antunes (HUPAA/UFAL), Unidade Gestora (UG) 155126, pertencente à Rede da Empresa Brasileira de Serviços Hospitalares (Rede Ebserh), por um período de 12 (doze) meses. Pregoeiro ALEX PESSOA ACIOLI DE SANTANA (Pregão Eletrônico nº 90043/2026).;1512643700030510029762026;7799828;39;Prometazina Cloridrato;Prometazina Cloridrato, Dosagem:25 MG/ML, Apresentação:Solução Injetável Conforme Anexo I - Descrição Detalhada e Quantitativos do Objeto.;Ampola;4.90;750;S;267769;M
699768;925373;118;2026;Registro de Preços destinado à futura e eventual aquisição de medicamentos do Grupo SÓLIDOS II, tendo como objetivo atender às necessidades cíclicas e regulares de abastecimento das Unidades de Saúde Hospitalares e Ambulatoriais, vinculadas à Secretaria de Estado da Saúde – SESAU/RO, pelo período de 1 (um) ano.;0469649000016310000942026;7835822;13;Diazepam;dosagem: 10 COMPRIMIDO 10mg;Comprimido;0.05;30160;N;267197;M
700717;462314;14;2026;SISTEMA DE REGISTRO DE PREÇOS PARA AQUISIÇÃO DE MEDICAMENTOS SOB CONTROLE ESPECIAL PARA O INSTITUTO CÂNDIDA VARGAS;3550173300019410000252026;7852457;17;Fenobarbital Sódico;dosagem: 100 Em caso de divergência entre disposições deste Edital e de seus anexos ou demais peças que compõem o processo,  prevalecerá as deste Edital;Comprimido;0.31;2500;S;267660;M
699736;925003;278;2026;"AQUISIÇÃO DE VACINAS PARA ATENDIMENTO DE DEMANDA JUDICIAL ";1386437700013010012592026;7835634;2;Vacina;"composição 1: extrato alérgeno de ácaros, forma farmacêutica 1: injetável, tipo 1: padronizado Vacina de alérgenos composta - dermatophagides pteronyssinus 50% e dermatophagides farinae 50%, frasco conta gotas de 6 ml, diluição 1:1000 ";Frasco;500.00;1;N;483360;M
696351;160359;98;2026;O objeto da presente licitação é aquisição de material de consumo farmacológico, conforme condições, quantidades e exigências estabelecidas no Edital e seus anexos;0039445200010310159862026;7762244;208;Prometazina Cloridrato;Prometazina Cloridrato, Dosagem:25 MG bens comuns;Comprimido;0.21;19400;N;267768;M
693947;157243;35;2026;Medicamentos Anti-Inflamatórios, Analgésicos e Antitérmicos;1512643700030510029992026;7762978;12;Tramadol Cloridrato;"dosagem: 50, forma farmacêutica: solução injetável ";Ampola;1.24;27930;S;292382;M
697089;155020;24;2026;Registro de Preços para a aquisição de medicamentos gerais sólidos, semissólidos e líquidos I, a fim de atender às necessidades do Hospital Universitário Walter Cantídio e Maternidade-Escola Assis Chateaubriand da Rede HU Brasil, Unidade Gestora (UG) UASG 155020 - COMPLEXO HOSPITALAR DA UNIVERSIDADE FEDERAL DO CEARÁ, pertencente à Rede HU Brasil, por um período de 12 (doze) meses.;1512643700030510030922026;7779859;31;Dipirona Sódica;"dosagem: 500 ";Comprimido;0.19;53400;S;267203;M
698536;990202;394;2026;Constituição de SRP visando futuras aquisições de medicamentos;4448028300019110000442026;7807957;19;Clorpromazina;"Clorpromazina, Dosagem:25 Mg ";Comprimido;0.32;18000;N;267635;M
697060;985853;366;2026;Registro de preços para o fornecimento de medicamentos, fórmulas nutricionais, alimentos especiais e insumos de saúde, destinados ao cumprimento de decisões judiciais da Farmácia Municipal de Maricá.;2913107500019310003482026;7806184;237;Fenobarbital Sódico;"dosagem: 100 ";Comprimido;0.24;5460;N;267660;M
698536;990202;394;2026;Constituição de SRP visando futuras aquisições de medicamentos;4448028300019110000442026;7807956;18;Clorpromazina;"Clorpromazina, Dosagem:100 MG ";Comprimido;0.54;5000;N;267638;M
697920;928285;64;2026;PE 87/2026 - Registro de preços para aquisição de medicamentos;1481413900018310001362026;7801104;15;Dipirona Sódica;"dosagem: 500, apresentação: solução injetável ";Ampola;0.49;400000;N;268252;M
698575;257054;44;2026;Aquisições de medicamentos.;0039454400018510016552026;7808991;157;FENOBARBITAL SÓDICO;"FORMA FARMACÊUTICA: SOLUÇÃO ORAL - GOTAS, DOSAGEM: 40 ";Frasco;5.16;800;N;300723;M
698758;458250;4;2026;"REGISTRO DE PREÇOS PARA FUTURA E EVENTUAL AQUISIÇÃO MEDICAMENTOS FARMÁCIA BÁSICA E HOSPITALARES, PARA ATENDER OS MUNICÍPIOS CONSORCIADOS A ESTE CIMCERO/RO, POR UM PERÍODO ESTIMADO DE 12 (DOZE) MESES, CONFORME ESPECIFICAÇÕES TÉCNICAS, UNIDADES E QUANTIDADES DEFINIDAS NESTE ESTUDO E SEUS ANEXOS. ";0204922700015710000272026;7825827;225;Diazepam;Diazepam, Dosagem:10 MG DIAZEPAM, 10 MG.;Comprimido;0.06;500550;N;267197;M
698865;532101;1092;2026;FENOBARBITAL 100 MG COMPRIMIDO, HALOPERIDOL 5MG COMPRIMIDO, HALOPERIDOL 5MG COMPRIMIDO e MORFINA, SULFATO 30MG COMPRIMIDO;6074731800016210010922026;7816579;1;Fenobarbital Sódico;"dosagem: 100 ";Comprimido;0.20;41040;S;267660;M
698758;458250;4;2026;"REGISTRO DE PREÇOS PARA FUTURA E EVENTUAL AQUISIÇÃO MEDICAMENTOS FARMÁCIA BÁSICA E HOSPITALARES, PARA ATENDER OS MUNICÍPIOS CONSORCIADOS A ESTE CIMCERO/RO, POR UM PERÍODO ESTIMADO DE 12 (DOZE) MESES, CONFORME ESPECIFICAÇÕES TÉCNICAS, UNIDADES E QUANTIDADES DEFINIDAS NESTE ESTUDO E SEUS ANEXOS. ";0204922700015710000272026;7826127;525;Prometazina Cloridrato;"dosagem: 25, apresentação: solução injetável ";Ampola;2.19;55900;N;267769;M
699298;450522;304;2026;"Registro de Preço para Eventual e Futura Aquisição de Medicamentos de Uso Hospitalar, para atender asnecessidades da Secretaria Municipal de Saúde por um período ";0410481600011610002122026;7825476;37;Prometazina Cloridrato;dosagem: 25, apresentação: solução injetável Prometazina Cloridrato Dosagem: 25 mg/mL Apresentação: Solução Injetável Ampola 2mL;Ampola;4.20;9000;N;267769;M
698758;458250;4;2026;"REGISTRO DE PREÇOS PARA FUTURA E EVENTUAL AQUISIÇÃO MEDICAMENTOS FARMÁCIA BÁSICA E HOSPITALARES, PARA ATENDER OS MUNICÍPIOS CONSORCIADOS A ESTE CIMCERO/RO, POR UM PERÍODO ESTIMADO DE 12 (DOZE) MESES, CONFORME ESPECIFICAÇÕES TÉCNICAS, UNIDADES E QUANTIDADES DEFINIDAS NESTE ESTUDO E SEUS ANEXOS. ";0204922700015710000272026;7825900;298;Fenobarbital Sódico;"dosagem: 200, forma farmacêutica: solução injetável ";Ampola;3.15;800;N;300722;M
698758;458250;4;2026;"REGISTRO DE PREÇOS PARA FUTURA E EVENTUAL AQUISIÇÃO MEDICAMENTOS FARMÁCIA BÁSICA E HOSPITALARES, PARA ATENDER OS MUNICÍPIOS CONSORCIADOS A ESTE CIMCERO/RO, POR UM PERÍODO ESTIMADO DE 12 (DOZE) MESES, CONFORME ESPECIFICAÇÕES TÉCNICAS, UNIDADES E QUANTIDADES DEFINIDAS NESTE ESTUDO E SEUS ANEXOS. ";0204922700015710000272026;7826196;594;Tramadol Cloridrato;Tramadol Cloridrato, Dosagem:50 MG TRAMADOL CLORIDRATO, 50 MG.;Comprimido;0.51;40796;N;268534;M
698758;458250;4;2026;"REGISTRO DE PREÇOS PARA FUTURA E EVENTUAL AQUISIÇÃO MEDICAMENTOS FARMÁCIA BÁSICA E HOSPITALARES, PARA ATENDER OS MUNICÍPIOS CONSORCIADOS A ESTE CIMCERO/RO, POR UM PERÍODO ESTIMADO DE 12 (DOZE) MESES, CONFORME ESPECIFICAÇÕES TÉCNICAS, UNIDADES E QUANTIDADES DEFINIDAS NESTE ESTUDO E SEUS ANEXOS. ";0204922700015710000272026;7826126;524;Prometazina Cloridrato;Prometazina Cloridrato, Dosagem:25 MG PROMETAZINA CLORIDRATO, 25 MG.;Comprimido;0.15;329550;N;267768;M
700717;462314;14;2026;SISTEMA DE REGISTRO DE PREÇOS PARA AQUISIÇÃO DE MEDICAMENTOS SOB CONTROLE ESPECIAL PARA O INSTITUTO CÂNDIDA VARGAS;3550173300019410000252026;7852466;26;Levomepromazina;dosagem: 40, apresentação: solução oral Em caso de divergência entre disposições deste Edital e de seus anexos ou demais peças que compõem o processo, prevalecerá as deste Edital;Frasco;17.72;1500;S;268130;M
700717;462314;14;2026;SISTEMA DE REGISTRO DE PREÇOS PARA AQUISIÇÃO DE MEDICAMENTOS SOB CONTROLE ESPECIAL PARA O INSTITUTO CÂNDIDA VARGAS;3550173300019410000252026;7852456;16;Fenobarbital Sódico;dosagem: 100, forma farmacêutica: solução injetável Em caso de divergência entre disposições deste Edital e de seus anexos ou demais peças que compõem o processo,  prevalecerá as deste Edital;Ampola;5.20;8000;S;300725;M
698875;986219;208;2026;AQUISIÇÃO DE MEDICAMENTOS PARA O ABASTECIMENTO DAS UNIDADES BÁSICAS DE SAÚDE, ATENDIMENTO ESPECIALIZADO E URGÊNCIA E EMERGÊNCIA, DEVIDAMENTE ESPECIFICADOS NO ANEXO I DO EDITAL, ATRAVÉS DO SISTEMA DE REGISTRO DE PREÇOS;4613741000018010005722026;7817469;30;Dipirona Sódica;Dipirona Sódica, Dosagem:500 MG/ML, Apresentação:Solução Oral (Gotas) MEDICAMENTOS;Frasco;13.25;65000;N;267205;M
698793;925448;9;2026;Registro de Preços Para Eventual Aquisição de Medicamentos Psicotrópicos e Anestesicos.;0492934500018510001712026;7816110;14;Diazepam;"dosagem: 5 ";Comprimido;0.09;1200;N;267195;M
699108;983049;7;2026;Futura e eventual aquisição de medicamentos e correlatos para atender as demandas do Fundo Municipal de Saúde do Município de Varzedo;1346026600016910000622026;7820415;39;Clorpromazina;"Clorpromazina, Concentração:40 MG/ML, Forma Farmaceutica:Solução Oral - Gotas ";Comprimido;17.84;300;N;340207;M
699108;983049;7;2026;Futura e eventual aquisição de medicamentos e correlatos para atender as demandas do Fundo Municipal de Saúde do Município de Varzedo;1346026600016910000622026;7820418;42;Diazepam;"Diazepam, Dosagem:10 MG ";Comprimido;2.87;1000;N;267197;M
700130;785511;40;2026;Aquisição de medicamentos para recomposição e abastecimento da dotação regulamentar da enfermaria de bordo, visando garantir a segurança sanitária e o atendimento de urgência e emergência à tripulação.;0039450200014410097642026;7840665;18;DIPIRONA SÓDICA;"COMPOSIÇÃO: ASSOCIADA À CAFEÍNA E DIIDROERGOTAMINA, CONCENTRAÇÃO: 350 MG + 100 MG + 1 ";Comprimido;0.99;50;N;340419;M
698914;986969;165;2026;Registro de Preços para aquisição de Medicamentos – REMUME, conforme edital e seus anexos.;5602458100015610003532026;7817784;9;Levomepromazina;"dosagem: 25 ";Comprimido;0.43;315000;N;268128;M
699108;983049;7;2026;Futura e eventual aquisição de medicamentos e correlatos para atender as demandas do Fundo Municipal de Saúde do Município de Varzedo;1346026600016910000622026;7820414;38;Clorpromazina;"Clorpromazina, Dosagem:25 Mg ";Comprimido;0.80;45000;N;267635;M
698758;458250;4;2026;"REGISTRO DE PREÇOS PARA FUTURA E EVENTUAL AQUISIÇÃO MEDICAMENTOS FARMÁCIA BÁSICA E HOSPITALARES, PARA ATENDER OS MUNICÍPIOS CONSORCIADOS A ESTE CIMCERO/RO, POR UM PERÍODO ESTIMADO DE 12 (DOZE) MESES, CONFORME ESPECIFICAÇÕES TÉCNICAS, UNIDADES E QUANTIDADES DEFINIDAS NESTE ESTUDO E SEUS ANEXOS. ";0204922700015710000272026;7825844;242;Dipirona Sódica;"dosagem: 500, apresentação: solução oral (gotas) ";Frasco;2.08;11800;N;267205;M
699819;92301;284;2026;HIDROXIDO DE ALUMINIO 62 MG/ML SUSPENSAO ORAL FRASCO 150 ML, ONDANSETRONA (CLORIDRATO) 8 MG COMPRIMIDO, ESCOPOLAMINA (BUTILBROMETO) 20 MG/ML SOL INJETAVEL AMP 1 ML, METRONIDAZOL+ NISTATINA (500 MG +100.000UI)/5G BG 50G, ESTRADIOL HEMI-HIDRATADO 0,6MG/G GEL TUBO 80G, VIMBLASTINA (SULFATO) 10 MG PO LIOFILIZADO PARA SOL INJ FA, PIRIMETAMINA 25 MG COMPRIMIDO, PERMETRINA 5 % LOCAO CAPILAR FRASCO CONTENDO 60 ML, NITAZOXANIDA 500 MG COMPRIMIDO, PROMETAZINA 25 MG/ML SOLUCAO INJETAVEL AMPOLA 2 ML;6044804000012210005232026;7836644;10;Prometazina Cloridrato;"dosagem: 25, apresentação: solução injetável ";Ampola;3.80;2115;S;267769;M
699736;925003;278;2026;"AQUISIÇÃO DE VACINAS PARA ATENDIMENTO DE DEMANDA JUDICIAL ";1386437700013010012592026;7835635;3;Vacina;composição 1: extrato alérgeno de ácaros, forma farmacêutica 1: injetável, tipo 1: padronizado Vacina de alérgenos composta - dermatophagides pteronyssinus 50% e dermatophagides farinae 50%, frasco conta gotas de 6 ml, diluição 1:100;Frasco;500.00;1;N;483360;M
699768;925373;118;2026;Registro de Preços destinado à futura e eventual aquisição de medicamentos do Grupo SÓLIDOS II, tendo como objetivo atender às necessidades cíclicas e regulares de abastecimento das Unidades de Saúde Hospitalares e Ambulatoriais, vinculadas à Secretaria de Estado da Saúde – SESAU/RO, pelo período de 1 (um) ano.;0469649000016310000942026;7835823;14;Diazepam;dosagem: 5 COMPRIMIDO 5mg;Comprimido;0.05;27450;N;267195;M
697991;453714;49;2026;O objeto da presente licitação é o registro de preço para a aquisição de medicamentos humanos, visando atender às necessidades dos projetos, contratos, convênios e demais instrumentos correlatos celebrados pela Fundação de Apoio à Pesquisa, ao Ensino e à Cultura – FAPEC, conforme condições, quantidades e exigências estabelecidas neste Edital e seus anexos.;1551369000015010000672026;7802041;69;Prometazina Cloridrato;"dosagem: 25, apresentação: solução injetável ";Ampola;4.22;150;N;267769;M
698465;90126;98;2026;Aquisição de Vacina em Cumprimento de Determinação Judicial;4637450000019410065292026;7807096;1;Vacina;"composição 1: extrato alérgeno de insetos, forma farmacêutica 1: injetável, tipo 1: não padronizado ";Doses;6150.00;4;S;483359;M
699457;160139;5;2026;Aquisição de medicamentos para o H Gu JP;0039445200010310164822026;7831540;95;Prometazina Cloridrato;"dosagem: 25, apresentação: solução injetável ";Ampola;4.00;1925;S;267769;M
696656;926150;40;2026;Formação de Ata de Registro de Preços para o fornecimento eventual de Medicamentos Injetáveis - Grupo 22, conforme especificações e quantitativos previstos no Termo de Referência (Anexo I), visando atender às demandas dos hospitais e estabelecimentos vinculados à Secretaria Estadual de Saúde de Pernambuco, assim como a DIRETORIA DE APOIO ADM AO SISTEMA DE SAÚDE PM - PE.;1057202200018010005022026;7770106;12;Tramadol Cloridrato;"dosagem: 50, forma farmacêutica: solução injetável ";Ampola;1.08;123654;N;292382;M
696351;160359;98;2026;O objeto da presente licitação é aquisição de material de consumo farmacológico, conforme condições, quantidades e exigências estabelecidas no Edital e seus anexos;0039445200010310159862026;7762110;74;Clorpromazina;Clorpromazina, Dosagem:100 MG bens comuns;Comprimido;0.49;3200;N;267638;M
693947;157243;35;2026;Medicamentos Anti-Inflamatórios, Analgésicos e Antitérmicos;1512643700030510029992026;7762987;21;Dipirona Sódica;"dosagem: 500, apresentação: solução oral (gotas) ";Frasco;1.26;10320;S;267205;M
696351;160359;98;2026;O objeto da presente licitação é aquisição de material de consumo farmacológico, conforme condições, quantidades e exigências estabelecidas no Edital e seus anexos;0039445200010310159862026;7762111;75;Clorpromazina;Clorpromazina, Dosagem:5 MG/ML, Apresentação:Solução Injetável bens comuns;Ampola;3.60;1800;N;268069;M
696351;160359;98;2026;O objeto da presente licitação é aquisição de material de consumo farmacológico, conforme condições, quantidades e exigências estabelecidas no Edital e seus anexos;0039445200010310159862026;7762123;87;Diazepam;Diazepam, Dosagem:10 MG bens comuns;Comprimido;0.14;8850;N;267197;M
694781;154069;35;2026;Aquisição de gêneros de alimentação (Grupo 3007), aquisição de animais para pesquisa e abate (Grupo 3008), aquisição de materiais e medicamentos para uso veterinário (Grupo 3018), aquisição de alimentos para animais (Grupo 3006),;2118680400010510000452026;7735303;66;Vacina;"composição: raiva (cultivado em células vero), tipo: inativada, forma farmaceutica: pó liófilo p/ injetável + diluente ";Doses;103.33;25;N;453086;M
696351;160359;98;2026;O objeto da presente licitação é aquisição de material de consumo farmacológico, conforme condições, quantidades e exigências estabelecidas no Edital e seus anexos;0039445200010310159862026;7762130;94;Dipirona Sódica;Dipirona Sódica, Dosagem:500 MG/ML, Apresentação:Solução Injetável bens comuns;Ampola;0.70;48700;N;268252;M
696351;160359;98;2026;O objeto da presente licitação é aquisição de material de consumo farmacológico, conforme condições, quantidades e exigências estabelecidas no Edital e seus anexos;0039445200010310159862026;7762278;242;Tramadol Cloridrato;Tramadol Cloridrato, Dosagem:50 MG bens comuns;Comprimido;0.17;11300;N;268534;M
695609;120629;216;2026;Aquisição de materiais e medicamentos veterinários para atender ao Pelotão de Cães de Guerra (PCG) e equinos do Pelotão de Policia Montada (PPMont) do Esquadrão de Policia da Aeronáutica (EPA) do Grupo de Segurança e Defesa de Canoas (GSD-CO), responsáveis por operações de faro e de patrulha montada no âmbito da BACO, nos termos da tabela abaixo, conforme condições e exigências estabelecidas neste instrumento.;0039442900010010018712026;7749219;7;Dipirona Sódica;Dipirona Sódica, Composição:Associada Com Escopolamina Butilbrometo, Concentração:500 Mg + 4 MG/ML, Forma Física:Solução Injetável, Uso:Uso Veterinário Sem informações;Frasco;35.00;100;N;412380;M
694688;925402;80;2026;Aquisição de materiais e medicamentos para atender às necessidades da equipe multiprofissional da Coordenadoria de Saúde (COSAU).;2505313300015710000742026;7733361;23;Dipirona Sódica;"concentração: 1 ";Comprimido;15.04;50;N;410023;M
700933;925449;24;2026;"Aquisição eventual de Medicamentos Sujeitos à Controle Especial orais e outros, para  atender a necessidade de 12 (doze) meses nas clínicas e unidades de terapia intensiva da  Fundação Pública Estadual Hospital de Clínicas Gaspar Vianna (FHCGV). ";2298097300017710001552026;7855106;21;Levomepromazina;"dosagem: 100 Levomepromazina  100mg ";Comprimido;1.45;41000;N;268129;M
696656;926150;40;2026;Formação de Ata de Registro de Preços para o fornecimento eventual de Medicamentos Injetáveis - Grupo 22, conforme especificações e quantitativos previstos no Termo de Referência (Anexo I), visando atender às demandas dos hospitais e estabelecimentos vinculados à Secretaria Estadual de Saúde de Pernambuco, assim como a DIRETORIA DE APOIO ADM AO SISTEMA DE SAÚDE PM - PE.;1057202200018010005022026;7770105;11;Tramadol Cloridrato;"dosagem: 50, forma farmacêutica: solução injetável ";Ampola;1.08;370964;N;292382;M
698536;990202;394;2026;Constituição de SRP visando futuras aquisições de medicamentos;4448028300019110000442026;7807994;56;Prometazina Cloridrato;"Prometazina Cloridrato, Dosagem:25 MG ";Comprimido;0.16;27000;N;267768;M
698536;990202;394;2026;Constituição de SRP visando futuras aquisições de medicamentos;4448028300019110000442026;7808021;83;Tramadol Cloridrato;"Tramadol Cloridrato, Dosagem:50 MG ";Comprimido;0.25;1000;N;268534;M
695142;380228;104;2026;Aquisição de materiais para o Canil deste Estabelecimento Penal.;9629114100018010048242026;7742606;3;Vacina;"tipo: óctupla, composição: adenovírus (2), cinomose, coronavirose, parvovírus, outros componentes: parainfluenza, componentes adicionais: l. canicola, l. icterohaemorrhagiae, forma farmacêutica: suspensão injetável, aplicação*: uso veterinário Vacina para Caes V10 Canina Multipla, Reconstituida C/virus Atenuados: Parvovirus, Cinomose, Adenovirus Tipo 2; Parainfluenza Canina,virus Inativado de Coronavirus e Bacterinas de Leptospira Interrogans S o r o v a r ;Icterohaemorrhagiae, Canicola...";Doses;139.60;7;N;439508;M
695568;160167;47;2026;Aquisição de material de consumo para uso Médico-Hospitalar e Odontológico, classificados com a finalidade de recompor o estoque de insumos médicos e odontológicos do 53º BIS, visando atender às demandas assistenciais, preventivas e de pronto atendimento em missões diárias e extraordinárias, conforme especificações, quantitativos e exigências estabelecidas;0039445200010310159042026;7747909;47;Tramadol Cloridrato;Tramadol Cloridrato, Dosagem:100 MG Item de condumo saúde;Ampola;1.53;1000;N;309441;M
696157;789300;113;2026;Aquisição de Medicamentos para CFRP;0039450200014410092902026;7759258;32;PROMETAZINA CLORIDRATO;"DOSAGEM: 25 ";Comprimido;0.15;20;N;267768;M
695696;989571;239;2026;Pregão Eletrônico para Registro de Preço para futura aquisição de materiais e ferramentas destinados à manutenção predial do Paço Municipal de Rio Verde – GO, com a finalidade de garantir a adequada conservação das instalações, assegurar condições apropriadas de uso, segurança e funcionalidade dos ambientes, bem como preservar a integridade do patrimônio público, conforme especificações estabelecidas no Termo de Referência – Anexo do Edital.;0205672900010510005552026;7751777;204;Dipirona Sódica;concentração: 1 DIPIRONA 1G, COM 10 COMPRIMIDO;Comprimido;14.78;5;N;410023;M
696890;170209;68;2026;Fornecimento de materiais de cuidado dos cães de faro da RFB, como ração, vacinas, vermífugos, carrapaticidas, suplementos, medicamentos, vitaminas e materiais de higiene, conforme necessidade ALF/AEG;0039446000014110005372026;7773564;3;Vacina;"aplicação*: uso veterinário, composição: vírus rábico, cepa pv, forma farmacêutica: suspensão injetável, tipo: inativada ";Doses;89.00;3;N;439541;M
696351;160359;98;2026;O objeto da presente licitação é aquisição de material de consumo farmacológico, conforme condições, quantidades e exigências estabelecidas no Edital e seus anexos;0039445200010310159862026;7762191;155;Levomepromazina;Levomepromazina, Dosagem:100 MG bens comuns;Comprimido;0.56;5600;N;268129;M
697089;155020;24;2026;Registro de Preços para a aquisição de medicamentos gerais sólidos, semissólidos e líquidos I, a fim de atender às necessidades do Hospital Universitário Walter Cantídio e Maternidade-Escola Assis Chateaubriand da Rede HU Brasil, Unidade Gestora (UG) UASG 155020 - COMPLEXO HOSPITALAR DA UNIVERSIDADE FEDERAL DO CEARÁ, pertencente à Rede HU Brasil, por um período de 12 (doze) meses.;1512643700030510030922026;7779858;30;Dipirona Sódica;"dosagem: 500, apresentação: solução oral (gotas) ";Frasco;1.72;600;S;267205;M
700330;110001;90019;2026;Registro de preços para eventual aquisição de medicamentos;0039441100010910001462026;7846590;51;Tramadol Cloridrato;Tramadol Cloridrato Dosagem: 50MG/ML, Forma Farmacêutica: Solução Injetável;Ampola 2,00 ML;2.00;1000;N;292382;M
700933;925449;24;2026;"Aquisição eventual de Medicamentos Sujeitos à Controle Especial orais e outros, para  atender a necessidade de 12 (doze) meses nas clínicas e unidades de terapia intensiva da  Fundação Pública Estadual Hospital de Clínicas Gaspar Vianna (FHCGV). ";2298097300017710001552026;7855100;15;Fenobarbital Sódico;"dosagem: 100 Fenobarbital  100mg ";Comprimido;0.39;9000;N;267660;M
699108;983049;7;2026;Futura e eventual aquisição de medicamentos e correlatos para atender as demandas do Fundo Municipal de Saúde do Município de Varzedo;1346026600016910000622026;7820478;102;Clorpromazina;"dosagem: 25 mg ";Ampola;8.13;240;N;267635;M
694571;986411;30;2026;ELABORAÇÃO DE ATA DE REGISTRO DE PREÇOS PARA AQUISIÇÃO DE MEDICAMENTOS DESTINADOS AO ATENDIMENTO DA ATENÇÃO BÁSICA, UNIDADE DE PRONTO ATENDIMENTO (UPA) E SERVIÇO DE ATENDIMENTO MÓVEL DE URGÊNCIA (SAMU), DESTA MUNICIPALIDADE, COM ENTREGAS PARCELADAS CONFORME REQUISIÇÃO, COM PREVISÃO DE CONSUMO NO DECORRER DE 12 (DOZE) MESES;4784283600010510001432026;7731437;123;Fenobarbital Sódico;"dosagem: 100, forma farmacêutica: solução injetável ";Ampola;2.93;1000;N;300725;M
694571;986411;30;2026;ELABORAÇÃO DE ATA DE REGISTRO DE PREÇOS PARA AQUISIÇÃO DE MEDICAMENTOS DESTINADOS AO ATENDIMENTO DA ATENÇÃO BÁSICA, UNIDADE DE PRONTO ATENDIMENTO (UPA) E SERVIÇO DE ATENDIMENTO MÓVEL DE URGÊNCIA (SAMU), DESTA MUNICIPALIDADE, COM ENTREGAS PARCELADAS CONFORME REQUISIÇÃO, COM PREVISÃO DE CONSUMO NO DECORRER DE 12 (DOZE) MESES;4784283600010510001432026;7731478;164;Levomepromazina;"dosagem: 100 ";Comprimido;0.61;100000;N;268129;M
693276;765000;63;2026;Conforme Edital e anexos.;0039450200014410090562026;7713450;2;VACINA;"COMPOSIÇÃO: HEPATITE A, FORMA FARMACEUTICA: SUSPENSÃO INJETÁVEL, TIPO: INATIVADA ";Doses;192.85;2700;N;443622;M
698885;532101;953;2026;CLORPROMAZINA, CLORIDRATO 25 MG COMPRIMIDO e CLORPROMAZINA, CLORIDRATO 100 MG COMPRIMIDO;6074731800016210010942026;7817561;2;Clorpromazina;"dosagem: 100 ";Comprimido;0.47;63396;S;267638;M
698923;985801;468;2026;Registro de Preços para futura e eventual aquisição de medicamentos, destinados ao atendimento das demandas da Rede de Urgência e Emergência do Município de Angra dos Reis, incluindo as Unidades de Pronto Atendimento e o Hospital Municipal da Japuíba, com o objetivo de assegurar o abastecimento contínuo e regular dessas unidades, garantindo a manutenção da assistência à saúde e o atendimento ininterrupto aos usuários do Sistema Único de Saúde (SUS).;2917246700010910005122026;7818004;79;Tramadol Cloridrato;"dosagem: 50, forma farmacêutica: solução injetável ";Ampola;7.38;201600;S;292382;M
699323;928303;3;2026;Registro de Preço, para futura, eventual e parcelada aquisição de medicamentos, materiais hospitalares, odontológicos e medicamentos sob ordem judicial, atendimento às necessidades da Secretaria Municipal de Saúde, durante o período de 12 (doze) meses.;1135990400012410000282026;7826546;124;Fenobarbital;aspecto físico: pó branco cristalino, fórmula química: c12h12n2o3, massa molecular: 232,08, grau de pureza: teor mínimo de 99%, número de referência química: cas 50-06-6 FENOBARBITAL 100MG CPR;Grama;0.25;50000;S;413689;M
698758;458250;4;2026;"REGISTRO DE PREÇOS PARA FUTURA E EVENTUAL AQUISIÇÃO MEDICAMENTOS FARMÁCIA BÁSICA E HOSPITALARES, PARA ATENDER OS MUNICÍPIOS CONSORCIADOS A ESTE CIMCERO/RO, POR UM PERÍODO ESTIMADO DE 12 (DOZE) MESES, CONFORME ESPECIFICAÇÕES TÉCNICAS, UNIDADES E QUANTIDADES DEFINIDAS NESTE ESTUDO E SEUS ANEXOS. ";0204922700015710000272026;7825985;383;Levomepromazina;Levomepromazina, Dosagem:100 MG LEVOMEPROMAZINA, 100 MG.;Comprimido;0.69;30200;N;268129;M
699108;983049;7;2026;Futura e eventual aquisição de medicamentos e correlatos para atender as demandas do Fundo Municipal de Saúde do Município de Varzedo;1346026600016910000622026;7820481;105;Dipirona Sódica;"dosagem: 500, apresentação: solução injetável ";Ampola;3.89;1000;N;268252;M
700130;785511;40;2026;Aquisição de medicamentos para recomposição e abastecimento da dotação regulamentar da enfermaria de bordo, visando garantir a segurança sanitária e o atendimento de urgência e emergência à tripulação.;0039450200014410097642026;7840656;9;DIPIRONA SÓDICA;"DOSAGEM: 500 ";Comprimido;0.33;150;N;267203;M
694781;154069;35;2026;Aquisição de gêneros de alimentação (Grupo 3007), aquisição de animais para pesquisa e abate (Grupo 3008), aquisição de materiais e medicamentos para uso veterinário (Grupo 3018), aquisição de alimentos para animais (Grupo 3006),;2118680400010510000452026;7735302;65;Vacina;"tipo: inativada, outros componentes: c.sordelli, c.perfrigens (c,d), c.botulinum (c,d), componentes adicionais: c. tetani, c.novyi (b), c. septicum e c. chauvoei, forma farmacêutica: solução injetável, aplicação*: uso veterinário ";Frasco;104.66;10;N;474400;M
695568;160167;47;2026;Aquisição de material de consumo para uso Médico-Hospitalar e Odontológico, classificados com a finalidade de recompor o estoque de insumos médicos e odontológicos do 53º BIS, visando atender às demandas assistenciais, preventivas e de pronto atendimento em missões diárias e extraordinárias, conforme especificações, quantitativos e exigências estabelecidas;0039445200010310159042026;7747889;27;Prometazina Cloridrato;Prometazina Cloridrato, Dosagem:25 MG Item de condumo saúde;Comprimido;0.29;1000;N;267768;M
695568;160167;47;2026;Aquisição de material de consumo para uso Médico-Hospitalar e Odontológico, classificados com a finalidade de recompor o estoque de insumos médicos e odontológicos do 53º BIS, visando atender às demandas assistenciais, preventivas e de pronto atendimento em missões diárias e extraordinárias, conforme especificações, quantitativos e exigências estabelecidas;0039445200010310159042026;7748034;172;Tramadol Cloridrato;Tramadol Cloridrato, Dosagem:50 MG Item de condumo saúde;Comprimido;0.25;300;N;268534;M
694567;930260;3;2026;Aquisição de medicamentos humanos, para serem utilizados na prevenção e tratamento de doenças nos animais do plantel do Jardim Zoológico,para atender às necessidades dos parques e do Jardim Zoológico da Fundação de Parques Municipais e Zoobotânica (FPMZB).;0727622000019110000182026;7731165;109;Dipirona Sódica;"dosagem: 500 ";Comprimido;0.76;50;N;267203;M
696157;789300;113;2026;Aquisição de Medicamentos para CFRP;0039450200014410092902026;7759272;46;DIAZEPAM;"CONCENTRAÇÃO: 10, FORMA FARMACEUTICA: SOLUÇÃO INJETÁVEL ";Ampola;1.42;20;N;395147;M
696351;160359;98;2026;O objeto da presente licitação é aquisição de material de consumo farmacológico, conforme condições, quantidades e exigências estabelecidas no Edital e seus anexos;0039445200010310159862026;7762155;119;Fenobarbital Sódico;Fenobarbital Sódico, Dosagem:100 MG bens comuns;Comprimido;0.23;1900;N;267660;M
694688;925402;80;2026;Aquisição de materiais e medicamentos para atender às necessidades da equipe multiprofissional da Coordenadoria de Saúde (COSAU).;2505313300015710000742026;7733367;29;Prometazina Cloridrato;"apresentação: solução injetável, dosagem: 25 ";Ampola;12.31;5;N;267769;M
699768;925373;118;2026;Registro de Preços destinado à futura e eventual aquisição de medicamentos do Grupo SÓLIDOS II, tendo como objetivo atender às necessidades cíclicas e regulares de abastecimento das Unidades de Saúde Hospitalares e Ambulatoriais, vinculadas à Secretaria de Estado da Saúde – SESAU/RO, pelo período de 1 (um) ano.;0469649000016310000942026;7835831;22;Dipirona Sódica;dosagem: 500 COMPRIMIDO 500mg;Comprimido;0.12;388350;N;267203;M
696351;160359;98;2026;O objeto da presente licitação é aquisição de material de consumo farmacológico, conforme condições, quantidades e exigências estabelecidas no Edital e seus anexos;0039445200010310159862026;7762132;96;Dipirona Sódica;Dipirona Sódica, Dosagem:500 MG bens comuns;Comprimido;0.12;106500;N;267203;M
693455;927996;53;2026;"Aquisição de MEDICAMENTOS/SUPLEMENTOS CONTROLADOS PELA PORTARIA 344/98 destinados as unidades de saúde pertencentes a Rede Hospitalar, no âmbito da Secretária de Estado de Saúde do Acre - SESACRE. ";1695842500014810003442026;7717735;22;Clorpromazina;"dosagem: 100 CONFORME DESCRITO DO TERMO DE REFERÊNCIA: ";Comprimido;0.43;453700;S;267638;M
693455;927996;53;2026;"Aquisição de MEDICAMENTOS/SUPLEMENTOS CONTROLADOS PELA PORTARIA 344/98 destinados as unidades de saúde pertencentes a Rede Hospitalar, no âmbito da Secretária de Estado de Saúde do Acre - SESACRE. ";1695842500014810003442026;7717754;41;Fenobarbital Sódico;"dosagem: 40, forma farmacêutica: solução oral - gotas ";Frasco;5.56;6500;S;300723;M
693280;155124;34;2026;Aquisição de Medicamentos Anti-inflamatórios, analgésicos e antitérmicos por meio de Registro de Preços, a fim de atender às necessidades do Hospital Universitário Maria Aparecida Pedrossian - HUMAP/UFMS, Unidade Gestora (UG) 155124, integrante da Rede Ebserh, pelo período de 12 (doze) meses.;1512643700030510029692026;7713487;19;Dipirona Sódica;"dosagem: 500, apresentação: solução injetável ";Ampola;0.47;85650;S;268252;M
693559;926107;65;2026;Aquisição emergêncial de medicamentos para unidades hospitalares, sob responsabilidade da  Universidade Estadual de Ciências da Saúde de Alagoas - UNCISAL;1251779300010810000282026;7718543;5;Clorpromazina;dosagem: 5, apresentação: solução injetável CLORPROMAZINA, DOSAGEM:5 MG/ML, APRESENTAÇÃO:SOLUÇÃO  INJETÁVEL;Ampola;2.30;5146;N;268069;M
693455;927996;53;2026;"Aquisição de MEDICAMENTOS/SUPLEMENTOS CONTROLADOS PELA PORTARIA 344/98 destinados as unidades de saúde pertencentes a Rede Hospitalar, no âmbito da Secretária de Estado de Saúde do Acre - SESACRE. ";1695842500014810003442026;7717740;27;Diazepam;"dosagem: 5 CONFORME DESCRITO DO TERMO DE REFERÊNCIA: ";Comprimido;0.05;553800;S;267195;M
700130;785511;40;2026;Aquisição de medicamentos para recomposição e abastecimento da dotação regulamentar da enfermaria de bordo, visando garantir a segurança sanitária e o atendimento de urgência e emergência à tripulação.;0039450200014410097642026;7840655;8;DIPIRONA SÓDICA;"CONCENTRAÇÃO: 1 ";Ampola;1.49;50;N;410023;M
696351;160359;98;2026;O objeto da presente licitação é aquisição de material de consumo farmacológico, conforme condições, quantidades e exigências estabelecidas no Edital e seus anexos;0039445200010310159862026;7762156;120;Fenobarbital Sódico;Fenobarbital Sódico, Dosagem:100 MG/ML, Forma Farmacêutica:Solução Injetável bens comuns;Ampola;3.66;800;N;300725;M
693947;157243;35;2026;Medicamentos Anti-Inflamatórios, Analgésicos e Antitérmicos;1512643700030510029992026;7762979;13;Tramadol Cloridrato;"dosagem: 50, forma farmacêutica: solução injetável ";Ampola;1.20;240;S;292382;M
693455;927996;53;2026;"Aquisição de MEDICAMENTOS/SUPLEMENTOS CONTROLADOS PELA PORTARIA 344/98 destinados as unidades de saúde pertencentes a Rede Hospitalar, no âmbito da Secretária de Estado de Saúde do Acre - SESACRE. ";1695842500014810003442026;7717755;42;Fenobarbital Sódico;"dosagem: 100, forma farmacêutica: solução injetável CONFORME DESCRITO DO TERMO DE REFERÊNCIA: ";Ampola;3.15;32500;S;300725;M
694013;160366;90002;2026;Pregão eletrônico para registro de preços visando eventual aquisição de material farmacológico, médico e hospitalar.;0039445200010310155522026;7724739;72;Tramadol cloridrato;Tramadol Cloridrato Dosagem: 50 MG, Forma Farmacêutica: Liberação Lenta;Cápsula;0.26;2000;N;309436;M
694797;160416;183;2026;Aquisição de medicamentos de uso geral em proveito do Hospital Geral de santa Maria (HGeSM) e unidades Participantes;0039445200010310157402026;7735897;82;Dipirona Sódica;Dipirona Sódica, Dosagem:500 MG/ML, Apresentação:Solução Oral (Gotas) DIPIRONA, DOSAGEM  500 mg/mL - SOLUÇÃO ORAL (GOTAS)- Frasco 10mL;Frasco;1.47;820;N;267205;M
694797;160416;183;2026;Aquisição de medicamentos de uso geral em proveito do Hospital Geral de santa Maria (HGeSM) e unidades Participantes;0039445200010310157402026;7736002;187;Prometazina Cloridrato;Prometazina Cloridrato, Dosagem:25 MG/ML, Apresentação:Solução Injetável PROMETAZINA ( CLORIDRATO), DOSAGEM 25mg/mL, FORMA FARMACÊUTICA SOLUÇÃO INJETÁVEL – Ampola com 2mL.;Ampola;3.70;3072;N;267769;M
695416;984359;15;2026;"Registro de preço para eventual e futura aquisição de medicamentos e materiais de uso veterinário para a Unidade de Vigilância em Zoonoses; em atendimento as necessidades da Administração Pública ??Municipal.";1675244600010210002202026;7745491;50;Vacina;tipo: óctupla, composição: adenovírus (2), cinomose, coronavirose, parvovírus, outros componentes: parainfluenza, componentes adicionais: l. canicola, l. icterohaemorrhagiae, forma farmacêutica: suspensão injetável, aplicação*: uso veterinário Havendo divergências entre a descrição/Código CATMAT/CATSER e o exposto no Termo de Referência, deverá ser considerado para fins de proposta a descrição constante no Termo de Referência anexado ao edital.;Frasco-Ampola;34.45;200;N;439508;M
695568;160167;47;2026;Aquisição de material de consumo para uso Médico-Hospitalar e Odontológico, classificados com a finalidade de recompor o estoque de insumos médicos e odontológicos do 53º BIS, visando atender às demandas assistenciais, preventivas e de pronto atendimento em missões diárias e extraordinárias, conforme especificações, quantitativos e exigências estabelecidas;0039445200010310159042026;7747985;123;Diazepam;Diazepam, Dosagem:5 MG/ML, Apresentação:Solução Injetável Item de condumo saúde;Ampola;1.57;200;N;267194;M
695609;120629;216;2026;Aquisição de materiais e medicamentos veterinários para atender ao Pelotão de Cães de Guerra (PCG) e equinos do Pelotão de Policia Montada (PPMont) do Esquadrão de Policia da Aeronáutica (EPA) do Grupo de Segurança e Defesa de Canoas (GSD-CO), responsáveis por operações de faro e de patrulha montada no âmbito da BACO, nos termos da tabela abaixo, conforme condições e exigências estabelecidas neste instrumento.;0039442900010010018712026;7749237;25;Vacina;Vacina, Tipo:Inativada, Outros Componentes:S. Equi, Forma Farmacêutica:Suspensão Injetável, Aplicação*:Uso Veterinário Sem informações;Doses;60.80;8;N;446139;M
700933;925449;24;2026;"Aquisição eventual de Medicamentos Sujeitos à Controle Especial orais e outros, para  atender a necessidade de 12 (doze) meses nas clínicas e unidades de terapia intensiva da  Fundação Pública Estadual Hospital de Clínicas Gaspar Vianna (FHCGV). ";2298097300017710001552026;7855105;20;Levomepromazina;dosagem: 25 Levomepromazina  25mg;Comprimido;1.18;28000;N;268128;M
698875;986219;208;2026;AQUISIÇÃO DE MEDICAMENTOS PARA O ABASTECIMENTO DAS UNIDADES BÁSICAS DE SAÚDE, ATENDIMENTO ESPECIALIZADO E URGÊNCIA E EMERGÊNCIA, DEVIDAMENTE ESPECIFICADOS NO ANEXO I DO EDITAL, ATRAVÉS DO SISTEMA DE REGISTRO DE PREÇOS;4613741000018010005722026;7817442;3;Dipirona Sódica;Dipirona Sódica, Dosagem:500 MG MEDICAMENTOS;Comprimido;0.69;4200000;N;267203;M
698575;257054;44;2026;Aquisições de medicamentos.;0039454400018510016552026;7808990;156;FENOBARBITAL SÓDICO;"DOSAGEM: 100 ";Comprimido;0.20;28000;N;267660;M
698575;257054;44;2026;Aquisições de medicamentos.;0039454400018510016552026;7808971;137;CLORPROMAZINA;"DOSAGEM: 25 MG ";Comprimido;0.31;4000;N;267635;M
699108;983049;7;2026;Futura e eventual aquisição de medicamentos e correlatos para atender as demandas do Fundo Municipal de Saúde do Município de Varzedo;1346026600016910000622026;7820413;37;Clorpromazina;"Clorpromazina, Dosagem:100 MG ";Comprimido;0.72;80000;N;267638;M
698758;458250;4;2026;"REGISTRO DE PREÇOS PARA FUTURA E EVENTUAL AQUISIÇÃO MEDICAMENTOS FARMÁCIA BÁSICA E HOSPITALARES, PARA ATENDER OS MUNICÍPIOS CONSORCIADOS A ESTE CIMCERO/RO, POR UM PERÍODO ESTIMADO DE 12 (DOZE) MESES, CONFORME ESPECIFICAÇÕES TÉCNICAS, UNIDADES E QUANTIDADES DEFINIDAS NESTE ESTUDO E SEUS ANEXOS. ";0204922700015710000272026;7825845;243;Dipirona Sódica;Dipirona Sódica, Composição:Associada À Cafeína E Diidroergotamina, Concentração:350 Mg + 100 Mg + 1 MG DIPIRONA SàDICA, ASSOCIADA · CAFEÖNA E DIIDROERGOTAMINA, 350 MG + 100 MG + 1 MG.;Comprimido;4.05;3600;N;340419;M
699108;983049;7;2026;Futura e eventual aquisição de medicamentos e correlatos para atender as demandas do Fundo Municipal de Saúde do Município de Varzedo;1346026600016910000622026;7820417;41;Diazepam;"Diazepam, Dosagem:5 MG ";Comprimido;0.27;20000;N;267195;M
698758;458250;4;2026;"REGISTRO DE PREÇOS PARA FUTURA E EVENTUAL AQUISIÇÃO MEDICAMENTOS FARMÁCIA BÁSICA E HOSPITALARES, PARA ATENDER OS MUNICÍPIOS CONSORCIADOS A ESTE CIMCERO/RO, POR UM PERÍODO ESTIMADO DE 12 (DOZE) MESES, CONFORME ESPECIFICAÇÕES TÉCNICAS, UNIDADES E QUANTIDADES DEFINIDAS NESTE ESTUDO E SEUS ANEXOS. ";0204922700015710000272026;7825987;385;Levomepromazina;"dosagem: 40, apresentação: solução oral ";Frasco;10.84;2900;N;268130;M
698575;257054;44;2026;Aquisições de medicamentos.;0039454400018510016552026;7808947;113;PROMETAZINA CLORIDRATO;"DOSAGEM: 25 ";Comprimido;0.18;20000;N;267768;M
697148;155016;25;2026;Registro de Preços para a Aquisição de Medicamentos para hemodiálise e Diálise peritoneal, a fim de atender às necessidades do Hospital Universitário da Universidade Federal da Grande Dourados HU/UFGD, Unidade Gestora (UG) 155016, HU Brasil, razão social Empresa Brasileira de Serviços Hospitalares, pertencente à Rede da HU Brasil, por um período de 12 (doze) meses.;1512643700030510030942026;7782148;24;Dipirona Sódica;"dosagem: 500, apresentação: solução oral (gotas) ";Frasco;1.08;48;S;267205;M
697117;112408;263;2026;Aquisição de Medicamentos - Parte II;0327761000012510004072026;7830873;131;Prometazina Cloridrato;"dosagem: 25, apresentação: solução injetável ";Ampola;4.42;2085;N;267769;M
694567;930260;3;2026;Aquisição de medicamentos humanos, para serem utilizados na prevenção e tratamento de doenças nos animais do plantel do Jardim Zoológico,para atender às necessidades dos parques e do Jardim Zoológico da Fundação de Parques Municipais e Zoobotânica (FPMZB).;0727622000019110000182026;7731130;74;Tramadol Cloridrato;"dosagem: 100, forma farmacêutica: solução oral- gotas ";Frasco;63.85;10;N;292380;M
694013;160366;90002;2026;Pregão eletrônico para registro de preços visando eventual aquisição de material farmacológico, médico e hospitalar.;0039445200010310155522026;7724719;52;Prometazina cloridrato;Prometazina Cloridrato Dosagem: 25MG;Comprimido;0.22;3000;N;267768;M
694571;986411;30;2026;ELABORAÇÃO DE ATA DE REGISTRO DE PREÇOS PARA AQUISIÇÃO DE MEDICAMENTOS DESTINADOS AO ATENDIMENTO DA ATENÇÃO BÁSICA, UNIDADE DE PRONTO ATENDIMENTO (UPA) E SERVIÇO DE ATENDIMENTO MÓVEL DE URGÊNCIA (SAMU), DESTA MUNICIPALIDADE, COM ENTREGAS PARCELADAS CONFORME REQUISIÇÃO, COM PREVISÃO DE CONSUMO NO DECORRER DE 12 (DOZE) MESES;4784283600010510001432026;7731398;84;Clorpromazina;"dosagem: 25 mg ";Comprimido;0.32;150000;N;267635;M
697148;155016;25;2026;Registro de Preços para a Aquisição de Medicamentos para hemodiálise e Diálise peritoneal, a fim de atender às necessidades do Hospital Universitário da Universidade Federal da Grande Dourados HU/UFGD, Unidade Gestora (UG) 155016, HU Brasil, razão social Empresa Brasileira de Serviços Hospitalares, pertencente à Rede da HU Brasil, por um período de 12 (doze) meses.;1512643700030510030942026;7782147;23;Dipirona Sódica;"dosagem: 500, apresentação: solução injetável ";Ampola;0.50;360;S;268252;M
695568;160167;47;2026;Aquisição de material de consumo para uso Médico-Hospitalar e Odontológico, classificados com a finalidade de recompor o estoque de insumos médicos e odontológicos do 53º BIS, visando atender às demandas assistenciais, preventivas e de pronto atendimento em missões diárias e extraordinárias, conforme especificações, quantitativos e exigências estabelecidas;0039445200010310159042026;7747984;122;Diazepam;Diazepam, Dosagem:5 MG Item de condumo saúde;Comprimido;0.14;500;N;267195;M
696157;789300;113;2026;Aquisição de Medicamentos para CFRP;0039450200014410092902026;7759295;69;TRAMADOL CLORIDRATO;"DOSAGEM: 50 ";Comprimido;0.14;30;N;268534;M
698575;257054;44;2026;Aquisições de medicamentos.;0039454400018510016552026;7808979;145;DIPIRONA SÓDICA;"DOSAGEM: 500 ";Comprimido;0.13;236000;N;267203;M
698575;257054;44;2026;Aquisições de medicamentos.;0039454400018510016552026;7808980;146;DIPIRONA SÓDICA;"APRESENTAÇÃO: SOLUÇÃO ORAL (GOTAS), DOSAGEM: 500 ";Frasco;2.39;34000;N;267205;M
693947;157243;35;2026;Medicamentos Anti-Inflamatórios, Analgésicos e Antitérmicos;1512643700030510029992026;7723375;21;Dipirona Sódica;"dosagem: 500, apresentação: solução oral (gotas) ";Frasco;1.26;10320;S;267205;M
693455;927996;53;2026;"Aquisição de MEDICAMENTOS/SUPLEMENTOS CONTROLADOS PELA PORTARIA 344/98 destinados as unidades de saúde pertencentes a Rede Hospitalar, no âmbito da Secretária de Estado de Saúde do Acre - SESACRE. ";1695842500014810003442026;7717775;62;Levomepromazina;"dosagem: 100 CONFORME DESCRITO DO TERMO DE REFERÊNCIA: ";Comprimido;0.64;9187100;S;268129;M
693455;927996;53;2026;"Aquisição de MEDICAMENTOS/SUPLEMENTOS CONTROLADOS PELA PORTARIA 344/98 destinados as unidades de saúde pertencentes a Rede Hospitalar, no âmbito da Secretária de Estado de Saúde do Acre - SESACRE. ";1695842500014810003442026;7717816;103;Tramadol Cloridrato;"dosagem: 50, forma farmacêutica: solução injetável CONFORME DESCRITO DO TERMO DE REFERÊNCIA: ";Ampola;1.21;332800;S;292382;M
698758;458250;4;2026;"REGISTRO DE PREÇOS PARA FUTURA E EVENTUAL AQUISIÇÃO MEDICAMENTOS FARMÁCIA BÁSICA E HOSPITALARES, PARA ATENDER OS MUNICÍPIOS CONSORCIADOS A ESTE CIMCERO/RO, POR UM PERÍODO ESTIMADO DE 12 (DOZE) MESES, CONFORME ESPECIFICAÇÕES TÉCNICAS, UNIDADES E QUANTIDADES DEFINIDAS NESTE ESTUDO E SEUS ANEXOS. ";0204922700015710000272026;7826197;595;Tramadol Cloridrato;"dosagem: 50, forma farmacêutica: solução injetável ";Ampola;1.70;18600;N;292382;M
698758;458250;4;2026;"REGISTRO DE PREÇOS PARA FUTURA E EVENTUAL AQUISIÇÃO MEDICAMENTOS FARMÁCIA BÁSICA E HOSPITALARES, PARA ATENDER OS MUNICÍPIOS CONSORCIADOS A ESTE CIMCERO/RO, POR UM PERÍODO ESTIMADO DE 12 (DOZE) MESES, CONFORME ESPECIFICAÇÕES TÉCNICAS, UNIDADES E QUANTIDADES DEFINIDAS NESTE ESTUDO E SEUS ANEXOS. ";0204922700015710000272026;7825828;226;Diazepam;Diazepam, Dosagem:5 MG DIAZEPAM, 5 MG.;Comprimido;0.15;151050;N;267195;M
698575;257054;44;2026;Aquisições de medicamentos.;0039454400018510016552026;7808976;142;DIAZEPAM;"DOSAGEM: 10 ";Comprimido;0.05;5200;N;267197;M
699108;983049;7;2026;Futura e eventual aquisição de medicamentos e correlatos para atender as demandas do Fundo Municipal de Saúde do Município de Varzedo;1346026600016910000622026;7820421;45;Fenobarbital Sódico;"Fenobarbital Sódico, Dosagem:40 MG/ML, Forma Farmacêutica:Solução Oral - Gotas ";Frasco;12.48;500;N;300723;M
698994;90146;357;2026;AQUISIÇÃO DE MEDICAMENTOS.;4637450000019410065512026;7819317;53;Prometazina Cloridrato;"dosagem: 25, apresentação: solução injetável ";Ampola;5.43;100;S;267769;M
699108;983049;7;2026;Futura e eventual aquisição de medicamentos e correlatos para atender as demandas do Fundo Municipal de Saúde do Município de Varzedo;1346026600016910000622026;7820468;92;Prometazina Cloridrato;"concentração: 50, forma farmaceutica: solução injetável ";Ampola;8.81;1500;N;600706;M
699768;925373;118;2026;Registro de Preços destinado à futura e eventual aquisição de medicamentos do Grupo SÓLIDOS II, tendo como objetivo atender às necessidades cíclicas e regulares de abastecimento das Unidades de Saúde Hospitalares e Ambulatoriais, vinculadas à Secretaria de Estado da Saúde – SESAU/RO, pelo período de 1 (um) ano.;0469649000016310000942026;7835878;69;Levomepromazina;dosagem: 25 	COMPRIMIDO 25mg;Comprimido;0.87;56160;N;268128;M
699380;158137;194;2026;Realização do Pregão SRP 90513/2026 (Contratação 158137-194/2026) para a eventual Aquisição de medicamentos para Enfermaria.;1064853900010510001652026;7828277;2;Dipirona Sódica;dosagem: 500 Descrição completa do item no Termo de Referência.;Comprimido;0.32;1500;N;267203;M
700064;926769;109;2026;FORNECIMENTO DE MEDICAMENTOS DIVERSOS PARA ATENDER O HOSPITAL VETERINÁRIO-UEL E HOSPITAL UNIVERSITÁRIO DE LONDRINA.;7864048900015310005582026;7839665;6;Clorpromazina;"dosagem: 5, apresentação: solução injetável ";Ampola;2.94;1200;N;268069;M
699768;925373;118;2026;Registro de Preços destinado à futura e eventual aquisição de medicamentos do Grupo SÓLIDOS II, tendo como objetivo atender às necessidades cíclicas e regulares de abastecimento das Unidades de Saúde Hospitalares e Ambulatoriais, vinculadas à Secretaria de Estado da Saúde – SESAU/RO, pelo período de 1 (um) ano.;0469649000016310000942026;7835847;38;Fenobarbital Sódico;dosagem: 100 COMPRIMIDO 100mg;Comprimido;0.23;26990;N;267660;M
697991;453714;49;2026;O objeto da presente licitação é o registro de preço para a aquisição de medicamentos humanos, visando atender às necessidades dos projetos, contratos, convênios e demais instrumentos correlatos celebrados pela Fundação de Apoio à Pesquisa, ao Ensino e à Cultura – FAPEC, conforme condições, quantidades e exigências estabelecidas neste Edital e seus anexos.;1551369000015010000672026;7802004;32;Dipirona Sódica;"adicional: formulação especialmente manipulada, composição: associada ao tramadol, concentração: 500 mg + 50 ";Ampola;1.49;2500;N;623182;M
698291;157243;54;2026;Aquisição de Concentrados de Vacina;1512643700030510031392026;7805284;2;Vacina;"composição 1: extrato alérgeno de ácaros, tipo 1: padronizado, forma farmacêutica 1: injetável ";Frasco;336.50;4;N;483360;M
697991;453714;49;2026;O objeto da presente licitação é o registro de preço para a aquisição de medicamentos humanos, visando atender às necessidades dos projetos, contratos, convênios e demais instrumentos correlatos celebrados pela Fundação de Apoio à Pesquisa, ao Ensino e à Cultura – FAPEC, conforme condições, quantidades e exigências estabelecidas neste Edital e seus anexos.;1551369000015010000672026;7802002;30;Diazepam;"dosagem: 5 ";Ampola;1.55;250;N;267195;M
698421;92301;279;2026;ACIDO VALPROICO 50 MG/ML SOLUCAO ORAL FRASCO 100 ML, MORFINA (SULFATO) 30 MG COMPRIMIDO, CLOMIPRAMINA (CLORIDRATO)75 MG COMP DE LIBERACAO PROLONGADA, LIDOCAINA (CLORIDRATO) 2 % SOLUCAO INJETAVEL FA 20 ML, FENOBARBITAL 1 MG/GOTA (4%) SOLUCAO ORAL FRASCO 20, PIRIDOSTIGMINA 60MG COMPRIMIDO, LIDOCAINA (CLORIDRATO) 2% GEL BISNAGA 30G, OLOPATADINA (CLORIDRATO) 1,11 MG/ML SOL OFT FRASCO 5ML;6044804000012210005212026;7806534;5;Fenobarbital Sódico;"dosagem: 40, forma farmacêutica: solução oral - gotas ";Frasco;6.37;2884;S;300723;M
700497;180220;179;2026;"Medicamentos. ";4637780000012710034402026;7849492;27;Fenobarbital Sódico;"dosagem: 100 ";Comprimido;0.18;1300;N;267660;M
700933;925449;24;2026;"Aquisição eventual de Medicamentos Sujeitos à Controle Especial orais e outros, para  atender a necessidade de 12 (doze) meses nas clínicas e unidades de terapia intensiva da  Fundação Pública Estadual Hospital de Clínicas Gaspar Vianna (FHCGV). ";2298097300017710001552026;7855093;8;Clorpromazina;"dosagem: 25 mg Clorpromazina  (cloridrato)  25mg ";Comprimido;0.56;26000;N;267635;M
700933;925449;24;2026;"Aquisição eventual de Medicamentos Sujeitos à Controle Especial orais e outros, para  atender a necessidade de 12 (doze) meses nas clínicas e unidades de terapia intensiva da  Fundação Pública Estadual Hospital de Clínicas Gaspar Vianna (FHCGV). ";2298097300017710001552026;7855117;32;Tramadol Cloridrato;"dosagem: 50, forma farmacêutica: liberação lenta Tramadol  (cloridrato)  50mg ";Cápsula;0.39;10000;N;309436;M
695448;193126;1;2026;Aguardar o envio do processo pela unidade solicitante.;0365916600215610000262026;7745939;48;Diazepam;"dosagem: 5, apresentação: solução injetável ";Ampola;0.91;20;N;267194;M
695183;135024;20;2026;Contratação de empresa especializada para fornecimento de vacina contra a Brucelose não indutora de anticorpo RB51, para uso veterinário, conforme condições de fornecimento e demais especificações técnicas constante do Termo de Referência.;0034800300011010006532026;7742603;1;Vacina;tipo: inativada, outros componentes: s. equi, forma farmacêutica: suspensão injetável, aplicação*: uso veterinário VACINA CONTRA BRUCELOSE NÃO INDUTORA DE ANTICORPO RB-51 ACEITANDO-SE 175 DOSES COM VALIDADE DE 12/2026 E 75 DOSES COM VALIDADE 03/2027;Doses;13.01;250;N;446139;M
696157;789300;113;2026;Aquisição de Medicamentos para CFRP;0039450200014410092902026;7759270;44;DIAZEPAM;"DOSAGEM: 10 ";Comprimido;13.00;20;N;267197;M
695876;160433;77;2026;medicamentos para a farmácia do 19° BIMTZ;0039445200010310159342026;7755396;15;Prometazina Cloridrato;dosagem: 25, apresentação: solução injetável Verificar descrição detalhada do item;Ampola;3.00;100;N;267769;M
695639;254447;203;2026;Aquisição eventual de medicamentos solidos, liquidos orais e medicamentos específicos;3378105500013510013052026;7750239;51;Prometazina Cloridrato;"dosagem: 25 ";Comprimido;0.19;22000;S;267768;M
695609;120629;216;2026;Aquisição de materiais e medicamentos veterinários para atender ao Pelotão de Cães de Guerra (PCG) e equinos do Pelotão de Policia Montada (PPMont) do Esquadrão de Policia da Aeronáutica (EPA) do Grupo de Segurança e Defesa de Canoas (GSD-CO), responsáveis por operações de faro e de patrulha montada no âmbito da BACO, nos termos da tabela abaixo, conforme condições e exigências estabelecidas neste instrumento.;0039442900010010018712026;7749232;20;Vacina;Vacina, Tipo:Inativada E Adsorvida, Composição:S. Cholerae Suis E Variedade Kunzendorf MG/ML, Outros Componentes:E. Coli (K88, K99, 987p, F41), Leptospira Diversa, Componentes Adicionais:P. Multocida(A,D),E. Rhusiothiae,B. Bronchiseptica, Forma Farmacêutica:Suspensão Injetável, Aplicação*:Uso Veterinário Sem informações;Doses;31.95;24;N;445289;M
698758;458250;4;2026;"REGISTRO DE PREÇOS PARA FUTURA E EVENTUAL AQUISIÇÃO MEDICAMENTOS FARMÁCIA BÁSICA E HOSPITALARES, PARA ATENDER OS MUNICÍPIOS CONSORCIADOS A ESTE CIMCERO/RO, POR UM PERÍODO ESTIMADO DE 12 (DOZE) MESES, CONFORME ESPECIFICAÇÕES TÉCNICAS, UNIDADES E QUANTIDADES DEFINIDAS NESTE ESTUDO E SEUS ANEXOS. ";0204922700015710000272026;7825899;297;Fenobarbital Sódico;"dosagem: 100, forma farmacêutica: solução injetável ";Ampola;2.90;3385;N;300725;M
693467;90139;98;2026;Medicamentos com marcas específicas;4637450000019410062232026;7718006;8;Levomepromazina;"dosagem: 40, apresentação: solução oral ";Frasco;17.56;8;S;268130;M
693280;155124;34;2026;Aquisição de Medicamentos Anti-inflamatórios, analgésicos e antitérmicos por meio de Registro de Preços, a fim de atender às necessidades do Hospital Universitário Maria Aparecida Pedrossian - HUMAP/UFMS, Unidade Gestora (UG) 155124, integrante da Rede Ebserh, pelo período de 12 (doze) meses.;1512643700030510029692026;7713488;20;Dipirona Sódica;"dosagem: 500, apresentação: solução oral (gotas) ";Frasco;1.18;1200;S;267205;M
695876;160433;77;2026;medicamentos para a farmácia do 19° BIMTZ;0039445200010310159342026;7755383;2;Diazepam;concentração: 10, forma farmaceutica: solução injetável Verificar descrição detalhada do item;Ampola;1.48;200;N;395147;M
694013;160366;90002;2026;Pregão eletrônico para registro de preços visando eventual aquisição de material farmacológico, médico e hospitalar.;0039445200010310155522026;7724674;7;Dipirona Sódica;Dipirona Sódica Dosagem: 500MG/ML, Apresentação: Solução Injetável;Ampola 2,00 ML;0.65;5000;N;268252;M
694081;92501;378;2026;Aquisição de medicamentos de uso humano, destinados ao atendimento das necessidades assistenciais da instituição, visando garantir o abastecimento da farmácia hospitalar e a continuidade dos tratamentos dos pacientes, conforme especificações técnicas e quantitativas definidos no planejamento da contratação.;1247470500012010002722026;7725540;6;Levomepromazina;"dosagem: 100 ";Comprimido;0.70;600;S;268129;M
698885;532101;953;2026;CLORPROMAZINA, CLORIDRATO 25 MG COMPRIMIDO e CLORPROMAZINA, CLORIDRATO 100 MG COMPRIMIDO;6074731800016210010942026;7817560;1;Clorpromazina;"dosagem: 25 mg ";Comprimido;0.34;48084;S;267635;M
698758;458250;4;2026;"REGISTRO DE PREÇOS PARA FUTURA E EVENTUAL AQUISIÇÃO MEDICAMENTOS FARMÁCIA BÁSICA E HOSPITALARES, PARA ATENDER OS MUNICÍPIOS CONSORCIADOS A ESTE CIMCERO/RO, POR UM PERÍODO ESTIMADO DE 12 (DOZE) MESES, CONFORME ESPECIFICAÇÕES TÉCNICAS, UNIDADES E QUANTIDADES DEFINIDAS NESTE ESTUDO E SEUS ANEXOS. ";0204922700015710000272026;7825986;384;Levomepromazina;Levomepromazina, Dosagem:25 MG LEVOMEPROMAZINA, 25 MG.;Comprimido;0.46;21200;N;268128;M
697349;926703;28;2026;Registro de Preços para futura e eventual contratação de empresa especializada no fornecimento de Medicamentos que fazem parte do rol de medicamentos padronizados do município, Integrantes da REMUME/2024, (itens fracassados do PE 44/2026 – Processo Administrativo nº 5800.141669.2025),;2698145500012910001062026;7786921;1;Clorpromazina;"concentração: 40, forma farmaceutica: solução oral - gotas ";Frasco;9.52;2200;S;340207;M
694571;986411;30;2026;ELABORAÇÃO DE ATA DE REGISTRO DE PREÇOS PARA AQUISIÇÃO DE MEDICAMENTOS DESTINADOS AO ATENDIMENTO DA ATENÇÃO BÁSICA, UNIDADE DE PRONTO ATENDIMENTO (UPA) E SERVIÇO DE ATENDIMENTO MÓVEL DE URGÊNCIA (SAMU), DESTA MUNICIPALIDADE, COM ENTREGAS PARCELADAS CONFORME REQUISIÇÃO, COM PREVISÃO DE CONSUMO NO DECORRER DE 12 (DOZE) MESES;4784283600010510001432026;7731549;235;Prometazina Cloridrato;"dosagem: 25, apresentação: solução injetável ";Ampola;2.96;10000;N;267769;M
700684;450161;1940;2026;"PE DGA 90339/2026 - Registro de Preços de medicamentos controlados com amostra  ";4606842500013310016452026;7851966;4;Fenobarbital Sódico;"dosagem: 100 ";Comprimido;0.24;3870;S;267660;M
700665;927502;381;2026;Aquisição dos medicamentos VACINA MENINGOCÓCICA G, VACINA HERPES ZÓSTER, INSULINA DEGLUDECA 100 UI/ML - 3 ML, GLIMEPIRIDA 4 MG, APIXABANA 2,5 MG, CANDESARTANA 8 MG + HIDROCLOROTIAZIDA 12,5 MG, ROSUVASTATINA 10 MG + EZETIMIBA 10 MG e BISOPROLOL 5 MG, conforme solicitações médicas anexadas nos autos, através de Dispensa de Licitação, com fulcro no artigo 75, inciso VIII, da Lei nº 14.133, de 01 de abril de 2021;0073306200010210003662026;7851866;1;Vacina;composição: pneumocócica 20-valente, forma farmaceutica: suspensão injetável, tipo: conjugada VACINA MENINGOCÓCICA B;Doses;789.21;2;N;629395;M
700717;462314;14;2026;SISTEMA DE REGISTRO DE PREÇOS PARA AQUISIÇÃO DE MEDICAMENTOS SOB CONTROLE ESPECIAL PARA O INSTITUTO CÂNDIDA VARGAS;3550173300019410000252026;7852455;15;Fenobarbital Sódico;dosagem: 40, forma farmacêutica: solução oral - gotas Em caso de divergência entre disposições deste Edital e de seus anexos ou demais peças que compõem o processo,  prevalecerá as deste Edital;Frasco;8.73;750;S;300723;M
700933;925449;24;2026;"Aquisição eventual de Medicamentos Sujeitos à Controle Especial orais e outros, para  atender a necessidade de 12 (doze) meses nas clínicas e unidades de terapia intensiva da  Fundação Pública Estadual Hospital de Clínicas Gaspar Vianna (FHCGV). ";2298097300017710001552026;7855094;9;Clorpromazina;"dosagem: 100 Clorpromazina  (cloridrato)  100mg ";Comprimido;0.76;62000;N;267638;M
700933;925449;24;2026;"Aquisição eventual de Medicamentos Sujeitos à Controle Especial orais e outros, para  atender a necessidade de 12 (doze) meses nas clínicas e unidades de terapia intensiva da  Fundação Pública Estadual Hospital de Clínicas Gaspar Vianna (FHCGV). ";2298097300017710001552026;7855101;16;Fenobarbital Sódico;dosagem: 40, forma farmacêutica: solução oral - gotas Fenobarbital  40mg/ml – gotas;Frasco;7.70;100;N;300723;M
699108;983049;7;2026;Futura e eventual aquisição de medicamentos e correlatos para atender as demandas do Fundo Municipal de Saúde do Município de Varzedo;1346026600016910000622026;7820437;61;Levomepromazina;"Levomepromazina, Dosagem:25 MG ";Frasco;1.26;2000;N;268128;M
699298;450522;304;2026;"Registro de Preço para Eventual e Futura Aquisição de Medicamentos de Uso Hospitalar, para atender asnecessidades da Secretaria Municipal de Saúde por um período ";0410481600011610002122026;7825460;21;Dipirona Sódica;dosagem: 500, apresentação: solução injetável Dipirona Sódica Dosagem: 500 mg/mL Apresentação: Solução Injetável Ampola 2mL;Ampola;2.24;134400;N;268252;M
694571;986411;30;2026;ELABORAÇÃO DE ATA DE REGISTRO DE PREÇOS PARA AQUISIÇÃO DE MEDICAMENTOS DESTINADOS AO ATENDIMENTO DA ATENÇÃO BÁSICA, UNIDADE DE PRONTO ATENDIMENTO (UPA) E SERVIÇO DE ATENDIMENTO MÓVEL DE URGÊNCIA (SAMU), DESTA MUNICIPALIDADE, COM ENTREGAS PARCELADAS CONFORME REQUISIÇÃO, COM PREVISÃO DE CONSUMO NO DECORRER DE 12 (DOZE) MESES;4784283600010510001432026;7731417;103;Dipirona Sódica;"dosagem: 500, apresentação: solução oral (gotas) ";Frasco;2.00;100000;N;267205;M
696351;160359;98;2026;O objeto da presente licitação é aquisição de material de consumo farmacológico, conforme condições, quantidades e exigências estabelecidas no Edital e seus anexos;0039445200010310159862026;7762277;241;Tramadol Cloridrato;Tramadol Cloridrato, Dosagem:50 MG/ML, Forma Farmacêutica:Solução Injetável bens comuns;Ampola;2.89;13300;N;292382;M
693947;157243;35;2026;Medicamentos Anti-Inflamatórios, Analgésicos e Antitérmicos;1512643700030510029992026;7762988;22;Dipirona Sódica;"dosagem: 500 ";Comprimido;0.14;273000;S;267203;M
698914;986969;165;2026;Registro de Preços para aquisição de Medicamentos – REMUME, conforme edital e seus anexos.;5602458100015610003532026;7817785;10;Levomepromazina;"dosagem: 25 ";Comprimido;0.43;105000;N;268128;M
698758;458250;4;2026;"REGISTRO DE PREÇOS PARA FUTURA E EVENTUAL AQUISIÇÃO MEDICAMENTOS FARMÁCIA BÁSICA E HOSPITALARES, PARA ATENDER OS MUNICÍPIOS CONSORCIADOS A ESTE CIMCERO/RO, POR UM PERÍODO ESTIMADO DE 12 (DOZE) MESES, CONFORME ESPECIFICAÇÕES TÉCNICAS, UNIDADES E QUANTIDADES DEFINIDAS NESTE ESTUDO E SEUS ANEXOS. ";0204922700015710000272026;7826198;596;Tramadol Cloridrato;"dosagem: 50, forma farmacêutica: solução injetável ";Ampola;2.19;109250;N;292382;M
698758;458250;4;2026;"REGISTRO DE PREÇOS PARA FUTURA E EVENTUAL AQUISIÇÃO MEDICAMENTOS FARMÁCIA BÁSICA E HOSPITALARES, PARA ATENDER OS MUNICÍPIOS CONSORCIADOS A ESTE CIMCERO/RO, POR UM PERÍODO ESTIMADO DE 12 (DOZE) MESES, CONFORME ESPECIFICAÇÕES TÉCNICAS, UNIDADES E QUANTIDADES DEFINIDAS NESTE ESTUDO E SEUS ANEXOS. ";0204922700015710000272026;7825808;206;Clorpromazina;"dosagem: 5, apresentação: solução injetável ";Ampola;2.30;6750;N;268069;M
698536;990202;394;2026;Constituição de SRP visando futuras aquisições de medicamentos;4448028300019110000442026;7807974;36;Dipirona Sódica;"Dipirona Sódica, Dosagem:500 MG/ML, Apresentação:Solução Oral (Gotas) ";Mililitro;0.22;30000;N;267205;M
693366;155126;42;2026;Registro de Preços para a aquisição de MEDICAMENTOS GERAIS INJETÁVEIS, a fim de atender às necessidades do Hospital Universitário Professor Alberto Antunes (HUPAA/UFAL), Unidade Gestora (UG) 155126, pertencente à Rede da Empresa Brasileira de Serviços Hospitalares (Rede Ebserh), por um período de 12 (doze) meses. Pregoeiro ALEX PESSOA ACIOLI DE SANTANA (Pregão Eletrônico nº 90043/2026).;1512643700030510029762026;7799840;51;Dipirona Sódica;Dipirona Sódica, Dosagem:500 MG/ML, Apresentação:Solução Injetável Conforme Anexo I - Descrição Detalhada e Quantitativos do Objeto.;Ampola;1.50;120000;S;268252;M
697117;112408;263;2026;Aquisição de Medicamentos - Parte II;0327761000012510004072026;7781394;130;Prometazina Cloridrato;"dosagem: 25 ";Comprimido;0.60;1465;N;267768;M
