item_id,pergunta_id,tema,pergunta,codigo_pronunciamento,autor,data,partido,uf,resumo_oficial,trecho_texto_integral,url_texto_integral,julgamento_relevancia,observacoes
Q01-451123,Q01,Previdência e pessoa com deficiência,Qual pronunciamento tratou do impacto da reforma da previdência sobre o Estatuto da Pessoa com Deficiência e a avaliação da deficiência?,451123,Paulo Paim,2019-02-18,PT,RS,Comentário sobre a relação da reforma trabalhista com a Previdência Social.,"…RERP COORDENAÇÃO DE REDAÇÃO E MONTAGEM - COREM 18/02/2019 O SR. PAULO PAIM (Bloco Parlamentar da Resistência Democrática/PT - RS. Sem apanhamento taquigráfico.) - Senhor Presidente, Senhoras e Senhores Senadores, quero tratar hoje sobre a relação da reforma trabalhista com a Previdência Social e a reforma do sistema previdenciário. A reforma trabalhista, que culminou na Lei 13.467, de 2017, trouxe prejuízos à vida dos trabalhadores. Entre as modificações estão a prevalência do negociado sobre o legislado, que, entre outros pontos pode admitir a prática de jornadas de até 12 horas de trabalho sem a contagem de horas extras, alteração nos prazos de licenças maternidade e paternidade, alterações nos planos de carreira; As férias poderão ser fracionadas; na maioria dos casos, não serão pagas. Há a possibilidade de adoção da remuneração por produção na qual o piso salarial da categoria ou o salário mínimo deixam de ser referência. O tempo mínimo de repouso para o trabalhador que exerça a jornada padrão de oito horas diárias fica sujeito à redução, podendo chegar a até 30 minutos para almoço e descanso; A rescisão contratual passa a ser efetivada sem a necessidade de presença de represen…",https://www25.senado.leg.br/web/atividade/pronunciamentos/-/p/texto/451123,,
Q01-451159,Q01,Previdência e pessoa com deficiência,Qual pronunciamento tratou do impacto da reforma da previdência sobre o Estatuto da Pessoa com Deficiência e a avaliação da deficiência?,451159,Paulo Paim,2019-02-27,PT,RS,Cobrança ao Governo Federal para a regulamentação do Estatuto da Pessoa com Deficiência.,"O SR. PAULO PAIM (Bloco Parlamentar da Resistência Democrática/PT - RS. Para discursar.) – Senador Anastasia, que preside esta sessão, eu quero falar hoje sobre as pessoas com deficiência, devido a uma preocupação que estou tendo e aqui vou explicitar. A reforma da previdência está mexendo com o conjunto da população brasileira – eu diria –, dos mais jovens aos mais idosos, deficientes ou não. Por isso, Sr. Presidente, eu quero aqui destacar a Lei nº 3.146, de 2015, o Estatuto da Pessoa com Deficiência, de minha autoria – mas só aprovei com o apoio de todos os senhores. Ele foi aprovado por unanimidade, sendo que o Romário foi Relator, o Flávio Arns foi Relator, Mara Gabrilli foi Relatora. Diz-se, lá no Estatuto, que a avaliação da deficiência seria feita por equipe multiprofissional e interdisciplinar e que os instrumentos para essa avaliação deverão ser criados pelo Poder Executivo, por meio de regulamentação. Eu estou me antecipando só. O prazo para essa regulamentação, prevista pelo Estatuto, se esgotou já em 2018. Ou seja, no Governo anterior. Mas agora, Sr. Presidente, algo torna ainda essa regulamentação mais urgente. Esse é o apelo que eu faço ao Presidente da República, po…",https://www25.senado.leg.br/web/atividade/pronunciamentos/-/p/texto/451159,,
Q01-451285,Q01,Previdência e pessoa com deficiência,Qual pronunciamento tratou do impacto da reforma da previdência sobre o Estatuto da Pessoa com Deficiência e a avaliação da deficiência?,451285,Paulo Paim,2019-02-27,PT,RS,"Registro do impacto da reforma da previdência social na Lei nº 13.146, de 2015, que dispõe sobre o Estatuto da Pessoa com Deficiência, no que diz respeito à avaliação da deficiência.","…ETARIA DE REGISTRO E REDAÇÃO PARLAMENTAR - SERERP COORDENAÇÃO DE REDAÇÃO E MONTAGEM - COREM 27/02/2019 O SR. PAULO PAIM (Bloco Parlamentar da Resistência Democrática/PT - RS. Sem apanhamento taquigráfico.) - Sr. Presidente, Sras. e Srs. Senadores, a reforma da Previdência está mexendo com a vida de todos, e, neste cenário a vida das pessoas com deficiência também será impactada. A Lei 13.146 de 2015, do Estatuto da Pessoa com Deficiência, diz que a avaliação da deficiência será feita por equipe multiprofissional e interdisciplinar e que os instrumentos para essa avaliação deverão ser criados pelo poder executivo por meio de regulamentação. O prazo para esta regulamentação, estabelecido pelo Estatuto, se esgotou em janeiro de 2018. E agora, Senhoras e Senhores, algo torna essa regulamentação ainda mais urgente. A PEC 06/2019, da reforma da Previdência, ao falar na aposentadoria especial da pessoa com deficiência e no BPC remete-se à avaliação da deficiência, que deverá ser feita por equipe multiprofissional e interdisciplinar. Há, porém, Sr. Presidente, se dizer que essa avaliação depende de instrumentos que ainda não foram criados. Portanto, é preciso que o artigo 2º do Estatuto da…",https://www25.senado.leg.br/web/atividade/pronunciamentos/-/p/texto/451285,,
Q01-451757,Q01,Previdência e pessoa com deficiência,Qual pronunciamento tratou do impacto da reforma da previdência sobre o Estatuto da Pessoa com Deficiência e a avaliação da deficiência?,451757,Paulo Paim,2019-03-19,PT,RS,Relato da participação de S. Exª em audiências públicas na CDH e na CAE destinadas a debater a reforma da previdência.,"…guir um emprego, aqueles que diariamente, bravamente precisam vencer os mais diversos obstáculos, além das limitações físicas, as mentais, sensoriais, intelectuais. Eu estou falando, Sr. Presidente, de homens, mulheres, jovens, crianças e idosos com deficiência. Um universo de mais de 20 milhões de brasileiros. Essas pessoas não esperam por esmolas. A aposentadoria é um direito, constitucional. Não podemos aceitar que a reforma da Previdência venha ceifar esse direito sagrado. No ano de 2013, foi publicada a Lei Complementar 142, que estabelece tempos diferenciados para que as pessoas com deficiência possam se aposentar. A lógica dessa lei é que, devido às limitações, os trabalhadores com deficiência desgastam mais precocemente os seus organismos. E, por isso, eles têm uma perspectiva de vida menor que as demais. Segundo essa lei, as pessoas com deficiência se aposentam: - Vinte anos para mulher e 25 para homem, no caso de deficiência grave; - No caso de deficiência moderada, 24 anos de contribuição para mulher e 27 anos para homem; - Para deficiência leve: 28 para mulher e 33 para homem. Se a aposentadoria se der por idade, ela acontecerá aos 55 anos, no caso da mulher e 60 anos p…",https://www25.senado.leg.br/web/atividade/pronunciamentos/-/p/texto/451757,,
Q01-457463,Q01,Previdência e pessoa com deficiência,Qual pronunciamento tratou do impacto da reforma da previdência sobre o Estatuto da Pessoa com Deficiência e a avaliação da deficiência?,457463,Fernando Bezerra Coelho,2019-09-10,MDB,PE,"Sessão de debate temático destinada à discussão das Propostas de Emenda à Constituição nº 6, de 2019, e nº 133, de 2019, cujo objeto é a reforma da previdência.","O SR. FERNANDO BEZERRA COELHO (Bloco Parlamentar Unidos pelo Brasil/MDB - PE. Para interpelar convidado.) – Sr. Presidente, Sras. Senadoras, Srs. Senadores, Srs. convidados e demais presentes nesta sessão de debates temáticos sobre a reforma da previdência, a nova previdência proposta pelo Governo se enquadra na indispensável busca por um ritmo sustentável de crescimento das despesas com previdência em meio a um contexto de rápido e intenso envelhecimento populacional, constituindo-se assim elemento fundamental para o equilíbrio das contas públicas. A geração de emprego, Sr. Presidente, deve ser a agenda prioritária do Brasil, e não há outro meio possível senão o equilíbrio das contas públicas. De modo geral, portanto, propõe-se a construção de um sistema de seguridade social sustentável e mais justo, onde quem ganha menos paga menos, quem ganha mais paga mais, garantindo direitos adquiridos e a sustentabilidade do sistema previdenciário. Esta Casa foi diligente na tramitação da PEC, e aqui quero registrar o empenho do Presidente Davi Alcolumbre, da Senadora Simone Tebet e do Relator, o Senador Tasso Jereissati, que juntos conduziram da melhor forma o processo. É importante destaca…",https://www25.senado.leg.br/web/atividade/pronunciamentos/-/p/texto/457463,,
Q01-464061,Q01,Previdência e pessoa com deficiência,Qual pronunciamento tratou do impacto da reforma da previdência sobre o Estatuto da Pessoa com Deficiência e a avaliação da deficiência?,464061,Paulo Paim,2020-02-13,PT,RS,"Cumprimentos à Comissão de Assuntos Econômicos pela aprovação do Projeto de Lei Complementar nº 212/2019, de autoria de S. Exa., que veda o contingenciamento de recursos da seguridade social.","…ar do desempregado, até 2024, algo em torno de R$13 bilhões. É um dinheiro que estaria no mercado, porque desempregado vai comprar o quê? Alimento, uma camiseta, um tênis, pagar o ônibus. Enfim, são as preocupações. Por isso, para fortalecer a nossa previdência, eu cumprimento todos os Senadores, porque esse projeto foi aprovado por unanimidade. Ainda, Sr. Presidente, faço outro registro. Eu tenho uma audiência às 14h30, na CDH. Às 14h30, tenho de estar lá para discutir a MP e as categorias em extinção, inclusive a sua, Senador Kajuru, de jornalista, radialista... (Intervenção fora do microfone.) O SR. PAULO PAIM (Bloco Parlamentar da Resistência Democrática/PT - RS) – Você também? O Plínio também? Eu achei que estava sendo solidário a ele. O Senador Plínio também. E o pessoal do seguro – só no seguro, vai haver uma demissão de 450 mil pessoas. Falaram ontem. Eles vão estar hoje à tarde lá. Então, por isso, eu fiz esse registro. Quero aqui também falar – e vai ser rápido – da lei da política de cotas para pessoas com deficiência. Existe uma lei que garante, via Lei Brasileira de Inclusão, Lei 13.146, de 2015, Estatuto da Pessoa com Deficiência, que casualmente é de minha autoria. O…",https://www25.senado.leg.br/web/atividade/pronunciamentos/-/p/texto/464061,,
Q01-478535,Q01,Previdência e pessoa com deficiência,Qual pronunciamento tratou do impacto da reforma da previdência sobre o Estatuto da Pessoa com Deficiência e a avaliação da deficiência?,478535,Mara Gabrilli,2021-04-27,PSDB,SP,"Considerações sobre o Projeto de Lei nº 1052, de 2020, que altera a Lei nº 8.213, de 24 de julho de 1991, para permitir a contratação dos pais de menores com deficiência, assim como de seus responsáveis legais, quando não houver, no município da prestação dos serviços, pessoas com deficiência habilitadas para a admissão nos moldes do referido dispositivo legal.","…la ordem.) – Obrigada, Presidente. Colegas Senadores, eu quero muito agradecer ao Senador Vanderlan Cardoso pela sensibilidade em retirar de pauta o PL nº 1.052. Embora, Senador, eu saiba da sua boa intenção em oferecer oportunidades para os pais de pessoas com deficiência – a gente sabe das dificuldades deles –, isso não pode promover o desmonte da principal política de empregabilidade da pessoa com deficiência. Desde que a Lei de Cotas foi implementada e quando ela passou a ser fiscalizada – isso foi em 2001 –, você acredita que a gente tinha, Senador Vanderlan, 100 pessoas com deficiência com carteira assinada? Hoje, a gente tem mais de 500 mil pessoas com deficiência e carteira assinada. A gente entende, por exemplo, a dificuldade de uma pessoa que não tem deficiência em conseguir um bom lugar no mercado de trabalho. E aí a gente pode inferir o tamanho da dificuldade e a imensidão da dificuldade de uma pessoa com deficiência em conseguir ingressar no mercado de trabalho. Isso não é fácil! Você imagina a gente ter que avaliar a capacidade dessa pessoa para dizer se ela pode ou não entrar para a empresa. E aí a gente entra nessa questão do capacitismo, de que tanto a gente vem fa…",https://www25.senado.leg.br/web/atividade/pronunciamentos/-/p/texto/478535,,
Q01-482509,Q01,Previdência e pessoa com deficiência,Qual pronunciamento tratou do impacto da reforma da previdência sobre o Estatuto da Pessoa com Deficiência e a avaliação da deficiência?,482509,Paulo Paim,2021-08-19,PT,RS,"Pela Liderança sobre o Projeto de Lei (PL) n° 1605, de 2019, que ""Institui o Estatuto da Pessoa com Câncer; e dá outras providências"".","… meus cumprimentos ao autor, nobre Deputado Federal Eduardo Braide; e ao nosso querido amigo, o Relator Carlos Viana. Agradeço também ao Líder Paulo Rocha que permitiu que eu, Presidente, não só comentasse, mas como encaminhasse o voto da bancada. O Estatuto da Pessoa com Câncer tem o objetivo de assegurar e de promover condições de igualdade no acesso ao tratamento adequado, o exercício dos direitos e das liberdades fundamentais da pessoa com câncer, com vista, naturalmente, a garantir o respeito à dignidade, à cidadania e à inclusão social. O projeto segue a linha, como costumo dizer, de fazer o bem sem olhar a quem. Consequentemente, é um projeto humanitário. Prevê os direitos fundamentais do paciente com câncer, bem como os deveres da sociedade e do Estado relacionados ao nosso povo, à nossa gente com essa doença. Presidente, eu só faço uma consideração, não por não ter sido acatada a minha emenda... Está aí o Relator, que mais do que ninguém pode analisar emenda por emenda. Eu nem fiz emenda nesse sentido que vou comentar agora e termino. Entendo, todavia, que o nome mais adequado seria Política Nacional do Câncer, tipo PNC. E me lembro que a Senadora Mara Gabrilli, no Estatut…",https://www25.senado.leg.br/web/atividade/pronunciamentos/-/p/texto/482509,,
Q01-484304,Q01,Previdência e pessoa com deficiência,Qual pronunciamento tratou do impacto da reforma da previdência sobre o Estatuto da Pessoa com Deficiência e a avaliação da deficiência?,484304,ANA PAULA MARQUES,2021-10-15,,,Sessão Especial destinada a comemorar o Dia Nacional de Luta da Pessoa com Deficiência.,"A SRA. ANA PAULA MARQUES (Para discursar.) – Obrigada! Quero agradecer ao Senador Izalci pelo convite, à Mara Gabrilli pela luta pela pessoa com deficiência e a todos os que hoje lutam por esses direitos da pessoa com deficiência. Eu, há 18 anos, venho nessa luta. Por ser uma pessoa com deficiência, tenho essas dificuldades da falta de inclusão. A luta é grande e constante, como já falaram. E pessoas que têm alguém na família com deficiência ou alguém que é deficiente sabe muito bem quais são as dificuldades do dia a dia da pessoa com deficiência. E aquelas que estão aí lutando por esses direitos, tentando colocar leis, eu quero somente agradecer a elas por estarem lutando com a gente, por estarem reivindicando direitos tanto na área de trabalho, na sua inclusão, no transporte, tudo por que a gente vem brigando constantemente, no dia a dia. Uma pequena rampa, assim, para nós que temos uma deficiência, é difícil, porque fica a dificuldade de subir e ter de pedir ajuda por aquele ambiente não ter aquela rampa. A luta é constante. Não tem como não dizer isso. E somente agradecer. Para mim, o esporte me salvou, me deu mais forças para continuar essa luta, porque antes, aos 20 anos, eu …",https://www25.senado.leg.br/web/atividade/pronunciamentos/-/p/texto/484304,,
Q01-485877,Q01,Previdência e pessoa com deficiência,Qual pronunciamento tratou do impacto da reforma da previdência sobre o Estatuto da Pessoa com Deficiência e a avaliação da deficiência?,485877,Paulo Paim,2021-12-02,PT,RS,"Reflexão sobre o Dia Internacional da Pessoa com Deficiência, celebrado em 3 de dezembro. Destaque à importância do Senado Federal para a garantia dos direitos das pessoas com deficiência e proteção contra retrocessos. Registro da aprovação, na Câmara dos Deputados, do Projeto de Lei Complementar nº 454, de 2014, (PLS 250, de 2005, no Senado Federal), de autoria de S. Exa., que estabelece regras diferenciadas para a aposentadoria do servidor público com deficiência.","…SR. PAULO PAIM (Bloco Parlamentar da Resistência Democrática/PT - RS. Para discursar. Por videoconferência.) – Bom dia, Presidente Rodrigo Pacheco, Senadores e Senadoras. Amanhã, Presidente, 3 de dezembro, é celebrado no mundo o Dia Internacional da Pessoa com Deficiência. É um momento de reflexão sobre a construção de um mundo mais acessível, mais inclusivo, mais sustentável, com respeito às diferenças. O lema desse ano formulado pela ONU lembra a importância da liderança e da participação política da pessoa com deficiência – que tenhamos mais pessoas com deficiência participando ativamente nas disputas eleitorais, por exemplo. O título é ""Liderança e participação das pessoas com deficiência por um mundo pós-covid-19 inclusivo, acessível e sustentável"", mas, ao mesmo tempo, manda ter o cuidado com a quarta onda, que está aí. No Brasil, em vez de estarmos lutando por avanços e melhorias, estamos resistindo. E o Senado resiste à retirada de direitos, Presidente. Exemplo: ameaçaram tirar a política de cotas, não conseguiram; desrespeitar a Constituição Cidadã, com certeza também não. A convenção internacional e também o Estatuto da Pessoa com Deficiência estão aí; estamos conseguindo…",https://www25.senado.leg.br/web/atividade/pronunciamentos/-/p/texto/485877,,
Q01-486118,Q01,Previdência e pessoa com deficiência,Qual pronunciamento tratou do impacto da reforma da previdência sobre o Estatuto da Pessoa com Deficiência e a avaliação da deficiência?,486118,Zenaide Maia,2021-12-09,PROS,RN,"Preocupação com a demora e a suspensão dos benefícios previdenciários, especialmente das pessoas com deficiência e idosos em situação de vulnerabilidade no Brasil.","… Sr. Presidente, colegas Senadores... Espere aí que eu estou aqui sem a imagem. Sr. Presidente, colegas Senadores, eu concordo aí com o que falou o Senador Paulo Paim, justamente sobre esse projeto de lei que prorroga a isenção de IPI e estende para pessoas com deficiência. Sr. Presidente, esta Casa tem que ter, sim, um olhar diferenciado para as pessoas com deficiência. Essa questão dessa fila na previdência por um direito que essas pessoas têm. As pessoas com deficiência, eles suspendem o benefício, mesmo que essas deficiências sejam pessoas tetraplégicas, cadeirantes há muitos anos, e mandam-nas voltar para uma junta médica da previdência. Quando conseguem chegar a essa junta médica, o médico resolve pedir ressonância, tomografia de uma deficiência que, naquela pessoa, já é inata, permanente. Normalmente, dada por uma junta médica. Então, Srs. Senadores, todos que estão nos assistindo, desses 1,8 milhão de brasileiros e brasileiras que estão na fila da previdência, aguardando conseguir um direito que eles têm, a grande maioria são pessoas que estão lutando por um salário mínimo do benefício de prestação continuada. Estive no interior do Rio Grande do Norte, na cidade de Apodi, e…",https://www25.senado.leg.br/web/atividade/pronunciamentos/-/p/texto/486118,,
Q01-486128,Q01,Previdência e pessoa com deficiência,Qual pronunciamento tratou do impacto da reforma da previdência sobre o Estatuto da Pessoa com Deficiência e a avaliação da deficiência?,486128,Mara Gabrilli,2021-12-09,PSDB,SP,"Discussão sobre o Projeto de Lei (PL) n° 5149, de 2020 (Substitutivo da Câmara dos Deputados), que ""Altera a Lei nº 8.989, de 24 de fevereiro de 1995, para prorrogar a isenção do Imposto sobre Produtos Industrializados (IPI) na aquisição de automóveis de passageiros e para estender o benefício para as pessoas com deficiência"".","…tar já a oportunidade e destacar que, quando este projeto foi aprovado pela primeira vez, aqui no Senado Federal, a gente aprovou este projeto em pleno acordo com o Governo e com a bancada de Senadores e Senadoras atuantes na defesa dos direitos das pessoas com deficiência. Também o fizemos alinhados aos anseios e às necessidades de uma categoria profissional que sempre contou com o meu apoio e de toda esta Casa, que são os taxistas. Tanto é verdade que a matéria foi aprovada por unanimidade. Eu quero registrar também que a proposta, saída do Senado em maio deste ano, tinha análise de impacto e compromisso do Governo de garantir sua previsão orçamentária pela própria LOA. Só que, em vez disso, numa manobra nada transparente, o Governo incluiu um jabuti neste PL, disfarçado de medida compensatória – isso durante a tramitação na Câmara. Digo que é jabuti, sim, porque, inclusive, seu valor supera em três vezes o montante de renúncia decorrente da prorrogação da isenção de IPI na compra de automóveis por pessoas com deficiência e taxistas. Aí também pergunto: o que o Governo pretende fazer com essa sobra de recurso? Certamente, não dará conta de cobrir o próprio rombo que deixará nas p…",https://www25.senado.leg.br/web/atividade/pronunciamentos/-/p/texto/486128,,
Q01-488984,Q01,Previdência e pessoa com deficiência,Qual pronunciamento tratou do impacto da reforma da previdência sobre o Estatuto da Pessoa com Deficiência e a avaliação da deficiência?,488984,Paulo Paim,2022-03-16,PT,RS,"Discussão sobre o Projeto de Lei (PL) n° 4438, de 2021, que ""Altera a Lei nº 10.741, de 1º de outubro de 2003 – Estatuto do Idoso, para estabelecer medidas protetivas de urgência para idosos que tenham sofrido violência ou que estejam na iminência de sofrê-las"".","…ntes fossem atendidos. E elas, com a grandeza de sempre, as duas Senadoras, a Senadora Nilda Gondim e a Senadora Simone Tebet, disseram: ""Tudo bem, vamos adaptar e vamos ampliar"". Então, eu agradeço muito, em nome dos idosos. Eu trabalhei 15 anos no Estatuto do Idoso, e isso passou, de fato, despercebido. Agora, elas estão salvando a pátria, como a gente fala, não é? Trabalhei 12 anos, no Estatuto da Pessoa com Deficiência. Em resumo, não há o que falar. Ambas falaram e deixaram muito claro o objetivo desse projeto de lei, que, como disseram a Senadora Simone e também a Senadora Nilda, será aprovado por unanimidade. A medida, de fato, aprimora o Estatuto do Idoso, aprimora o Estatuto da Pessoa com Deficiência, protegendo esse setor vulnerável, que é o do deficiente e do idoso. Por isso, só posso cumprimentá-las com o carinho que merecem. E o PT votará ""sim"", Presidente.",https://www25.senado.leg.br/web/atividade/pronunciamentos/-/p/texto/488984,,
Q01-489577,Q01,Previdência e pessoa com deficiência,Qual pronunciamento tratou do impacto da reforma da previdência sobre o Estatuto da Pessoa com Deficiência e a avaliação da deficiência?,489577,Flávio Arns,2022-03-17,PODEMOS,PR,"Orientação à bancada, pelo Partido PODEMOS, sobre o Veto (VET) n° 73, de 2021, ""Veto Parcial aposto ao Projeto de Lei nº 5.149, de 2020, que 'Altera a Lei nº 8.989, de 24 de fevereiro de 1995, para prorrogar a isenção do Imposto sobre Produtos Industrializados (IPI) na aquisição de automóveis de passageiros e para estender o benefício para as pessoas com deficiência auditiva'"".","O SR. FLÁVIO ARNS (Bloco/PODEMOS - PR. Para orientar a bancada. Sem revisão do orador. Por videoconferência.) – Eu quero orientar pelo Podemos e dizer que é uma matéria muito importante para a pessoa com deficiência, aprovada no Senado Federal e na Câmara dos Deputados. O acessório de adaptação do veículo, mesmo que não venha da fábrica, é essencial, inclusive para atender as necessidades individuais e as especificidades da pessoa com deficiência. Nesse sentido, não pagar o imposto significa cidadania também para essa pessoa. Então, o veto não cabe. Nesse sentido, o voto ""não"" é muito importante. ""Não"" ao veto. (Soa a campainha.) O SR. FLÁVIO ARNS (Bloco/PODEMOS - PR. Por videoconferência.) – Quer dizer, fazer com que a pessoa com deficiência tenha essa possibilidade de se inserir mais na sociedade. Nesse sentido, a gente faz o apelo, como partido, o Podemos, a favor dessa área, a favor da pessoa com deficiência. E deveríamos estar ainda ajudando muito mais esse segmento da população. É muito pouco o que nós fazemos por todas essas pessoas. O voto é ""não"", Sr. Presidente.",https://www25.senado.leg.br/web/atividade/pronunciamentos/-/p/texto/489577,,
Q01-489683,Q01,Previdência e pessoa com deficiência,Qual pronunciamento tratou do impacto da reforma da previdência sobre o Estatuto da Pessoa com Deficiência e a avaliação da deficiência?,489683,Izalci Lucas,2022-03-30,PSDB,DF,"Solicitação de inclusão em pauta do Requerimento (RQS) n° 174, de 2022, de realização de Sessão de Debates Temáticos a fim de aprofundar os conhecimentos sobre as ferramentas e normas atuais de acessibilidade na Web e discutir o Projeto de Lei nº 1090, de 2021.","…B - DF. Pela ordem.) – Presidente, uma questão de ordem. Eu queria pedir a V. Exa.... O Senador Alessandro Vieira pediu e eu peço a V. Exa.: há o Requerimento nº 174, de 2022, que trata realmente da realização de uma sessão de debates com relação ao Estatuto da Pessoa com Deficiência, para especificar os recursos mínimos de acessibilidade à internet, aos sítios da internet. Então, como há essa proposta e, se V. Exa. puder colocar como extrapauta, aprovando esse requerimento, eu agradeço a V. Exa.",https://www25.senado.leg.br/web/atividade/pronunciamentos/-/p/texto/489683,,
Q01-492234,Q01,Previdência e pessoa com deficiência,Qual pronunciamento tratou do impacto da reforma da previdência sobre o Estatuto da Pessoa com Deficiência e a avaliação da deficiência?,492234,Paulo Paim,2022-07-06,PT,RS,"Comemoração dos sete anos da Lei nº 13146, de 2015, a Lei Brasileira de Inclusão (LBI), também chamada de Estatuto da Pessoa com Deficiência.","…ante relatório do Senador Wellington Fagundes, que atualizou o projeto; e agradecer a todos os Líderes, porque todos indicaram pelo voto ""sim"". Presidente, eu queria hoje falar rapidamente sobre o 6 de julho. Hoje, 6 de julho, é a data da criação do Estatuto da Pessoa com Deficiência (LBI), Lei 13.146, de 2015 – está completando hoje sete anos. Essa lei é originária de um projeto de nossa autoria. O estatuto beneficia mais de 17 milhões de brasileiros. Na construção dele, foram realizadas dezenas e dezenas de audiências públicas ao longo desses 15 anos, até chegarmos à sua aprovação. Nesses encontros, tivemos a participação do movimento das pessoas com deficiência, familiares, militantes sociais, especialistas, Ministério Público, Ministério do Trabalho, Secretaria dos Direitos Humanos da Presidência da República. O estatuto teve a relatoria de muitos parceiros – começaram na Câmara e hoje estão no Senado –: o Senador Flávio Arns foi Relator; o Deputado Celso Russomanno foi Relator; a então Deputada à época, hoje Senadora, foi aquela que deu o arcabouço final, a hoje Senadora Mara Gabrilli; e também o Senador Romário. Naturalmente, ainda existem grandes desafios para a sua plena ap…",https://www25.senado.leg.br/web/atividade/pronunciamentos/-/p/texto/492234,,
Q01-493132,Q01,Previdência e pessoa com deficiência,Qual pronunciamento tratou do impacto da reforma da previdência sobre o Estatuto da Pessoa com Deficiência e a avaliação da deficiência?,493132,Zenaide Maia,2022-08-03,PROS,RN,"Discussão sobre a Medida Provisória (MPV) n° 1113, de 2022, que ""Altera a Lei nº 8.213, de 24 de julho de 1991, e a Lei nº 13.846, de 18 de junho de 2019, para dispor sobre o fluxo de análise de benefícios previdenciários e assistenciais sob avaliação do Instituto Nacional do Seguro Social, da Perícia Médica Federal e do Conselho de Recursos da Previdência Social"".","…IDE MAIA (Bloco Parlamentar da Resistência Democrática/PROS - RN. Para discutir. Por videoconferência.) – Sr. Presidente, eu quero aqui cumprimentar os colegas Senadores e o Relator. Eu também penso como o Paulo Paim: acelerar e diminuir as filas da Previdência, porque quem está pagando o preço mais caro são justamente as pessoas com deficiência. Eu quero lembrar aqui quando foi que essa fila se transformou em um pesadelo para as pessoas que têm deficiência: foi com a Medida Provisória 971, de 2019, que foi a famosa lei do pente-fino. O que é que foi feito neste país? Eu digo como médica 30 anos. E ainda encontro isso hoje. Pegou-se para uma revisão de todos os benefícios, não foram só os com indícios de irregularidade. E eu me pergunto: paciente tetraplégico, paraplégico, que indício de irregularidade vai ser visto nisso aí?! Então, jogou-se esse povo todo... As pessoas com deficiência intelectual chegam aos peritos, que pedem ressonância magnética, tomografia, passando um, dois anos... Tem pacientes tetraplégicos neste país que até hoje não conseguiram, com essa operação pente-fino, voltar a ter o seu benefício. Isso é de uma crueldade sem limite! Essa operação pente-fino, eu lem…",https://www25.senado.leg.br/web/atividade/pronunciamentos/-/p/texto/493132,,
Q01-493134,Q01,Previdência e pessoa com deficiência,Qual pronunciamento tratou do impacto da reforma da previdência sobre o Estatuto da Pessoa com Deficiência e a avaliação da deficiência?,493134,Carlos Viana,2022-08-03,PL,MG,"Como Relator sobre a Medida Provisória (MPV) n° 1113, de 2022, que ""Altera a Lei nº 8.213, de 24 de julho de 1991, e a Lei nº 13.846, de 18 de junho de 2019, para dispor sobre o fluxo de análise de benefícios previdenciários e assistenciais sob avaliação do Instituto Nacional do Seguro Social, da Perícia Médica Federal e do Conselho de Recursos da Previdência Social"".","…m o mérito e, naturalmente, com a decisão de nós votarmos pelo conjunto de toda a medida provisória. Essa é uma área, Srs. Senadores e Sras. Senadoras, muito sensível; é uma área sensível, primeiro, como disse a Senadora Zenaide, pelo sofrimento das pessoas que esperam muito tempo, às vezes, para um atendimento, mas é também uma área muito sensível na questão das fraudes. Infelizmente, nós temos muitos que se aproveitam da documentação e de determinadas brechas, e a história brasileira tem mostrado isso. Então, é um dos princípios da administração pública na transparência e no combate à fraude, e nós não podemos baixar a guarda de maneira nenhuma. Aqui nós estamos, Sr. Presidente e Srs. Senadores, o Governo está, pela medida provisória – e disse muito bem o Senador Confúcio –, resolvendo o que praticamente entope o Judiciário brasileiro: quase 70% das ações que estão na Justiça em nosso país são ações do próprio Governo ou contra o Governo. E, no caso da previdência, a maioria delas termina em favorecimento aos segurados, porque, se a pessoa tem um médico credenciado e se o relatório dele já diz tudo o que ela tem – e aquilo é comprovado, e um perito diz que não –, naturalmente, de…",https://www25.senado.leg.br/web/atividade/pronunciamentos/-/p/texto/493134,,
Q01-493300,Q01,Previdência e pessoa com deficiência,Qual pronunciamento tratou do impacto da reforma da previdência sobre o Estatuto da Pessoa com Deficiência e a avaliação da deficiência?,493300,Paulo Paim,2022-08-03,PT,RS,"Discussão sobre a Medida Provisória (MPV) n° 1113, de 2022, que ""Altera a Lei nº 8.213, de 24 de julho de 1991, e a Lei nº 13.846, de 18 de junho de 2019, para dispor sobre o fluxo de análise de benefícios previdenciários e assistenciais sob avaliação do Instituto Nacional do Seguro Social, da Perícia Médica Federal e do Conselho de Recursos da Previdência Social"".","O SR. PAULO PAIM (Bloco Parlamentar da Resistência Democrática/PT - RS. Para discutir. Por videoconferência.) - Presidente, a MPV 1.113 altera procedimentos e regras relativos às perícias. Nós sempre discutimos muito isso - milhões de pessoas na fila, aquela questão toda. Não dá para negar que vai diminuir a fila. Com isso, Presidente, ao outorgar poderes ao Ministério do Trabalho e Previdência para dispor sobre hipótese de dispensa da perícia médica para concessão do auxílio-doença, inclui o auxílio-acidente no rol de benefícios possíveis de revisão, a depender da perícia... Claro, institui competência recursal da Previdência, do ministério, para julgamento de recurso, contra parecer conclusivo... Em resumo, Presidente, é uma luta antiga nossa a questão da fila e da dificuldade dos peritos para atenderem a todos - e, por isso, a fila é enorme. Devido à nossa visão de que tem que acelerar a concessão dos benefícios, principalmente porque a nossa gente é a que mais sofre nessas filas, nós vamos encaminhar favoravelmente a esta medida provisória, mas vamos manter o destaque da Emenda 45, uma emenda de nossa autoria, para preservar também a questão dos acidentes de trabalho. Então, no…",https://www25.senado.leg.br/web/atividade/pronunciamentos/-/p/texto/493300,,
Q02-453880,Q02,Meio ambiente,Qual discurso alertou para aumento do desmatamento da Amazônia relacionado ao uso de recursos do Fundo Amazônia para regularização fundiária?,453880,Jader Barbalho,2019-05-29,MDB,PA,"Alerta para o possível aumento no desmatamento da Floresta Amazônica em razão do uso dos recursos do Fundo Amazônia para a desapropriação fundiária de terras públicas ocupadas irregularmente, e críticas às propostas do Governo Federal de alterações na estrutura, composição e critérios para aplicação de recursos do Fundo Amazônia.","…ste espaço de tempo para que eu pudesse voltar à tribuna do Senado Federal. Como Senador representante do Estado do Pará, venho a esta tribuna para fazer um alerta: a Floresta Amazônica está correndo o sério risco de ter uma elevação considerável no desmatamento nos próximos meses. Explico. Na semana passada, o Ministro do Meio Ambiente, Ricardo Salles, fez a seguinte declaração: [...] onde houver necessidade de regularização fundiária para diminuir o conflito entre a unidade de conservação e aqueles que estão lá dentro, nós vamos desenvolver então os mecanismos para resolver esse problema de regularização fundiária. Então, não é para usar todo o recurso do Fundo Amazônia para isso, mas apenas dar suporte a essas áreas de projeto-piloto que nós queremos fazer. Na segunda-feira, agora, dia 27 do corrente, o Ministro Salles esteve reunido com os Embaixadores da Noruega e da Alemanha no Palácio do Planalto, para propor a utilização do fundo para pagar indenizações por desapropriações de terras em áreas protegidas. Com isso, o Governo já trabalha na edição de um novo decreto para alterar as normas do Fundo Amazônia. Vale lembrar que a Noruega e a Alemanha são os principais países doado…",https://www25.senado.leg.br/web/atividade/pronunciamentos/-/p/texto/453880,,
Q02-455461,Q02,Meio ambiente,Qual discurso alertou para aumento do desmatamento da Amazônia relacionado ao uso de recursos do Fundo Amazônia para regularização fundiária?,455461,Telmário Mota,2019-07-09,PROS,RR,Celebração dos 129 anos da Cidade de Boa Vista (RR) e considerações sobre os desafios e as dificuldades que a administração do Estado de Roraima enfrenta na defesa do meio ambiente.,"… Boa Vista. Sr. Presidente, também venho a esta tribuna com grande preocupação em relação à preservação do meio ambiente no Brasil, em especial, no meu Estado de Roraima. Estou me referindo, Sr. Presidente, ao anúncio da possibilidade de extinção do Fundo Amazônia após decisão do Governo brasileiro de alterar regras para o uso de recursos do fundo, que é abastecido, principalmente, por doações de países estrangeiros. No entanto, antes de propriamente adentrar aos motivos que ensejam esta possível extinção do Fundo Amazônia, vou antes apresentá-lo e mostrar suas qualidades e vantagens para o nosso País e para a Região Amazônica. Criado há onze anos, o Fundo Amazônia tem por finalidade captar doações para investimento não reembolsável em ações de prevenção, monitoramento e combate ao desmatamento, e de promoção da conservação e do uso sustentável da Amazônia Legal. Também apoia o desenvolvimento de sistemas de monitoramento e controle do desmatamento no restante do Brasil e em outros países tropicais. O fundo acumula um montante de R$1,8 bilhão arrecadado, dos quais R$1,1 bilhão já foi desembolsado para 103 projetos apoiados. Os projetos são realizados com União, Estados, Municípios,…",https://www25.senado.leg.br/web/atividade/pronunciamentos/-/p/texto/455461,,
Q02-455473,Q02,Meio ambiente,Qual discurso alertou para aumento do desmatamento da Amazônia relacionado ao uso de recursos do Fundo Amazônia para regularização fundiária?,455473,Plínio Valério,2019-07-09,PSDB,AM,"Críticas à gestão dos recursos do Fundo Amazônia e à interferência dos países doadores de recursos na soberania nacional. Encaminhamento de requerimento dirigido ao Ministro da Economia, solicitando informações acerca do Fundo.","…) – Obrigado, meu amigo e companheiro Kajuru, como sempre gentil. Meu amigo Eduardo, que bom estar aqui de volta à tribuna com vocês! Sras. Senadoras, Srs. Senadores, um assunto está tomando conta do noticiário, particularmente, Eduardo, o nosso, da Amazônia Legal, que é o Fundo Amazônia, que tem dinheiro doado pela Noruega e pela Alemanha. E, coincidentemente, quando se discute, quando o Presidente Bolsonaro resolve topar uma briga com o pessoal do fundo, começam as denúncias sobre desmatamento na Amazônia, dizendo-se que duplicou, triplicou, quadruplicou... Isso já é comum para nós da Amazônia. São falácias, são invenções. Eu queria fazer aqui alguns comentários exatamente sobre o que eu penso do Fundo Amazônia. No entanto, vou fazer um histórico rapidinho, Presidente. Criado em 2008, o Fundo Amazônia já arrecadou mais de R$3,4 bilhões e surgiu como iniciativa pioneira no mundo para arrecadar, junto aos países desenvolvidos, recursos financeiros para manter de pé a maior floresta tropical do mundo e, assim, ajudar no combate às mudanças climáticas. Os maiores contribuidores, aqueles que dão dinheiro para esse meio, são a Noruega, que tem sido a principal doadora, com 94%, a Alema…",https://www25.senado.leg.br/web/atividade/pronunciamentos/-/p/texto/455473,,
Q02-456230,Q02,Meio ambiente,Qual discurso alertou para aumento do desmatamento da Amazônia relacionado ao uso de recursos do Fundo Amazônia para regularização fundiária?,456230,Lucas Barreto,2019-08-13,PSD,AP,Exposição sobre o Fundo Amazônia e a ação presidencial de centralizar a política ambiental e de descentralizar as responsabilidades sociais e urbanas dos Estados e Municípios.,"O SR. LUCAS BARRETO (PSD - AP. Para discursar.) – Sr. Presidente, Sras. Senadoras, Srs. Senadores, hoje, nós viemos a esta Casa para falar sobre o Fundo Amazônia e o insano paradoxo de preservar sem ganhar. Sr. Presidente, há muita contradição entre a ação presidencialista de centralizar a política ambiental em Brasília e de descentralizar, Senador Plínio, as responsabilidades sociais e urbanas dos Estados e Municípios. Tenho prestado todo apoio ao Governo do Presidente Jair Bolsonaro e, ao mesmo tempo, tenho repetidamente destacado, nesta tribuna e em algumas Comissões, que o meu Brasil é o Amapá. Minha prioridade social é com a gente daquele preservado rincão setentrional do Brasil. E essa preocupação aumenta quando o jargão do então candidato a Presidente da República Jair Bolsonaro, que dizia ""menos Brasília e mais Brasil"", começa a se despolarizar e inverter a lógica quando o assunto é o Fundo Amazônia. O site da Globo do dia 10/08/2019 resume em artigo intitulado: ""Alemanha suspende financiamento de R$155 milhões para projetos de preservação da Amazônia"". Segundo a matéria, ""em decisão que 'reflete a grande preocupação com o aumento do desmatamento na Amazônia [...]', a Alema…",https://www25.senado.leg.br/web/atividade/pronunciamentos/-/p/texto/456230,,
Q02-456624,Q02,Meio ambiente,Qual discurso alertou para aumento do desmatamento da Amazônia relacionado ao uso de recursos do Fundo Amazônia para regularização fundiária?,456624,Confúcio Moura,2019-08-19,MDB,RO,"Explicação sobre as queimadas, mais comuns no mês de agosto. Manifestação sobre a ocupação ilegal de áreas de floresta.","…, pouca gente no Plenário, decerto ainda muitos em viagem, em seus Estados. Nesta semana se inicia o aquecimento das votações aqui no Senado, principalmente a proposta da reforma da previdência na Comissão de Constituição e Justiça e outros temas correlacionados e três medidas provisórias que serão implantadas nesta semana, três medidas diferentes e todas igualmente importantes. Mas o tema desta tarde que eu escolhi, Sr. Presidente, é que o mês de agosto é o mês das queimadas. Aqui no Centro-Oeste, aqui no Cerrado, é um mês em que qualquer faisquinha de cigarro ou qualquer outra coisa, por má intenção ou mesmo sem a intenção, termina por fazer pegar fogo no capinzal do Cerrado. O Cerrado é uma vegetação seca, baixa, rasteira, com capim e árvores tortas e baixas. Decerto esse fogo, devido à secura do ar e ao calorão danado, se propaga com imensa facilidade. Lá em Rondônia, lá em Porto Velho, na semana passada, até mesmo uma ilustre juíza de Direito me passou uma mensagem reclamando que estava tudo fechado, que a cidade foi coberta de fumaça. A cidade de Porto Velho estava coberta de fumaça. Chegou-se até a paralisar os voos. E ela estava falando comigo ao telefone, num cansaço, espi…",https://www25.senado.leg.br/web/atividade/pronunciamentos/-/p/texto/456624,,
Q02-456647,Q02,Meio ambiente,Qual discurso alertou para aumento do desmatamento da Amazônia relacionado ao uso de recursos do Fundo Amazônia para regularização fundiária?,456647,Acir Gurgacz,2019-08-20,PDT,RO,Destaque para o início da repavimentação da rodovia BR-319.,"…cisa ser refeito. Eu faço questão de colocar que é o reasfaltamento, para dizer claramente que essa estrada já esteve asfaltada lá nos seus idos de 1970. Então, não está havendo nenhum impacto ambiental ao se reasfaltar essa BR tão importante para a Amazônia, em especial para o nosso Estado de Rondônia e, evidente, para os Estados do Amazonas e de Roraima também. Eu entendo que o compromisso que temos do Governo Federal é que as obras do reasfaltamento do trecho do meio devam se iniciar só no ano que vem, em função do licenciamento ambiental, licenciamento ambiental esse que já está sendo discutido há muitos e muitos anos – há mais de 15 anos, está sendo debatido e discutido esse licenciamento ambiental. Volto a dizer que a pavimentação desse trecho é estratégica para o nosso Estado de Rondônia, além de para os Estados da Região Norte e para todo o País, pois ele representa de fato a integração rodoviária da Amazônia e dará um impulso muito grande à economia da região, auxiliando também na proteção da floresta, uma vez que, com a rodovia pavimentada e em boas condições, teremos mais fiscais fiscalizando os possíveis crimes ambientais. Sem estrada, não há como a fiscalização ter ace…",https://www25.senado.leg.br/web/atividade/pronunciamentos/-/p/texto/456647,,
Q02-456729,Q02,Meio ambiente,Qual discurso alertou para aumento do desmatamento da Amazônia relacionado ao uso de recursos do Fundo Amazônia para regularização fundiária?,456729,Fabiano Contarato,2019-08-21,REDE,ES,Apoio à Noruega e à Alemanha em relação aos recursos do Fundo Amazônia.,"…brigado, Senador Antonio Anastasia. Senhoras e senhores, todos aqueles que estão nos assistindo e nos ouvindo. Ocupo a tribuna para manifestar apoio e solidariedade às autoridades da Noruega e da Alemanha, mediante tudo o que aconteceu em relação ao Fundo Amazônia. É muita irresponsabilidade divulgar informações sem mostrar dados e colocar a população contra quem defende o meio ambiente. Mas foi o que vimos acontecer nos últimos dias e continua acontecendo. O Presidente hoje praticamente acusa ONGs pelas queimadas, sem provas. Será que a nuvem de fumaça que cobriu metade do País, também nesses últimos dias, e fez São Paulo anoitecer às três horas da tarde é ideologia? Claro que não! São as consequências das agressões ao meio ambiente. Mas ouvimos do Ministro do Meio Ambiente, quando participou do programa Roda Viva, na TV Cultura, em fevereiro deste ano, que as mudanças climáticas são – aspas: ""Um tema acadêmico e uma preocupação para daqui a 500 anos"" – fecha aspas. Sobre o combate ao desmatamento da Amazônia, durante audiência no Senado, o Ministro do Meio Ambiente nos disse que não é prioridade do Governo. Este mês, o Ministro da Infraestrutura veio dizer, em relação ao Rio Amaz…",https://www25.senado.leg.br/web/atividade/pronunciamentos/-/p/texto/456729,,
Q02-457054,Q02,Meio ambiente,Qual discurso alertou para aumento do desmatamento da Amazônia relacionado ao uso de recursos do Fundo Amazônia para regularização fundiária?,457054,Luis Carlos Heinze,2019-08-27,PP,RS,"Comentário sobre a divulgação, no site da Nasa, de imagens dos incêndios ocorridos na Região Amazônica.","…entar Unidos pelo Brasil/PP - RS. Para discursar.) – Sr. Presidente, Sras. e Srs. Senadores, primeiro a gente lamenta essa questão amazônica, porém um site da Nasa, órgão isento, não é nosso, coloca que nós tivemos imagens dos incêndios ocorridos na Amazônia e coloca... Foi na semana passada que o site na Nasa colocou que, na Região Amazônica, os incêndios são raros na maior parte do ano, porque o clima é úmido e impede que eles comecem e se espalhem; no entanto, em julho, agosto e setembro, na estação da seca, realmente aumentam. Normalmente o pico de atividade é no início de setembro e, principalmente, até novembro. Foi colocado aqui e é importante que se diga que é menor do que a média dos últimos 15 anos. Então, esse assunto não começou ontem, hoje, no Governo Bolsonaro, como estão colocando aqui. Então, isso é importante. Aqui são dados da Nasa. Depois, se nós prestarmos atenção, diz-se que o Brasil é o campeão da proteção ambiental. Então, é um texto que diz que o Brasil é o que mais protege ambientalmente o seu Território, segundo o último relatório da ONU sobre áreas protegidas do Planeta. (Soa a campainha.) O SR. LUIS CARLOS HEINZE (Bloco Parlamentar Unidos pelo Brasil/PP …",https://www25.senado.leg.br/web/atividade/pronunciamentos/-/p/texto/457054,,
Q02-457844,Q02,Meio ambiente,Qual discurso alertou para aumento do desmatamento da Amazônia relacionado ao uso de recursos do Fundo Amazônia para regularização fundiária?,457844,Eduardo Braga,2019-08-27,MDB,AM,"Reflexão sobre a situação do desmatamento e das queimadas na Amazônia e apelo por equilíbrio e bom senso na tratativa do tema. Defesa do desenvolvimento sustentável do bioma, com a proteção da região, mas sem interferências internacionais na soberania do País","…horas Senadoras e Senhores Senadores, como Senador do Estado do Amazonas, não poderia deixar de vir a este Plenário e fazer uma breve, mas importante, manifestação sobre o problema ambiental que ora vivemos. Temos que ter bom senso no debate sobre a Amazônia. Paixões ideológicas e ambientais, acusações infundadas, troca de farpas entre Chefes de Estado e embates marcados pelo radicalismo nas redes sociais só prejudicam a busca por soluções para o problema que se coloca. A imagem do Brasil no exterior e a soberania nacional não podem arder junto com a floresta. Se é urgente e inquestionável a necessidade de intensificar a fiscalização e conter o avanço alarmante das queimadas e do desmatamento, também é urgente e inquestionável a formulação de políticas públicas que fomentem o desenvolvimento sustentável da região, criando alternativas para evitar as atividades depredatórias. Em plena era da informação, com satélites espaciais, coleta e transmissão de dados e imagens online, não dá para brigar com a realidade. A escalada da devastação apontada pelo Instituto Nacional de Pesquisas Espaciais (lnpe) é de fato assustadora. Em julho passado, a taxa de desmatamento aumentou 278% em relaçã…",https://www25.senado.leg.br/web/atividade/pronunciamentos/-/p/texto/457844,,
Q02-458098,Q02,Meio ambiente,Qual discurso alertou para aumento do desmatamento da Amazônia relacionado ao uso de recursos do Fundo Amazônia para regularização fundiária?,458098,Paulo Rocha,2019-09-26,PT,PA,"Críticas ao posicionamento do Presidente da República, Jair Bolsonaro, em discurso proferido na ONU, assim como na resolução de problemas relacionados à Floresta Amazônica.","O SR. PAULO ROCHA (Bloco Parlamentar da Resistência Democrática/PT - PA. Para discursar.) – Sr. Presidente, meu caro Plínio, eu quero falar exatamente da questão da Amazônia. Na concepção de desenvolvimento e do que trata a Amazônia, da importância que tem a Amazônia para o País, para o nosso desenvolvimento, eu concordo com sua posição política. No entanto, o que está acontecendo na Amazônia – esse processo que está acontecendo ultimamente –, Plínio, não é culpa das ONGs. O problema central é que o Governo Bolsonaro está ideologizando e polarizando tudo. Ele tenta desmoralizar os que têm posição contrária à dele: ""Os esquerdopatas, os comunistas e não sei o que mais"". Imagine que, na cabeça dele, o Fernando Henrique é comunista! Então, estão ideologizando as coisas que não têm nada a ver. A culpa desse debate, inclusive internacional, é dele, ao culpar aqueles que se preocupam com o meio ambiente, com a questão ambiental, e ao dizer que é coisa de esquerda, de esquerdopata, de comunista e de não sei o que mais. Nessa esteira, a Amazônia grita por socorro. Há, sim, incentivo do Governo de incendiar a Amazônia para beneficiar o agronegócio, para beneficiar os devastadores. Inclusive…",https://www25.senado.leg.br/web/atividade/pronunciamentos/-/p/texto/458098,,
Q02-461700,Q02,Meio ambiente,Qual discurso alertou para aumento do desmatamento da Amazônia relacionado ao uso de recursos do Fundo Amazônia para regularização fundiária?,461700,Weverton,2019-10-23,PDT,MA,"Registro sobre visita de comitiva de Deputados Federais e Senadores da República, no Palácio da Alvorada, para cumprimentar S. Exa. o Presidente interino da República Senador Davi Alcolumbre, na qual foi discutida a regularização fundiária dos Estados da Amazônia Legal.","…itiva de Deputados Federais e Senadores da República estão no Palácio da Alvorada, para cumprimentar S.Exa. o Presidente interino da República Davi Alcolumbre. Nós levamos junto a ele uma demanda importante de reforçar a necessidade de se discutir a regularização fundiária dos Estados da Amazônia Legal. Existe uma medida provisória que está tratando especificamente do tema de Roraima e Amapá. Nós anunciamos a apresentação de uma emenda que pede que isso seja estendido para os sete Estados da Amazônia Legal. Com isso, nós esperamos logo poder tratar desse assunto e regularizar, de uma vez por todas, esse problema histórico que é a regularização fundiária da Amazônia Legal. Parabéns, Presidente Davi Alcolumbre, pelo exercício da Presidência da República! Não só o Senado Federal, mas todo o Congresso Nacional se sente representado, assim como o povo brasileiro, com sua itinerância à frente do País.",https://www25.senado.leg.br/web/atividade/pronunciamentos/-/p/texto/461700,,
Q02-469331,Q02,Meio ambiente,Qual discurso alertou para aumento do desmatamento da Amazônia relacionado ao uso de recursos do Fundo Amazônia para regularização fundiária?,469331,Eliziane Gama,2020-07-14,CIDADANIA,MA,"Sessão de debates temáticos destinada a ouvir o Vice-Presidente da República, Sr. Hamilton Mourão, convidado para discutir a criação do Conselho Nacional da Amazônia Legal e prestar informações sobre o Plano de Combate ao Desmatamento na Amazônia.","…ação da carta assinada por ex-Presidentes do Banco Central e ex-Ministros da Economia, deixando claro que a retomada do crescimento do Brasil se dará também pelo viés do olhar voltado para o meio ambiente. E eu não tenho dúvida, Presidente, de que a Amazônia brasileira é dos brasileiros – o senhor colocou isso na sua exposição –, e cabe somente a nós a decisão sobre ações nessa tão importante região do Planeta. É claro, aceitamos a ajuda das demais nações, apoio científico e também o apoio tecnológico, o olhar fiscalizador e também constritivo das ONGs e instituições, e, é claro, sempre sem abrir mão da nossa soberania. Eu queria aqui elencar alguns pontos com o senhor e começar falando sobre a questão indígena, que é uma das prerrogativas do conselho, que é um conselho muito importante, muito embora hoje não tenha a presença, infelizmente, da sociedade civil e também de Governadores da região da Amazônia. Mas, em relação à questão indígena, os nossos povos indígenas tiveram papel muito relevante na fixação e consolidação de nossas fronteiras e, portanto, se construíram, se constituíram uma espécie de avalistas dos nossos territórios. Mais recentemente os povos indígenas têm se con…",https://www25.senado.leg.br/web/atividade/pronunciamentos/-/p/texto/469331,,
Q02-469349,Q02,Meio ambiente,Qual discurso alertou para aumento do desmatamento da Amazônia relacionado ao uso de recursos do Fundo Amazônia para regularização fundiária?,469349,Randolfe Rodrigues,2020-07-14,REDE,AP,"Sessão de debates temáticos destinada a ouvir o Vice-Presidente da República, Sr. Hamilton Mourão, convidado para discutir a criação do Conselho Nacional da Amazônia Legal e prestar informações sobre o Plano de Combate ao Desmatamento na Amazônia.","… V. Exa. essa opinião. Ao mesmo passo, Presidente Mourão, eu queria lhe cumprimentar pela vossa disposição em participar democraticamente deste debate, em ouvir críticas, em emitir a vossa opinião sobre as críticas. Eu vejo que nós estamos melhor na Amazônia sob a condução do conselho dirigido por V. Exa. do que, no meu entender, sob a ausência de liderança e condução da parte do Sr. Ministro do Meio Ambiente. Então, me permita lhe cumprimentar também em relação a isso. Serão três perguntas breves, Presidente Mourão. A primeira delas é: entre o período de 2004 e 2012, teve em aplicação no Brasil o Plano de Combate ao Desmatamento da Amazônia, o PPCDAm. Foi um plano que ficou internacionalmente conhecido como a maior ação de combate ao desmatamento em florestas tropicais do Planeta. A redução da taxa de desmatamento durante o período desse plano foi de 83%. Houve uma redução de 27 mil km2 para 4,5 mil km2. Eu pergunto a V. Exa.: o plano que V. Exa. apresentou poderia ter interface com a experiência do PPCDAm? O que pode o plano apresentado por V. Exa. trazer das inspirações do PPCDAm? V. Exa. também já destacou aqui em relação ao Fundo Amazônia. Eu fico feliz que a liderança do Fund…",https://www25.senado.leg.br/web/atividade/pronunciamentos/-/p/texto/469349,,
Q02-471748,Q02,Meio ambiente,Qual discurso alertou para aumento do desmatamento da Amazônia relacionado ao uso de recursos do Fundo Amazônia para regularização fundiária?,471748,Marcos Rogério,2020-09-23,DEM,RO,Considerações sobre a evolução do agronegócio brasileiro mesmo em meio à crise provocada pela pandemia do novo coronavírus (Covid-19).,"O SR. MARCOS ROGÉRIO (Bloco Parlamentar Vanguarda/DEM - RO. Para discursar.) – Sr. Presidente, Sras. e Srs. Senadores, vários Senadores ocuparam a tribuna, ao longo desta semana, para falar sobre a questão ambiental com ênfase, sobretudo, na Amazônia brasileira. Eu gostaria de fazer algumas ponderações, indo até um pouco para outra vertente, dizendo, primeiro, que o Brasil vive um momento, como o mundo todo, desafiador em razão da pandemia. E, apesar dessa situação toda, que tem impactos diretos na economia, o Brasil continua avançando, crescendo e tem, como base para esse crescimento, justamente aquilo que é foco do debate hoje: o agronegócio brasileiro. Como exemplo disso, tivemos a alta de 2,5% do Produto Interno Bruto do setor agropecuário. O agronegócio cresceu e confirmou sua importância estratégica para a economia do Brasil. Isso nos leva, inclusive, a pensar um pouco mais sobre essa questão ambiental, não só na lógica de negar ou na lógica ideológica de acusar, porque é preciso reconhecer que temos problema. Temos problema, mas nós temos um problema que tem dois lados: temos um problema de uma retórica ideológica, criminosa, oportunista contra os interesses nacionais do Bra…",https://www25.senado.leg.br/web/atividade/pronunciamentos/-/p/texto/471748,,
Q02-483899,Q02,Meio ambiente,Qual discurso alertou para aumento do desmatamento da Amazônia relacionado ao uso de recursos do Fundo Amazônia para regularização fundiária?,483899,Acir Gurgacz,2021-09-30,PDT,RO,"Justificativa, em razão da realização da Conferência das Nações Unidas sobre Mudança Climática - COP 2021, para a aprovação dos Projetos de Lei do Senado (PLS) nºs 375 e 403, de 2017, os quais dispõe sobre compensação aos Estados da Amazônia Legal que abrigam unidades de conservação da natureza e concede isenção de tributos a proprietários de imóveis que aderirem ao programa Restaura Amazônia, respectivamente.","O SR. ACIR GURGACZ (PDT/CIDADANIA/REDE/PDT - RO. Pela ordem.) – Sr. Presidente, é sabido que nós teremos este ano a COP 2021, quando certamente será discutido e debatido muito o tema da Amazônia. E eu entendo que seria importante nós termos alguns projetos aprovados aqui no Senado que venham ao encontro do que vai ser debatido e discutido na COP. Por exemplo, nós temos um projeto chamado Restaura Amazônia, que é o Projeto 403, de 2017, em que sugerimos instrumentos financeiros para a compensação dos proprietários, concedendo, por exemplo, a isenção de alguns tributos, tais como o Imposto de Renda e o Imposto Territorial Rural para os proprietários de imóveis que aderirem ao programa, para restaurar aquelas áreas que já foram transformadas no passado, evitando que a gente continue com o desmatamento. Ao invés de nós investirmos em desmatamento, vamos investir nas áreas já degradadas, áreas já transformadas e que estão degradadas. Outro projeto é o PLS 375, também de 2017, aprovado já na Comissão do Meio Ambiente e na Comissão de Assuntos Econômicos, que cria uma compensação – esse é um projeto importante, Presidente – aos Estados da Amazônia Legal que abrigam unidades de conservação…",https://www25.senado.leg.br/web/atividade/pronunciamentos/-/p/texto/483899,,
Q02-485566,Q02,Meio ambiente,Qual discurso alertou para aumento do desmatamento da Amazônia relacionado ao uso de recursos do Fundo Amazônia para regularização fundiária?,485566,Jorge Kajuru,2021-11-25,PODEMOS,GO,"Alerta para os números divulgados pelo Instituto Nacional de Pesquisas Espaciais (Inpe) sobre o desmatamento na Amazônia. Críticas à suposta falta de transparência do Governo Federal na divulgação dos dados atualizados fornecidos pelo Inpe. Satisfação com a aprovação na Comissão de Meio Ambiente (CMA) do Projeto de Lei nº 415, de 2020, de autoria de S. Exa., que institui o Fundo Amazônia.","…sunto muito importante. Presidente Rodrigo Pacheco, cada vez mais merecedor de meu respeito por suas posturas e posições, vejo-me na obrigação de lamentar os números divulgados na semana passada pelo Instituto Nacional de Pesquisas Espaciais sobre o desmatamento na Amazônia. Eles configuram um recorde de devastação florestal em 15 anos, superior a 13 mil quilômetros quadrados. Isto significa que, entre agosto de 2020 e julho de 2021, mais de 750 milhões de árvores foram ao chão na Amazônia Legal. Em três anos de Governo Bolsonaro, a Floresta Amazônica sofreu uma redução superior a 34 mil quilômetros quadrados, superfície maior que a Bélgica. A devastação aumenta na medida em que são esvaziados os órgãos ambientais, proliferam as invasões nas reservas indígenas e são ampliadas as áreas de garimpo, entre outros descalabros. Presidente Pacheco, é curioso saber que os dados sobre o recorde de destruição ambiental na Amazônia foram encaminhados pelo Inpe ao Executivo em outubro, mas foram divulgados em novembro, depois da realização da conferência climática da ONU, na Escócia. Quem vamos enganar com a falta de transparência? – pergunto. Nossas autoridades parecem desconhecer que hoje já…",https://www25.senado.leg.br/web/atividade/pronunciamentos/-/p/texto/485566,,
Q02-489288,Q02,Meio ambiente,Qual discurso alertou para aumento do desmatamento da Amazônia relacionado ao uso de recursos do Fundo Amazônia para regularização fundiária?,489288,Confúcio Moura,2022-03-22,MDB,RO,"Comentários sobre audiência pública ocorrida na Comissão de Meio Ambiente, no dia 9 de março, sobre desmatamento e queimadas na Amazônia, Pantanal, Cerrado e Mata Atlântica. Alerta para a necessidade de se colocar a proteção ambiental na agenda prioritária do Brasil.","…tar Unidos pelo Brasil/MDB - RO. Para discursar. Por videoconferência.) – Sr. Presidente, Sras. e Srs. Senadores, eu vou fazer um comentário, Sr. Presidente, sobre uma audiência pública ocorrida na Comissão de Meio Ambiente, no dia 9 de março, sobre desmatamento e queimadas na Amazônia, Pantanal, Cerrado e Mata Atlântica. Dito isso, a audiência coincidiu com a divulgação da revista inglesa Nature de um estudo particularmente preocupante. Segundo os autores, há indícios de que esteja próximo o ponto de não retorno das florestas depois dos desmatamentos e queimadas na Amazônia, interferindo no ciclo das chuvas e, consequentemente, na escassez de água. E hoje é o Dia Internacional da Água. Chegou-se a tal conclusão a partir da observação de imagens de satélites que mostram a capacidade cada vez menor de florestas se regenerarem após secas, incêndios e outras perturbações. Lembro, em primeiro lugar, o que nos disse o biólogo João Paulo Ribeiro Capobianco. Segundo ele, a Organização das Nações Unidas para a Alimentação e a Agricultura (FAO) constatou, e abro aspas: ""[...] o Brasil tem sido o campeão do desmatamento desde a década de 90"" – ou seja, o Brasil é o país que mais destruiu flo…",https://www25.senado.leg.br/web/atividade/pronunciamentos/-/p/texto/489288,,
Q02-489616,Q02,Meio ambiente,Qual discurso alertou para aumento do desmatamento da Amazônia relacionado ao uso de recursos do Fundo Amazônia para regularização fundiária?,489616,Plínio Valério,2022-03-29,PSDB,AM,Críticas à matéria veiculada no programa do apresentador Luciano Huck em que aparece um paraquedista lançando sementes sobre a Floresta Amazônica.,"…residente, de ler um discurso, porque é um tanto quanto delicado para não parecer irônico. Em imagens de curioso impacto midiático, surgiu, no programa de Luciano Huck, performance com paraquedista jogando sementes dos céus para reflorestar o quê? A Amazônia! As imagens têm de tudo para impressionar, a começar pelo panorama. Para todos os lados só aparece o verde, só aparece a floresta fechada, sem um único centímetro desmatado. A equipe do programa deve ter dinheiro para gastar, isso é bom. Afinal, procuraram reflorestar o estado mais preservado do Brasil, que é o nosso, a região com a cobertura vegetal mais originária do planeta. O Amazonas hoje preserva, Nelsinho, 97% de sua floresta. As sementes caíram por entre as copas das árvores do Amazonas, estado que, repito, tem 97% da sua floresta em pé, mantida em suas condições originais, Sr. Presidente. A ideia pode até ser boa. Afinal, embora feita de forma artesanal, o lançamento de sementes conseguiu recuperar áreas degradadas, inclusive no Brasil, no caso da Mata Atlântica. Não se aplica, é claro, na Amazônia, ao menos nas regiões mostradas nos vídeos, em que só se vê o verde intocado. O nosso verde é pujante. O nosso verde é mar…",https://www25.senado.leg.br/web/atividade/pronunciamentos/-/p/texto/489616,,
Q02-490906,Q02,Meio ambiente,Qual discurso alertou para aumento do desmatamento da Amazônia relacionado ao uso de recursos do Fundo Amazônia para regularização fundiária?,490906,Confúcio Moura,2022-05-17,MDB,RO,"Destaque para a importância de se proteger a Amazônia brasileira, com ênfase no enfrentamento pelo Estado dos conflitos fundiários, na proteção das populações nativas e no combate ao desmatamento da floresta.","… coisa está ficando muito feia para nós todos da política e também para a imagem do Brasil, haja vista a série de notícias veiculadas, quase que diariamente, sobre os conflitos entre grileiros, garimpeiros contra indígenas e também sobre o crescente aumento do desmatamento na Amazônia. O assunto é repetido, todo dia a gente fala nisso, e, talvez, seja por essa repetição que ele se torne assim aparentemente não importante. Mas a Amazônia é muito importante, Sr. Presidente, é muito importante. O desmatamento é ofensivo a um patrimônio nosso, brasileiro, com muito orgulho, e esses conflitos todos são injustificáveis, porque dá para crescer, prosperar, desenvolver sem agredir o meio ambiente, sem desmatar. Não se precisa mais derrubar uma árvore no Brasil para aumentar a produção de grãos ou de leite, ou de carne. Isso porque, hoje, com a tecnologia, com a Embrapa ajudando, com as assessorias, as consultorias existentes, os proprietários, hoje, realmente utilizam as pastagens degradadas para aumentar a produção. Isso tem sido feito com muita capacidade e muita inovação pelos pecuaristas e também pelos produtores de grãos no Brasil. Então, esse meu discurso é um discurso reflexivo sobre…",https://www25.senado.leg.br/web/atividade/pronunciamentos/-/p/texto/490906,,
Q02-493223,Q02,Meio ambiente,Qual discurso alertou para aumento do desmatamento da Amazônia relacionado ao uso de recursos do Fundo Amazônia para regularização fundiária?,493223,Plínio Valério,2022-08-10,PSDB,AM,Posicionamento contrário à previsão sobre desertificação da Amazônia publicada pelo periódico norte-americano Nature Climate Change.,"O SR. PLÍNIO VALÉRIO (Bloco Parlamentar Juntos pelo Brasil/PSDB - AM. Para discursar.) – Presidente, Sra. Senadora, Srs. Senadores, a cada momento encontramos previsões catastrofistas a respeito da nossa Amazônia, e como amazônida, eu estou aqui sempre a falar da nossa realidade para aqueles hipócritas que não conhecem e fingem conhecer – divulgações como as que acabam de ser publicadas em um periódico norte-americano, o Nature Climate Change. Nesse texto, garante-se que a Amazônia se aproxima de uma virada irreversível, em que 50% de seu volume florestal está perto de virar uma grande savana, tudo devido a ações humanas que acabam por agravar potencialmente o problema do aquecimento global. Chega-se aí previsivelmente à afirmativa de que essa transição traria grande prejuízo à biodiversidade ao mudar completamente padrões meteorológicos regionais e acelerar de forma dramática as mudanças climáticas já nas próximas décadas. Não é exatamente uma novidade. A ideia de que a Amazônia estaria se transformando em um areal circula desde os anos 40 do século passado, numa tese conhecida como a ""desertificação da floresta"". Publicaram em um encontro de cientistas que a Amazônia, em 2010, se…",https://www25.senado.leg.br/web/atividade/pronunciamentos/-/p/texto/493223,,
Q03-451426,Q03,Direitos das mulheres,Qual pronunciamento solicitou que o Senado se posicionasse ativamente contra a violência à mulher e em defesa dos direitos femininos?,451426,Eliziane Gama,2019-03-12,PPS,MA,Registro sobre a pequena participação da mulher na política brasileira em comparação com alguns países estrangeiros.,"A SRA. ELIZIANE GAMA (Bloco Parlamentar Senado Independente/PPS - MA. Para discursar.) – Senadora Leila, Presidente, eu queria cumprimentar mais uma vez o Senador Kajuru pela sua dedicação. Eu acho que a sua dedicação, o seu envolvimento, a sua luta, de forma muito emocional até em alguns momentos, foi fundamental e vital para que a gente tivesse a aprovação desta lei, neste dia, Senador Kajuru, que é a primeira sessão após o 8 de março, o Dia da Mulher, porque, infelizmente, como V. Exa. já colocou, em mais de 60% dos casos que nós temos aí registrados no Brasil, nós temos uma quantidade significativa também de mulheres. Eu acho que hoje, nesse dia, foi uma resposta deste Parlamento para o Brasil, na instituição dessa política nacional. Ao mesmo tempo também, eu gostaria de falar, Senadora Leila e todas as minhas colegas que estão aqui nesta mesa, que esta mesa é uma mesa importante, simbólica, mas nós temos do ponto de vista real apenas a Senadora Leila como membro da Mesa Diretora desta Casa, não é? E eu faço este registro, Senadora, porque, no Brasil, nós temos uma média internacional no Executivo de 20,7% de participação das mulheres. Aqui no Brasil, nós temos apenas 12%. O Br…",https://www25.senado.leg.br/web/atividade/pronunciamentos/-/p/texto/451426,,
Q03-451492,Q03,Direitos das mulheres,Qual pronunciamento solicitou que o Senado se posicionasse ativamente contra a violência à mulher e em defesa dos direitos femininos?,451492,Rose de Freitas,2019-03-13,PODE,ES,Registro sobre a violência contra a mulher e solicitação ao Senado para que se posicione ativamente em defesa dos direitos do gênero feminino.,"…a. Parece que nós não temos nada a ver com isso. Temos! O que aconteceu lá é o prenúncio de outras coisas que podem acontecer se nós não estivemos alertas para essa questão das armas, que está sendo colocada aqui nesta Casa. Em relação à questão das mulheres, eu não posso nem relatar para V. Exa. o que aconteceu no Estado do Espírito Santo. V. Exa., que viu as imagens daquela mulher no Rio de Janeiro, não imagina o retrato que saiu de Dores do Rio Preto, de um pequeno povoado de Dores do Rio Preto, a violência absurda com que estamos convivendo. Eu acho, Sr. Presidente... Permita, Randolfe, que eu possa fazer essas considerações, e queria muito a atenção dos meus companheiros, principalmente do nosso Senador de Brasília. Olhem só: não há nada para a gente ver mais, presenciar mais, sofrer mais em relação à questão da violência contra a mulher. Não há mais nada! Mais nada! Não é o espancamento; não são os índices de feminicídio. Nós aprovamos aqui nesta Casa, Sr. Presidente, várias matérias, ano após ano, que nós consideramos que são conquistas das mulheres em relação a tudo: direitos etc. etc. Não estamos avançando! Não estamos avançando! Até neste momento, quando a gente pede a at…",https://www25.senado.leg.br/web/atividade/pronunciamentos/-/p/texto/451492,,
Q03-451843,Q03,Direitos das mulheres,Qual pronunciamento solicitou que o Senado se posicionasse ativamente contra a violência à mulher e em defesa dos direitos femininos?,451843,JACEGUARA DANTAS DA SILVA PASSOS,2019-03-26,,,Sessão destinada à entrega do Diploma Bertha Lutz às agraciadas em sua 18ª Premiação.,"A SRA. JACEGUARA DANTAS DA SILVA PASSOS – Exmas. Sras. Senadoras componentes da bancada feminista, excelentíssimas senhoras homenageadas, senhor homenageado, demais autoridades, senhoras e senhores, faço uso da palavra na condição de contemplada com o Diploma Bertha Lutz 2019 concedido pelo Senado a 12 mulheres e um homem, o Ministro Carlos Ayres Britto, aqui presente, e 11 mulheres representadas, homenagem in memoriam, como a combativa e aguerrida Vereadora Marielle Franco, brutalmente assassinada, e a maior tenista brasileira de todos os tempos, Maria Ester Bueno: 24 pessoas de diversos Estados da Federação que se destacam na defesa dos direitos humanos das mulheres. O sentimento que me invade é de alegria e de gratidão. Alegria por essa premiação, que é extremamente significativa para todos. Bertha Lutz nos inspira hoje e sempre pelo seu pioneirismo na luta pelos direitos políticos femininos e pela igualdade entre homens e mulheres desde o ano de 1919. Embora alcançado o direito de voto em 1932, as bandeiras erguidas pela brilhante cientista ainda estão longe de serem concretizadas. Em 2019, nós, mulheres, lutamos pelo direito à vida em um país com índice de feminicídio alarmant…",https://www25.senado.leg.br/web/atividade/pronunciamentos/-/p/texto/451843,,
Q03-451861,Q03,Direitos das mulheres,Qual pronunciamento solicitou que o Senado se posicionasse ativamente contra a violência à mulher e em defesa dos direitos femininos?,451861,MARIA GABRIELA PRADO MANSSUR,2019-03-26,,,Sessão destinada à entrega do Diploma Bertha Lutz às agraciadas em sua 18ª Premiação.,"A SRA. MARIA GABRIELA PRADO MANSSUR – Em respeito ao Ministro Carlos Ayres Britto, serei breve, mas não deixarei de me manifestar. Quero agradecer às Senadores da bancada feminina pela homenagem; à Senadora Mara Gabrilli, que é uma grande inspiradora para todas nós mulheres; às minhas colegas promotoras e procuradoras de justiça aqui presentes; e a todas as demais pessoas e autoridades. Como Promotora de Justiça há 16 anos, adquiri uma sensibilidade para sentir a dor da mulher que sofre violência. Eu me deparei com casos gravíssimos, que vão desde estupro de bebês, de crianças, até tortura de mulheres, feminicídios; e, recentemente, com o que foi, para mim, um dos maiores casos de abuso sexual da humanidade. Essas mulheres tiveram coragem, romperam o silêncio e bateram nas portas da Justiça, mas me pergunto: se 90% das mulheres vítimas de feminicídio não tinham sequer um boletim de ocorrência, onde estão essas mulheres que não acessam a saúde, a educação e o sistema de Justiça? Essas mulheres não são invisíveis. Então, hoje, o meu compromisso é que a minha voz chegue até a essas mulheres que ainda não foram enxergadas pela sociedade, pelos Poderes Legislativo, Executivo e Judiciári…",https://www25.senado.leg.br/web/atividade/pronunciamentos/-/p/texto/451861,,
Q03-456474,Q03,Direitos das mulheres,Qual pronunciamento solicitou que o Senado se posicionasse ativamente contra a violência à mulher e em defesa dos direitos femininos?,456474,Rodrigo Pacheco,2019-08-07,DEM,MG,"Registro sobre a importância da proteção dos direitos da mulher, e defesa do Ministro da Justiça (MJ), Sergio Moro, por suas declarações, na mídia social, referentes à violência contra a mulher.","O SR. RODRIGO PACHECO (Bloco Parlamentar Vanguarda/DEM - MG. Pela ordem.) – É apenas também para ressaltar a importância desta pauta de proteção ao direito das mulheres. E, tendo ouvido o Senador Randolfe Rodrigues ao se referir ao Ministro da Justiça e Segurança Pública, Sergio Moro, ao que me parece do Twitter, Senador Randolfe, não me pareceu que tenha havido, por parte do Ministro, uma justificativa à violência contra a mulher, mas apenas uma referência à infeliz motivação que existe de parte de homens, que é uma motivação sem justificativa alguma, mas uma motivação que acaba por desaguar numa onda crescente de violência contra as mulheres no Brasil. Então, eu não antevi, com a devida vênia ao Senador Randolfe Rodrigues, qualquer má intenção do Ministro da Justiça de justificar violência doméstica ou violência à mulher, tão só a constatação do que é a motivação daqueles que, no final das contas, são covardes, que se consideram superiores e agem com violência em relação às mulheres para afirmar essa pseudossuperioridade. Pareceu-me que foi essa a intenção do Ministro da Justiça – espero que tenha sido essa a intenção do Ministro da Justiça. De qualquer forma, independentemente d…",https://www25.senado.leg.br/web/atividade/pronunciamentos/-/p/texto/456474,,
Q03-462062,Q03,Direitos das mulheres,Qual pronunciamento solicitou que o Senado se posicionasse ativamente contra a violência à mulher e em defesa dos direitos femininos?,462062,PATRÍCIA ÓLIVER,2019-11-25,,,Sessão Especial destinada a comemorar o Dia Internacional da Não-Violência Contra a Mulher.,"A SRA. PATRÍCIA ÓLIVER (Para discursar.) – Boa tarde a todas e a todos. Gostaria de cumprimentar a Mesa Diretora e demais autoridades na pessoa do nosso querido anfitrião, Senador Izalci Lucas, e agradecer, Senador, por esta oportunidade que o senhor está nos dando hoje de fazer esta comemoração nesta Sessão Especial do Dia Internacional de Não Violência contra a Mulher. E dizer que o senhor é um homem sensível. Desde o primeiro momento em que o conheci, eu percebi a sua sensibilidade em relação às mulheres, e nós precisamos de homens como o senhor para estar ao nosso lado nessa luta, que não tem sido fácil, mas acreditamos que vamos conseguir chegar a um denominador comum. E gostaria de cumprimentar também todas as mulheres e demais convidados especiais, que lutam incansavelmente e voluntariamente pelo fim da violência contra a mulher, na pessoa da nossa querida Jane Klebia, uma mulher que também vem lutando contra a violência, uma mulher que carrega essa bandeira e tem nos representado. Muito obrigada, Jane. E a Ilana também, que é uma mulher, queridas, que talvez muitas de vocês não conheçam, mas que tem um trabalho excepcional em nosso favor. E ela trabalha muito; não é pouco, …",https://www25.senado.leg.br/web/atividade/pronunciamentos/-/p/texto/462062,,
Q03-462066,Q03,Direitos das mulheres,Qual pronunciamento solicitou que o Senado se posicionasse ativamente contra a violência à mulher e em defesa dos direitos femininos?,462066,ALEJANDRO ARIAS ZARZUELA,2019-11-25,,,Sessão Especial destinada a comemorar o Dia Internacional da Não-Violência Contra a Mulher.,"O SR. ALEJANDRO ARIAS ZARZUELA (Para discursar.) – Boa tarde a todas e a todos. Gostaria de, num primeiro momento, parabenizar o Senador Izalci Lucas pela iniciativa de realizar esta sessão especial para comemorar o Dia Internacional da Não Violência contra a Mulher, uma data que é inspirada num episódio muito triste da história da República Dominicana. Eu queria, através de V. Exa., também parabenizar a todos os Senadores que tiveram essa iniciativa. Gostaria também de cumprimentar a Mesa, neste momento: a Diretora-Geral do Senado Federal, Sra. Ilana Trombka, que nos acompanhou durante a sessão; a Presidente Nacional do Conselho de Mulheres Cristãs do Brasil, Sra. Patrícia Óliver; a Presidente fundadora do Instituto Mulheres Feminicídio Não, Sra. Lúcia Erineta; o Juiz e Coordenador do Núcleo Permanente Judiciário de Solução de Conflitos e Cidadania da Mulher em Situação de Violência Doméstica e Familiar do DF, o Sr. Ben-Hur, que nos acompanhou na sessão também; a representante do Ministério da Mulher, da Família e dos Direitos Humanos e Coordenadora-Geral do Programa Mulher, Viver sem Violência, Sra. Valéria Laval; e a Delegada-Chefe da 6ª Unidade Policial do Paranoá, Sra. Jane Kl…",https://www25.senado.leg.br/web/atividade/pronunciamentos/-/p/texto/462066,,
Q03-472904,Q03,Direitos das mulheres,Qual pronunciamento solicitou que o Senado se posicionasse ativamente contra a violência à mulher e em defesa dos direitos femininos?,472904,Rose de Freitas,2020-12-02,PODEMOS,ES,"Comentário sobre o lançamento do livro ""Histórias do Amor Tóxico"", elaborado pela Procuradoria Especial da Mulher em parceria com o Observatório da Mulher contra a Violência","A SRA. ROSE DE FREITAS (PODEMOS - ES. Pela ordem.) – Sr. Presidente, Sras. e Srs. Senadores, eu queria comunicar que hoje foi feito o lançamento do livro Histórias do Amor Tóxico, vivido por muitas mulheres brasileiras. Esse é um título elaborado pela Procuradoria Especial da Mulher, em parceria com o Observatório da Mulher contra a Violência. Vale a pena ler o livro. Eu queria até conseguir, na Presidência da Casa, a oportunidade de distribui-lo entre os Parlamentares. Há os aspectos históricos, sociais e culturais. É um instrumento muito importante na luta que nós, todas as mulheres, travamos contra a violência. Quero dizer que estiveram presentes nessa sessão a Senadora Zenaide, também a Luiza Brunet, também Marcos Ruben, o Henrique, a Véronique Durand, a Ilana, enfim. É importante que a gente tenha conhecimento desse livro. É uma coletânea de histórias, de depoimentos muito importantes, e tenho certeza de que vai ser de grande ajuda para as mulheres se conscientizarem da importância que têm. São especialistas que escreveram contra a violência. O livro tem 15 capítulos interessantes e tem exatamente o objetivo de debater a violência contra as mulheres no Brasil. Por isso, eu que…",https://www25.senado.leg.br/web/atividade/pronunciamentos/-/p/texto/472904,,
Q03-478776,Q03,Direitos das mulheres,Qual pronunciamento solicitou que o Senado se posicionasse ativamente contra a violência à mulher e em defesa dos direitos femininos?,478776,Zenaide Maia,2021-05-06,PROS,RN,"Comemoração do aniversário de funcionamento do Senado Federal e comentário sobre a primeira Senadora do Brasil, Princesa Isabel, seguida pela Senadora Eunice Michiles, do Amazonas. Agradecimento ao Presidente e aos demais Senadores pela destinação de cadeira para a participação feminina na reunião de Líderes.","A SRA. ZENAIDE MAIA (Bloco Parlamentar da Resistência Democrática/PROS - RN. Para discutir.) – Sr. Presidente, colegas Senadores, quero falar aqui sobre o aniversário do Senado, lembrando que a primeira Senadora foi a Princesa Isabel. Na época, quando a mulher completava 25 anos tinha uma cadeira no Senado. À nossa primeira Senadora se seguiu Eunice Michiles, do Amazonas. Faz 42 anos. Eu acho que Eunice Michiles não pensaria que, 42 anos depois, só houvesse 12 mulheres nessa representação do Senado Federal. Somos 12 mulheres, mas já aproveito para agradecer ao senhor e a todos os colegas que aceitaram a nossa presença na cadeira de Líderes. Isso é uma coisa muito importante para as mulheres brasileiras que estão nos assistindo. Reunião de Líderes em que se discute pauta tem que haver, no mínimo, uma mulher como Líder lá. Mas quero aqui parabenizar os Senadores Ciro Nogueira e Marcelo Castro, como Relator, por esse projeto, esse atendimento às mulheres vítimas de violência. Um teto para essas mulheres e sua família é uma coisa essencial. Não adianta dizer: ""Vamos tirar a mulher do convívio com o agressor"". Ela tem que ter o mínimo de condições, e uma casa para morar é uma coisa muit…",https://www25.senado.leg.br/web/atividade/pronunciamentos/-/p/texto/478776,,
Q03-482398,Q03,Direitos das mulheres,Qual pronunciamento solicitou que o Senado se posicionasse ativamente contra a violência à mulher e em defesa dos direitos femininos?,482398,Rose de Freitas,2021-08-18,MDB,ES,"Discussão sobre o Projeto de Lei (PL) n° 1946, de 2019, que ""Altera a Lei nº 10.826, de 22 de dezembro de 2003, para estabelecer restrições à posse e ao porte de arma de fogo quando houver a prática de violência contra a mulher"". Tramita em conjunto com os Projetos de Lei nºs 1419 e 1866, de 2019.","A SRA. ROSE DE FREITAS (Bloco Parlamentar Unidos pelo Brasil/MDB - ES. Pela ordem. Por videoconferência.) – Sr. Presidente, antes de mais nada, todas as vezes em que vou falar sobre a questão da violência contra a mulher, evidentemente eu me lembro da odisseia que todas nós mulheres percorremos na luta contra a violência doméstica, contra o indigno tratamento de discriminação de que as mulheres são acometidas diariamente. Eu ficaria hoje me lembrando não só do trabalho da Leila, mas também da posição do Senador Jayme Campos e do meu Líder Eduardo Braga, e dizendo: quantas leis nós teremos que construir ainda para poder cercar, vigiando essa violência doméstica e mostrando que o Brasil frequenta índices horríveis, Presidente? Sorte nossa que temos um Presidente, desta vez, e mais uma vez, altruísta na questão da luta das mulheres. Eu quero lembrar a V. Exa. uma das conversas que nós tivemos, primordialmente quando tratamos da sua eleição, que foi a questão do marco legal da violência contra a mulher. Eu tive o prazer de debruçar-me sobre todos os projetos que há nesta Casa. Precisamos construir um instrumento, juntando todos eles, que seja tão forte que possamos dizer que, dessa vez…",https://www25.senado.leg.br/web/atividade/pronunciamentos/-/p/texto/482398,,
Q03-484251,Q03,Direitos das mulheres,Qual pronunciamento solicitou que o Senado se posicionasse ativamente contra a violência à mulher e em defesa dos direitos femininos?,484251,Rose de Freitas,2021-10-13,MDB,ES,"Discussão sobre o Projeto de Lei (PL) n° 4194, de 2019, que ""Altera o Decreto-Lei nº 3.689, de 3 de outubro de 1941 - Código de Processo Penal e o Decreto-Lei nº 2.848, de 7 de dezembro de 1940 – Código Penal, para dispor sobre Violência Doméstica e Familiar"".","A SRA. ROSE DE FREITAS (Bloco Parlamentar Unidos pelo Brasil/MDB - ES. Para discutir. Por videoconferência.) – Sr. Presidente, normalmente o senhor é muito gentil. E, quando a matéria é realmente uma discussão sobre mulheres, sobretudo pelo que as mulheres ainda vivem em pleno século XXI, V. Exa. tem uma especial atenção. O que eu queria dizer era exatamente isto: nós temos tomado todas as iniciativas possíveis e imagináveis para que possamos avançar na rede de proteção às mulheres, para que elas se sintam mais protegidas; para que elas possam se sentir amparadas pelas leis, pelo movimento das mulheres, pelas instituições; e para que vejam no Congresso Nacional as mãos estendidas para que acabemos de vez com essa questão da violência. E, Sr. Presidente, eu não sou uma pessoa de me sentir frustrada nem desanimada, mas toda essa intuição, toda essa iniciativa que tem o Senador Jorge Kajuru ainda não conseguem preservar a integridade física e moral das mulheres em relação a toda essa violência física e psicológica. As mulheres continuam vítimas injustificavelmente dessa violência, dessa cultura violenta que assola o Brasil ponta a ponta, em qualquer lugar. Todo dia é uma notícia nova.…",https://www25.senado.leg.br/web/atividade/pronunciamentos/-/p/texto/484251,,
Q03-484797,Q03,Direitos das mulheres,Qual pronunciamento solicitou que o Senado se posicionasse ativamente contra a violência à mulher e em defesa dos direitos femininos?,484797,Jayme Campos,2021-10-27,DEM,MT,"Orientação à bancada, pelo Partido DEM, sobre o Projeto de Lei (PL) n° 123, de 2019, que ""Altera a Lei nº 13.756, de 12 de dezembro de 2018, para destinar recursos do Fundo Nacional de Segurança Pública (FNSP) para ações de enfrentamento da violência contra a mulher"".","…a do projeto, a Renata Abreu, e, de forma toda especial, a nossa querida amiga Leila Barros, porque esse projeto, com certeza, é de extrema importância, na medida em que está destinando 5% dos recursos do Fundo de Segurança Nacional para o combate à violência contra a mulher. A proposição também determina que as ações previstas na Lei Maria da Penha para o enfrentamento da violência contra a mulher poderão ser custeadas com recursos do FNSP. Segundo o Ministério da Mulher, da Família e dos Direitos Humanos, Sr. Presidente, apenas em 2020 foram registradas 105 mil denúncias de violências contra a mulher, sendo que 72% dos casos são de violência doméstica. Portanto, esse quadro se agrava e demonstra a necessidade de ações mais enérgicas e de novas alternativas para combater a violência contra a mulher, de maneira que eu cumprimento a autora e a Relatora, e o DEM encaminha ""sim"". Amigo Senador Omar, muito obrigado por V. Exa. me permitir fazer o encaminhamento aqui fazer o encaminhamento antes da sua fala. Muito obrigado.",https://www25.senado.leg.br/web/atividade/pronunciamentos/-/p/texto/484797,,
Q03-487984,Q03,Direitos das mulheres,Qual pronunciamento solicitou que o Senado se posicionasse ativamente contra a violência à mulher e em defesa dos direitos femininos?,487984,Leila Barros,2021-11-25,CIDADANIA,DF,Abertura da Sessão Solene destinada à promoção do Dia Internacional pela Eliminação da Violência contra a Mulher.,"ABERTURA DA SESSÃO A SRA. PRESIDENTE (Leila Barros. CIDADANIA - DF) - Declaro aberta a Sessão Solene do Congresso Nacional destinada à promoção do Dia Internacional pela Eliminação da Violência contra a Mulher. HOMENAGEM A SRA. PRESIDENTE (Leila Barros. CIDADANIA - DF) - A presente sessão foi convocada pelo Presidente do Congresso Nacional, em atendimento ao requerimento de minha autoria, da Senadora Simone Tebet, da Deputada Tereza Nelma e da Deputada Celina Leão. A Presidência informa que esta sessão contará com a participação das seguintes convidadas: Senadora Simone Tebet, Líder da Bancada Feminina do Senado Federal; Deputada Tereza Nelma, Procuradora da Mulher da Câmara dos Deputados; Deputada Celina Leão, Coordenadora-Geral da Bancada Feminina da Câmara dos Deputados; Sra. Ana Carolina Querino, Gerente de Programas da ONU Mulheres Brasil; Dra. Josefina Serra dos Santos, Advogada, Conselheira Seccional e Diretora de Igualdade Racial e Social da OAB/DF, Ativista Social e Membro do Movimento Negro Unificado -- MNU e da Rede de Advogadas e Advogados Populares; Dra. Amini Haddad Campos, Juíza do Tribunal de Justiça de Mato Grosso, Coordenadora do Núcleo de Estudos Científicos sobr…",https://www25.senado.leg.br/web/atividade/pronunciamentos/-/p/texto/487984,,
Q03-487986,Q03,Direitos das mulheres,Qual pronunciamento solicitou que o Senado se posicionasse ativamente contra a violência à mulher e em defesa dos direitos femininos?,487986,Tereza Nelma,2021-11-25,PSDB,AL,Sessão Solene destinada à promoção do Dia Internacional pela Eliminação da Violência contra a Mulher.,"A SRA. TEREZA NELMA (PSDB - AL. Para discursar. Sem revisão da oradora.) - Bom dia a todas. Bom dia, Sr. Senador Wellington Fagundes, que está presente neste evento. Quero cumprimentar a Senadora Simone Tebet, Líder da bancada feminina do Senado Federal, e a Deputada Celina Leão, que ainda não pôde chegar até aqui. Entendo que há compromissos e aproveito para pedir desculpas a todas e a todos, porque eu estava em outra audiência, na Comissão dos Direitos da Pessoa Idosa, discutindo projetos de lei para as pessoas idosas do nosso País. Cumprimento a Ana Carolina Querino, Gerente de Programas da ONU Mulheres no Brasil. Nós precisamos nos sentar mais vezes com a nossa Procuradora Senadora Leila, porque são muitos os nossos anseios, e há vontade de nos unirmos para fazermos um diferencial, saindo do discurso e indo para a prática, porque nós temos um grande número de leis, mas precisamos instrumentalizar os órgãos, os parceiros, para diminuirmos essa violência que é tão grande no nosso País. Quero cumprimentar a Dra. Josefina Serra dos Santos, Advogada, Conselheira Seccional e Diretora de Igualdade Racial e Social da OAB do Distrito Federal, ativista social e membro do Movimento Negro …",https://www25.senado.leg.br/web/atividade/pronunciamentos/-/p/texto/487986,,
Q03-488656,Q03,Direitos das mulheres,Qual pronunciamento solicitou que o Senado se posicionasse ativamente contra a violência à mulher e em defesa dos direitos femininos?,488656,Erika Kokay,2022-03-08,PT,DF,Sessão Solene destinada a comemorar o Dia Internacional da Mulher.,"A SRA. ERIKA KOKAY (Bloco/PT - DF. Para discursar. Sem revisão da oradora.) – Dia 8 de março, nós lembramos a luta das mulheres nova-iorquinas para que nós tivéssemos direito ao nosso próprio tempo, que o nosso tempo não fosse arrancado de nós mesmas e fosse decidido a partir do dono da própria fábrica, momento em que 85% das pessoas que trabalhavam nas fábricas eram crianças e mulheres; portanto, uma luta para que nós possamos ser donas do nosso querer, do nosso sentir, do nosso agir, do nosso pensar, para que os nossos corpos sejam nossos corpos. Homens, quando nascem, nascem com seus corpos lhes pertencendo, e nós mulheres lutamos todos os dias para que os nossos corpos sejam os nossos corpos. E vivenciamos neste momento tantas violências. Algumas das violências eram tão naturalizadas que não eram encaradas enquanto violência: a violência obstétrica; a violência que não deixa marca na pele, mas que deixa profunda marca na alma; a violência política de gênero, essa que enfrentamos não apenas quando enfrentamos a sub-representação política das mulheres no Parlamento, onde nós temos um índice de participação das mulheres muito semelhante ao índice de países onde as mulheres usam bu…",https://www25.senado.leg.br/web/atividade/pronunciamentos/-/p/texto/488656,,
Q03-488657,Q03,Direitos das mulheres,Qual pronunciamento solicitou que o Senado se posicionasse ativamente contra a violência à mulher e em defesa dos direitos femininos?,488657,Adriana Ventura,2022-03-08,NOVO,SP,Sessão Solene destinada a comemorar o Dia Internacional da Mulher.,"A SRA. ADRIANA VENTURA (Bloco/NOVO - SP. Para discursar. Sem revisão da oradora.) – Obrigada, Presidente. Quero cumprimentar aqui todas as mulheres que estão neste recinto e todas as que ouvem no Brasil; a Sra. Presidente, nossa Senadora querida. Hoje é um dia em que homenageamos as mulheres. Então, é uma bela... É um dia em que paramos, realmente, para valorizar a mulher, para pensar nas dificuldades que ela enfrenta. E, se perguntarem para mim o que eu gostaria de pedir neste Dia Internacional das Mulheres, eu diria: eu quero mais conquistas, conquistas reais; eu quero mais espaços conquistados, eu quero mais mulheres participando da direção das empresas, da direção dos países, da política. Já falaram muito da representatividade muito, muito baixa das mulheres nos parlamentos – aqui, no Congresso Nacional, 15%. É muito pouco. Mesmo sendo 15%, fazemos muita diferença, mas precisamos de mais. Eu sou professora de empreendedorismo, e, quando a gente fala em empreendedorismo, pensando que temos 50 milhões de empreendedores no Brasil, 30% são mulheres. Pensando como mãe, na minha família, nós temos que mais da metade dos lares do Brasil são chefiados por mulheres. E eu pergunto: por q…",https://www25.senado.leg.br/web/atividade/pronunciamentos/-/p/texto/488657,,
Q03-488658,Q03,Direitos das mulheres,Qual pronunciamento solicitou que o Senado se posicionasse ativamente contra a violência à mulher e em defesa dos direitos femininos?,488658,Dra. Soraya Manato,2022-03-08,UNIÃO,ES,Sessão Solene destinada a comemorar o Dia Internacional da Mulher.,"A SRA. DRA. SORAYA MANATO (UNIÃO - ES. Para discursar. Sem revisão da oradora.) – Boa tarde! Boa tarde a todas. Eu queria cumprimentar a nossa Presidente, a Senadora Eliziane Gama e, na pessoa dela, cumprimentar todas as Parlamentares e todos os homens presentes nesta sessão. Há homens Parlamentares também. Sra. Presidente, Sras. Parlamentares, eu sou do Estado do Espírito Santo, que é um Estado conhecidamente muito violento em relação às mulheres. Já ocupamos o primeiro lugar no Brasil em termos de violência e hoje estamos numa posição de sexto lugar. É uma posição muito ruim, mas já evoluímos, graças ao trabalho de uma juíza muito importante no meu Estado, que é a Juíza Hermínia Azoury, que faz um trabalho muito importante nesse sentido. Sras. Parlamentares, nós mulheres, hoje, neste dia 8 de março, não temos um dia para comemorarmos, já que a primeira manifestação de que se tem história no mundo, para melhores condições de vida e trabalho foi em 1907. Portanto, já há mais de cem anos que as mulheres lutam por respeito, por mais condição de vida, de trabalho, igualdade de salários, igualdade a crédito. E hoje ainda eu digo que nós estamos engatinhando. Infelizmente, essa é a noss…",https://www25.senado.leg.br/web/atividade/pronunciamentos/-/p/texto/488658,,
Q03-488703,Q03,Direitos das mulheres,Qual pronunciamento solicitou que o Senado se posicionasse ativamente contra a violência à mulher e em defesa dos direitos femininos?,488703,Paulo Paim,2022-03-08,PT,RS,"Considerações sobre o Dia Internacional da Mulher, a importância da Bancada Feminina do Senado Federal e os espaços de poder ocupados por servidoras da Casa. Apelo à Câmara dos Deputados para que delibere sobre o Projeto de Lei da Câmara nº 130. de 2011, que visa combater a diferença de remuneração verificada entre homens e mulheres no Brasil.","O SR. PAULO PAIM (Bloco Parlamentar da Resistência Democrática/PT - RS. Para discursar. Por videoconferência.) – Boa tarde, Presidente Rodrigo Pacheco, Senadores e Senadoras. Na mesma linha de V. Exa., não há como não falar hoje do Dia Internacional da Mulher. Minha saudação à Bancada Feminina desta Casa. Cito, como V. Exa. citou também, a primeira Líder, a Senadora Simone Tebet, e a atual Líder, a Senadora Eliziane Gama. O trabalho da Bancada Feminina é exemplar na defesa das causas das mulheres por igualdade, por respeito, combatendo a discriminação e os preconceitos. Destaco também, Presidente, a Diretora-Geral do Senado, mantida por V. Exa., Ilana Trombka. Ilana Trombka é uma diretora que tem mostrado muita competência. Destaco também Vilma da Conceição Pinto, primeira mulher negra a ocupar o cargo de diretora da Instituição Fiscal Independente. São as mulheres ocupando os lugares que são delas. Presidente, o PL 130 – quero mais uma vez falar sobre ele – combate a desigualdade salarial entre homens e mulheres. A mesma função, a mesma atividade, o mesmo salário – uma reparação histórica! O PL 130, o Senado e a Câmara aprovaram essa proposta, as duas Casas, mas, infelizmente, o E…",https://www25.senado.leg.br/web/atividade/pronunciamentos/-/p/texto/488703,,
Q03-488897,Q03,Direitos das mulheres,Qual pronunciamento solicitou que o Senado se posicionasse ativamente contra a violência à mulher e em defesa dos direitos femininos?,488897,Rose de Freitas,2022-03-15,MDB,ES,"Discussão sobre o Projeto de Lei (PL) n° 4147, de 2021, que ""Incentiva programas nacionais de atendimento ao homem, em caráter preventivo à violência contra as mulheres, para fins de equânime desenvolvimento humano, regional e social, nos termos da Convenção sobre a Eliminação de todas as Formas de Discriminação contra a Mulher - ONU e da Convenção Interamericana para Prevenir, Punir e Erradicar a Violência contra a Mulher, de Belém do Pará – OEA. De igual forma, instrumentaliza mecanismos em canais de assistência preventiva para fins de contenção à violência doméstica e familiar, nos termos do art. 226, §8°, da Constituição Federal, bem como arts. 1°, 8°, VIII, 35, IV da Lei 11.340/06"".","…o obrigada aí pela atenção e distinção. Presidente, esse programa que vai ser orientado, com a perspectiva de poder tratar do tema que hoje existe como uma discussão nacional, está entre os temas importantes que a gente tem que abordar pela ótica da violência contra a mulher e pelo comportamento humano, como dos homens que ocupam, homens e mulheres, lugares na nossa sociedade que, de maneira distinta, nós estamos enfaticamente tratando da violência contra a mulher. Portanto, esse projeto vem em boa hora. Então, é bom saber que pode voltar o seu olhar, Senadora Leila, para a questão da saúde mental do homem. É importantíssimo tratar isso. Nós vamos considerar aí um aspecto importante, que esse olhar, essa atenção leva as pessoas a pensarem duma nova maneira, numa nova visão de combater e prevenir a violência contra, violência doméstica e familiar contra as mulheres. Na nossa opinião, essa maneira de elicitar a associação de ambos, ou seja, deixar evidente que é a estruturação patriarcal da nossa sociedade – a gente não pode se esquecer disso – que permite e legitima, sobretudo, atos de violência que sejam cometidos contra mulheres somente pela nossa condição feminina, nossa condição…",https://www25.senado.leg.br/web/atividade/pronunciamentos/-/p/texto/488897,,
Q03-489165,Q03,Direitos das mulheres,Qual pronunciamento solicitou que o Senado se posicionasse ativamente contra a violência à mulher e em defesa dos direitos femininos?,489165,Rodrigo Pacheco,2022-03-23,PSD,MG,"Abertura de Sessão de Premiações e Condecorações destinada à entrega do Diploma Bertha Lutz às agraciadas, em comemoração aos 20 anos do Prêmio.","…PSD - MG. Fala da Presidência.) - Declaro aberta a sessão. Sob a proteção de Deus, iniciamos nossos trabalhos. A presente sessão é destinada à entrega do Diploma Bertha Lutz às agraciadas em comemoração aos 20 anos do prêmio. Instituído em 2001 pelo Senado Federal, o Diploma Bertha Lutz foi criado para agraciar pessoas que contribuíram na defesa dos direitos da mulher e da equidade de gênero no Brasil. A premiação recebe o nome da líder feminista Bertha Lutz, que foi Deputada Federal e se empenhou pela aprovação da legislação que deu às mulheres o direito de votar e de serem votadas. Em 2022, serão agraciadas com o Diploma Bertha Lutz 21 mulheres que se destacam pela defesa dos direitos femininos e fazem a diferença na sociedade brasileira. Entre as agraciadas, uma é homenageada in memoriam, a Sra. Wilma de Faria, como forma de agradecimento ao incansável trabalho que resultou em uma sociedade brasileira mais plural e moderna. Esta sessão terá ainda uma homenagem especial à Sra. Maria da Penha. Convido para compor a mesa a Ministra-Chefe da Secretaria de Governo da Presidência da República, S. Exa. a Ministra Flávia Arruda. Convido também a Líder da Bancada Feminina no Senado Feder…",https://www25.senado.leg.br/web/atividade/pronunciamentos/-/p/texto/489165,,
Q03-492049,Q03,Direitos das mulheres,Qual pronunciamento solicitou que o Senado se posicionasse ativamente contra a violência à mulher e em defesa dos direitos femininos?,492049,Eliane Nogueira,2022-06-21,PP,PI,"Repúdio à agressão sofrida pela esposa de Vereador da cidade de São Raimundo Nonato, no Estado do Piauí. Preocupação com a violência sofrida pelas mulheres diariamente no País.","A SRA. ELIANE NOGUEIRA (Bloco Parlamentar Unidos pelo Brasil/PP - PI. Para discursar.) – Sr. Presidente, Sras. Senadoras, Srs. Senadores, venho a esta tribuna para manifestar o meu repúdio em relação à agressão sofrida por uma mulher no interior do Piauí, no último sábado. E o caso dessa única mulher é apenas um flash nesse universo de violência que as mulheres ainda vivem todos os dias. Sempre que possível, os casos são contabilizados, mas, na maioria das vezes, acontecem em silêncio, entre quatro paredes. Esse caso chama a atenção porque: 1 - foi um gesto covarde, ele quebrou o nariz da ex-mulher, de quem já estava separado há um ano, na frente de outras pessoas; 2 - ele deu um soco no rosto da ex-mulher e fugiu, e só se apresentou à polícia quando não havia mais o risco de ser preso; 3 - o agressor é um Vereador da cidade de São Raimundo Nonato, interior do Piauí, que ainda acumulava o cargo de ouvidor do município. Inaceitável que um servidor e agente público se comporte dessa maneira. Ele esperava o quê? A impunidade? Enquanto mulher e mãe, defendo que sejamos intolerantes com qualquer tipo de violência. Enquanto Senadora e cidadã, entendo que, junto ao aprimoramento legislati…",https://www25.senado.leg.br/web/atividade/pronunciamentos/-/p/texto/492049,,
Q03-492149,Q03,Direitos das mulheres,Qual pronunciamento solicitou que o Senado se posicionasse ativamente contra a violência à mulher e em defesa dos direitos femininos?,492149,Rodrigo Pacheco,2022-06-22,PSD,MG,"Solidariedade à manifestação de repúdio da Senadora Soraya Thronicke pela agressão sofrida pela Procuradora-Geral no Município de Registro-SP, Gabriela Barros.","O SR. PRESIDENTE (Rodrigo Pacheco. Bloco Parlamentar PSD/Republicanos/PSD - MG) – Obrigado, Senadora Soraya Thronicke. Eu gostaria de cumprimentá-la pelo pronunciamento, em especial em relação à manifestação de repúdio em relação a essas agressões feitas à Procuradora no Município de Registro, em São Paulo. De fato, cenas horríveis, de uma brutalidade completamente sem razão, sem propósito, enfim. Essa manifestação de V. Exa., por certo, é a manifestação do Senado. Aliás, uma Casa que tem cuidado muito da proteção e da defesa dos direitos das mulheres, inclusive no combate muito veemente à violência contra a mulher. E aquelas cenas, de fato, chocaram a nós todos no Brasil. E nós esperamos que as autoridades competentes, tanto de persecução criminal quanto as autoridades judiciárias, possam dar àquele indivíduo o tratamento na forma da lei, com o vigor da lei, porque, de fato, são cenas terríveis que nós acompanhamos. E V. Exa. ainda traz um outro caso de violência contra a mulher, de um desfecho ainda pior, de modo que têm toda a solidariedade da Presidência do Senado as mulheres do Brasil, sobretudo aquelas que ainda infelizmente sofrem de violência. Então, eu gostaria de manifest…",https://www25.senado.leg.br/web/atividade/pronunciamentos/-/p/texto/492149,,
Q03-494390,Q03,Direitos das mulheres,Qual pronunciamento solicitou que o Senado se posicionasse ativamente contra a violência à mulher e em defesa dos direitos femininos?,494390,Ivete da Silveira,2022-11-25,MDB,SC,Seminário Inovação e Iniciativas para Eliminação de Violências contra as Mulheres.,"A SRA. IVETE DA SILVEIRA (Bloco Parlamentar Unidos pelo Brasil/MDB - SC. Para discursar.) – Muito obrigada, Sra. Presidente Leila Barros. Saúdo as Senadoras já mencionadas aqui e o Embaixador de Israel, Sr. Daniel Zohan Zonshine. Seja bem-vindo ao nosso país, trazendo novas experiências. Na minha cidade, Joinville, Santa Catarina, tem um senhor, que talvez o senhor conheça, Miguel Abuhab, que trouxe a inovação para a nossa cidade. Ele tem um complexo de inovação fantástico. Ele, que é filho de israelenses e mora em Joinville há uns 50 anos, é um empresário muito conhecido lá e que traz sempre novas tendências, como trouxe, agora mesmo, uma escola onde, às vezes, a pessoa tem uma certa deficiência em determinada atividade escolar, mas essa criança é direcionada. Às vezes, se ele é bom em matemática, então é direcionado para matemática. Se é para as ciências, então ele é mais direcionado para as ciências. É uma escola fantástica! Mas, hoje, estamos aqui para tratar da mulher, da mulher que foi espancada, que foi brutalmente assassinada, e nós, mulheres aqui do Senado, vamos nos unir para combater todo tipo de ataque à mulher. Primeiramente, entendo ser extremamente importante que a r…",https://www25.senado.leg.br/web/atividade/pronunciamentos/-/p/texto/494390,,
Q03-494398,Q03,Direitos das mulheres,Qual pronunciamento solicitou que o Senado se posicionasse ativamente contra a violência à mulher e em defesa dos direitos femininos?,494398,Soraya Thronicke,2022-11-25,UNIÃO,MS,Seminário Inovação e Iniciativas para Eliminação de Violências contra as Mulheres.,"A SRA. PRESIDENTE (Soraya Thronicke. Bloco Parlamentar União Cristã/UNIÃO - MS) – Maria Tereza, muito obrigada pelo seu trabalho, pelo seu estudo. E, antes de passar para a próxima oradora, eu gostaria aqui de apenas dizer que a Senadora Leila teve um compromisso inadiável, não foi possível conciliá-lo com a sessão e aí eu termino, presidindo para ela, o evento de hoje. Quero só lembrar um fato, que estou tentando até buscar aqui no Google, mas eu não sei se foi a Presidente de um país, uma presidente mulher, um país da Europa – estou tentando aqui – eu vi, me veio à memória agora, ela estava comentando sobre um caso de violência que aconteceu e ela não citou o nome do agressor. Achei interessantíssimo. Por quê? Porque ela disse o seguinte: certos narcisistas, psicopatas têm esse anseio de aparecer, seja de uma forma ou de outra. Quem assistiu ao documentário sobre a Daniella Perez viu bem esse tipo de coisa. Eles querem aparecer. E ela falou: ""Eu não vou, de maneira nenhuma, citar o nome desse senhor, porque tudo que ele quer é aparecer"". Achei interessante. É mais uma forma de lidarmos com isso não dar holofotes. Dar holofotes para elas e não, no caso, para os agressores. Mas é a…",https://www25.senado.leg.br/web/atividade/pronunciamentos/-/p/texto/494398,,
Q04-459680,Q04,Educação,"Qual discurso abordou a história da educação brasileira desde 1930, o futuro do Fundeb e a importância de diretores e professores?",459680,Confúcio Moura,2019-10-15,MDB,RO,Homenagem aos professores.,"…– Eu falei Maia? Perdoe-me. Senador Lasier, é uma satisfação; Srs. Prefeitos, que estão nas galerias, meus cumprimentos sinceros; Senadores e Senadoras e telespectadores da TV Senado e Rádio Senado, hoje é um dia muito especial, o dia consagrado aos professores. Eu devotei o meu mandato à educação. Eu sou médico, mas, com os mandatos de Prefeito que tive, mandato de Governador que exerci, mandato de Deputado, eu sempre optei pela educação. Eu hoje confesso a alguns dos Prefeitos e secretários municipais de educação aqui presentes que estou profundamente descrente, Srs. Prefeitos, com o avanço que nós devemos ter com a educação. Eu acredito que a educação é um fator de desenvolvimento, que a gente pode aprovar aqui no Senado, na Câmara, tudo que for lei, tudo que for reforma, tudo, tudo, tudo, e a gente ainda não vai melhorar o Brasil. A gente só vai melhorar o Brasil com uma base sólida, e essa base sólida é a qualidade da educação. Por isso, eu acredito que a educação tem que vir das prefeituras. Fala-se assim: ""Mas eu não tenho dinheiro. O Prefeito não tem dinheiro para investir na educação"". Mas eu acredito que colocar a educação como prioridade e colocar a educação como um fato…",https://www25.senado.leg.br/web/atividade/pronunciamentos/-/p/texto/459680,,
Q04-460311,Q04,Educação,"Qual discurso abordou a história da educação brasileira desde 1930, o futuro do Fundeb e a importância de diretores e professores?",460311,ADEMAR BATISTA PEREIRA,2019-10-25,,,Sessão Especial destinada a comemorar o Dia do Professor.,"O SR. ADEMAR BATISTA PEREIRA (Para discursar.) – Em nome da escola particular brasileira, quero parabenizar o Senador Izalci pela proposição de homenagem ao Dia dos Professores. Quero cumprimentar o Secretário de Estado de Educação do Distrito Federal, João Pedro Ferraz dos Passos, em nome de quem cumprimento todos os responsáveis pela educação pública dos Estados e Municípios brasileiros – são 5.570 Municípios; a Diretora-Geral do Instituto Federal de Brasília, Profa. Patrícia Albuquerque de Lima – quero cumprimentar, na pessoa dela, todos os diretores de escolas públicas e privadas do Brasil, que têm a responsabilidade de dirigir as escolas, instituições de ensino e dar as condições de gestão para que os professores possam fazer o que sabem fazer –; a professora pioneira de Brasília, Profa. Natanry Osório, que é homenageada e é a professora a quem a gente deve hoje a reverência pelo papel que desempenhou durante a sua vida toda pela educação de Brasília e do Brasil como um todo; o vice-Presidente do Sindicato das Entidades Mantenedoras do Ensino Superior Privado do Distrito Federal, a quem cumprimento e, em seu nome, os dirigentes de entidades, de sindicatos, de sindicato patrona…",https://www25.senado.leg.br/web/atividade/pronunciamentos/-/p/texto/460311,,
Q04-461387,Q04,Educação,"Qual discurso abordou a história da educação brasileira desde 1930, o futuro do Fundeb e a importância de diretores e professores?",461387,Dário Berger,2019-11-12,MDB,SC,"Comentários sobre o Índice de Oportunidades da Educação Brasileira - IOEB, criado por ex-funcionários do INEP, para avaliar a aprendizagem no País.","…te, eu vou aproveitar esta oportunidade para levar ao conhecimento das Sras. Senadoras e dos Srs. Senadores, no dia de hoje, um estudo divulgado na última quinta-feira. Em 2015, dois ex-funcionários do Inep criaram o IOEB, Índice de Oportunidades da Educação Brasileira. Esse índice de avaliação leva em conta os resultados da aprendizagem divulgados a cada dois anos pelo Governo Federal, mas também outras variáveis de acesso, como a oferta de vagas em creche e pré-escola, a formação de professores, a experiência dos diretores de escolas e a quantidade de crianças e adolescentes que não estão matriculados na escola. Os pesquisadores chamam o índice de ""IDH da educação"", servindo para demonstrar a realidade de todos os indicativos que se tem, ajudando a União, Estados e Municípios a perceberem quais a regiões e cidades brasileiras têm mais debilidades em cada área, facilitando o regime de colaboração entre os entes federados. Esse índice é calculado e divulgado a cada dois anos e, para um Município entrar na avaliação, é preciso ter nota na Prova Brasil, divulgada pelo Inep. Em 2019, foram incluídos no indicador quase 5 mil Municípios, sendo que 4.538 deles tiveram o IOEB calculado em…",https://www25.senado.leg.br/web/atividade/pronunciamentos/-/p/texto/461387,,
Q04-473383,Q04,Educação,"Qual discurso abordou a história da educação brasileira desde 1930, o futuro do Fundeb e a importância de diretores e professores?",473383,Dário Berger,2020-12-15,MDB,SC,"Considerações sobre o Projeto de Lei nº 4.372, de 2020, que regulamenta o Fundo de Manutenção e Desenvolvimento da Educação Básica e de Valorização dos Profissionais da Educação (Fundeb). 
Defesa da importância da educação pública.","O SR. DÁRIO BERGER (Bloco Parlamentar Unidos pelo Brasil/MDB - SC. Para discursar. Por videoconferência.) – Presidente Davi, na condição Presidente da Comissão de Educação, Esporte e Cultura do Senado Federal, eu não posso deixar de me manifestar acerca da regulamentação do Fundeb, afinal de contas eu quero iniciar essas minhas palavras afirmando que o futuro de uma nação depende da importância e da prioridade que nós destinarmos a ela no presente. A educação é o maior patrimônio de um ser humano, e nós não podemos facilitar com a educação. Mas, antes de me manifestar especificamente sobre essa questão, eu preciso saber o conteúdo do relatório do Relator, Senador Izalci Lucas, para saber se me atende, se atende àquilo que eu penso, àquilo que nós discutimos, àquilo em que nós avançamos durante toda a discussão em que o Senador Flávio Arns foi o Relator, ou se continua desfigurado o projeto, como foi desfigurado, destinando recursos públicos para a educação privada, o que, no meu entendimento, não é compatível com a realidade do Brasil de hoje, sobretudo porque um dos grandes problemas que nós temos na educação hoje é a falta de infraestrutura propriamente dita. Veja bem, Sr. Presid…",https://www25.senado.leg.br/web/atividade/pronunciamentos/-/p/texto/473383,,
Q04-473411,Q04,Educação,"Qual discurso abordou a história da educação brasileira desde 1930, o futuro do Fundeb e a importância de diretores e professores?",473411,Dário Berger,2020-12-15,MDB,SC,"Considerações sobre a importância da educação básica e da priorização da educação, de modo geral, e defesa do Fundo de Manutenção e Desenvolvimento da Educação Básica e de Valorização dos Profissionais da Educação (Fundeb) voltado exclusivamente para as escolas públicas.","…deoconferência.) – Sr. Presidente, Srs. Senadores, Sras. Senadoras, preliminarmente, quero cumprimentar o Senador Izalci pela grandeza, pela disposição que teve de, efetivamente, resgatar esse texto original, que faz uma justiça extraordinária com a educação brasileira, com os professores e com os alunos da rede pública de ensino de todo o País. Sr. Presidente, desde que assumi a Presidência da Comissão de Educação, Cultura e Esporte do Senado Federal, coloquei o Fundeb como uma das prioridades da nossa Comissão – a prioridade das prioridades. No ano passado, realizamos, na Comissão, mais de dez audiências públicas com mais de 50 debatedores. O Senador Flávio Arns foi um incansável na elaboração de um texto que foi aprovado por unanimidade nesta Casa. Nessas reuniões, foram levantados diversos dados que quero compartilhar com V. Exas. A importância da educação pública no Brasil é impressionantemente expressiva. No Brasil nós temos cerca de 184 mil escolas, sendo que 78% são da rede pública de ensino. Temos quase 50 milhões de matrículas, dos quais 82% são da rede pública. São mais de 2,5 milhões de professores, representando quase 80% de toda a rede pública. Um dos problemas atuais…",https://www25.senado.leg.br/web/atividade/pronunciamentos/-/p/texto/473411,,
Q04-473414,Q04,Educação,"Qual discurso abordou a história da educação brasileira desde 1930, o futuro do Fundeb e a importância de diretores e professores?",473414,Confúcio Moura,2020-12-15,MDB,RO,"Considerações sobre Projeto de Lei nº 4.372, de 2020, que regulamenta o Fundo de Manutenção e Desenvolvimento da Educação Básica e de Valorização dos Profissionais da Educação (Fundeb), com ênfase nos alunos pobres, de periferia e de escolas rurais.","…ilidade do Senador Izalci, que originalmente tinha uma ideia de preservar as alterações da Câmara, para que esse projeto não retornasse a ela. Mas, depois das inúmeras manifestações dos Senadores e Senadoras e das manifestações da comunidade escolar brasileira, S. Exa. se sensibilizou de que foi um erro extraordinário da Câmara, que assim procedeu. E, desta forma, eu agradeço muito a ele, uma vez nós estamos aqui, nesses dois anos de Senado, debatendo incansavelmente o tema educação. É o tema que eu escolhi como prioridade do meu mandato, e assim tenho seguido muito o que Flávio Arns preconiza e defende; também o nosso Presidente Dário Berger, que acabou de se pronunciar de maneira inteligente sobre a dramática situação da educação brasileira, principalmente da infraestrutura. Mas nós não podemos centralizar o tema do Fundeb exclusivamente para os professores. Temos que mudar o foco desse trabalho: focalizar no aluno, no aluno pobre, no aluno de periferia, no aluno das escolas rurais brasileiras, focalizar e dar a ele as condições adequadas de ter um grande aprendizado e melhorar a qualidade da educação. O Fundeb destina 10% para as escolas que tiverem melhor aproveitamento, melhor…",https://www25.senado.leg.br/web/atividade/pronunciamentos/-/p/texto/473414,,
Q04-474301,Q04,Educação,"Qual discurso abordou a história da educação brasileira desde 1930, o futuro do Fundeb e a importância de diretores e professores?",474301,Rodrigo Maia,2020-08-26,DEM,RJ,"Sessão Solene destinada destinada à promulgação da Emenda Constitucional nº 108, de 2020, que altera a Constituição Federal para estabelecer critérios de distribuição da cota municipal do Imposto sobre Operações Relativas à Circulação de Mercadorias e sobre Prestações de Serviços de Transporte Interestadual e Intermunicipal e de Comunicação (ICMS), para disciplinar a disponibilização de dados contábeis pelos entes federados, para tratar do planejamento na ordem social e para dispor sobre o Fundo de Manutenção e Desenvolvimento da Educação Básica e de Valorização dos Profissionais da Educação (Fundeb); altera o Ato das Disposições Constitucionais Transitórias; e dá outras providências.","…ados, as Sras. Senadoras e os Srs. Senadores, Congressistas. Hoje, certamente, é um dia muito especial para o Congresso Nacional, mas principalmente para milhões de brasileiros, que passam a ter, na Constituição Federal, a garantia da priorização da educação pública no País Todos nós que participamos, ou pelo menos acompanhamos -- boa parte de nós --, do início da execução do FUNDEF, que depois virou FUNDEB, e agora é o FUNDEB para a educação básica permanente, sabemos da importância que esse programa teve e certamente terá nos próximos anos para as nossas crianças, para os nossos jovens, com a certeza de que não há e não haverá outro caminho que não seja o da valorização da educação pública no País. Sr. Presidente Davi Alcolumbre, a grande vitória do Congresso Nacional -- de forma quase unânime, na Câmara dos Deputados, e de forma unânime, no Senado Federal --, daqueles que votaram essa matéria, é exatamente a certeza de que para o Parlamento brasileiro a educação pública das nossas crianças, que tanto precisam disso, é prioridade. Sabemos que a qualidade da nossa educação já melhorou muito, mas ainda está muito distante da educação privada. Por isso, precisamos trabalhar não apen…",https://www25.senado.leg.br/web/atividade/pronunciamentos/-/p/texto/474301,,
Q04-474307,Q04,Educação,"Qual discurso abordou a história da educação brasileira desde 1930, o futuro do Fundeb e a importância de diretores e professores?",474307,Eduardo Braga,2020-08-26,MDB,AM,"Sessão Solene destinada destinada à promulgação da Emenda Constitucional nº 108, de 2020, que altera a Constituição Federal para estabelecer critérios de distribuição da cota municipal do Imposto sobre Operações Relativas à Circulação de Mercadorias e sobre Prestações de Serviços de Transporte Interestadual e Intermunicipal e de Comunicação (ICMS), para disciplinar a disponibilização de dados contábeis pelos entes federados, para tratar do planejamento na ordem social e para dispor sobre o Fundo de Manutenção e Desenvolvimento da Educação Básica e de Valorização dos Profissionais da Educação (Fundeb); altera o Ato das Disposições Constitucionais Transitórias; e dá outras providências.","…primentar a todos os Srs. Parlamentares do Congresso Nacional. Quero cumprimentar a nossa eminente Relatora, a nossa Deputada Professora Dorinha Seabra Rezende. Quero cumprimentá-la, Deputada Dorinha, pelo belo trabalho que V.Exa. desenvolveu para o FUNDEB, para o novo FUNDEB, em um texto que agora passa a ser permanente no texto constitucional. Parabéns! Quero cumprimentar o nosso colega Flávio Arns, que aqui no Senado Federal também relatou de forma brilhante o texto do FUNDEB. Sr. Presidente, eu estou na política há 38 anos. Já fui Prefeito de Manaus e Governador do Estado. Senador Weverton, por duas vezes, passei pela fase do FUNDEF, passei pela fase do FUNDEB, e agora estou podendo contribuir, graças à vontade de Deus e do povo, com a aprovação do novo FUNDEB, que, primeiro, deixa de ser temporal, passa a ser permanente; e, segundo, inclui a educação infantil. Vejam como as coisas eram mal projetadas e mal programadas. Construímos creches, mas não estabelecíamos a forma de financiamento do custeio delas. Portanto, os gestores não tinham interesse em concluir as creches, porque elas custariam mais do que eles poderiam sustentar. O novo FUNDEB começa aí, na educação infantil, a …",https://www25.senado.leg.br/web/atividade/pronunciamentos/-/p/texto/474307,,
Q04-474318,Q04,Educação,"Qual discurso abordou a história da educação brasileira desde 1930, o futuro do Fundeb e a importância de diretores e professores?",474318,Chico Rodrigues,2020-08-26,DEM,RR,"Sessão Solene destinada destinada à promulgação da Emenda Constitucional nº 108, de 2020, que altera a Constituição Federal para estabelecer critérios de distribuição da cota municipal do Imposto sobre Operações Relativas à Circulação de Mercadorias e sobre Prestações de Serviços de Transporte Interestadual e Intermunicipal e de Comunicação (ICMS), para disciplinar a disponibilização de dados contábeis pelos entes federados, para tratar do planejamento na ordem social e para dispor sobre o Fundo de Manutenção e Desenvolvimento da Educação Básica e de Valorização dos Profissionais da Educação (Fundeb); altera o Ato das Disposições Constitucionais Transitórias; e dá outras providências.","…UES (DEM - RR. Para discursar. Sem revisão do orador.) - Exmo. Sr. Presidente do Congresso Nacional e do Senado da República Davi Alcolumbre; Exma. Sra. Deputada Dorinha, que, brilhantemente, fez um trabalho invejável ao longo de toda a discussão do FUNDEB; Senador Weverton; Senador Wellington Fagundes; Deputada Raquel, autora originária desse projeto; Relator, Senador Flávio Arns, que, brilhantemente, aqui no Senado, se houve de forma excepcional na relatoria desse projeto; Presidente Davi, que, pela sua diligência, pela sua qualidade política de conduzir a bom termo todo o curso político do Brasil nesses últimos 18 meses, de forma extremamente eficiente, ontem, apresentou a votação da PEC do FUNDEB em primeiro e segundo turnos do Senado e, hoje, com menos de 24 horas, já a promulga aqui no Senado, e, também por isso, merece a nossa admiração e o nosso respeito, boa tarde. A educação é a arma mais poderosa que se pode usar para mudar o mundo, e, hoje, vivemos um momento histórico da educação do Brasil: renovamos e tornamos permanente, na Constituição, a maior transferência de recursos federais destinados à educação para os FUNDEBs estaduais em toda a sua história e em sua existênc…",https://www25.senado.leg.br/web/atividade/pronunciamentos/-/p/texto/474318,,
Q04-474324,Q04,Educação,"Qual discurso abordou a história da educação brasileira desde 1930, o futuro do Fundeb e a importância de diretores e professores?",474324,Rogério Carvalho,2020-08-26,PT,SE,"Sessão Solene destinada destinada à promulgação da Emenda Constitucional nº 108, de 2020, que altera a Constituição Federal para estabelecer critérios de distribuição da cota municipal do Imposto sobre Operações Relativas à Circulação de Mercadorias e sobre Prestações de Serviços de Transporte Interestadual e Intermunicipal e de Comunicação (ICMS), para disciplinar a disponibilização de dados contábeis pelos entes federados, para tratar do planejamento na ordem social e para dispor sobre o Fundo de Manutenção e Desenvolvimento da Educação Básica e de Valorização dos Profissionais da Educação (Fundeb); altera o Ato das Disposições Constitucionais Transitórias; e dá outras providências.","…r.) - Boa tarde a todos que estão nos assistindo pela TV Senado. Quero cumprimentar o Presidente Davi Alcolumbre por ter pautado esta matéria e, ao mesmo tempo, garantido que promulgássemos, na sequência, esta emenda constitucional, que faz parte da história do Brasil. Eu também quero lembrar que, no Governo do Presidente Lula, foi criado o FUNDEB; que, ao longo dos Governos do Presidente Lula, do PT, com o Ministro Haddad, nós ultrapassamos o gasto mínimo ou o investimento mínimo, como o Presidente Lula costumava e costuma dizer, na área da educação. Se hoje investimos mais na educação do que o limite mínimo previsto constitucionalmente, foi graças à sensibilidade do Presidente Lula, à sensibilidade dos Governos do Partido dos Trabalhadores que investiram na educação. Hoje nós asseguramos um futuro melhor para as novas gerações, e isso decorre obviamente da luta daqueles que militam na área da educação, trabalhadores da educação, todos os professores e professoras, através da Confederação Nacional dos Trabalhadores em Educação. Estudantes também militaram em torno dessa causa, colocam as suas vidas como instrumento de luta. Não é possível construirmos um país democrático, não é po…",https://www25.senado.leg.br/web/atividade/pronunciamentos/-/p/texto/474324,,
Q04-478439,Q04,Educação,"Qual discurso abordou a história da educação brasileira desde 1930, o futuro do Fundeb e a importância de diretores e professores?",478439,Marcelo Castro,2021-04-28,MDB,PI,"Comemoração do Dia Mundial da Educação, celebrado no dia 28 de abril. Comentário sobre a reunião em 2015 do Fórum Mundial da Educação, realizado na Coreia do Sul, que estabeleceu metas para serem atingidas até 2030, e a necessidade de o Brasil aprovar propostas prioritárias para o cumprimento do Plano Nacional de Educação - PNE, com ênfase à sua regulamentação, por meio do Projeto de Lei Complementar nº 235, de 2019, implementação da Base Nacional Comum Curricular, regulamentação do Custo Aluno Qualidade - CAQ e do Sistema Nacional da Educação Básica – Sinaeb. Defesa da aprovação da Proposta de Emenda à Constituição (PEC) nº 39, de 2019, e do Programa de Inovação Educação Conectada – Piec, conforme Projeto de Lei da Câmara (PLC) nº 142, de 2018, e derrubada do veto nº 10, de 2021, ao Projeto de Lei nº 3.477, de 2020, que dispõe sobre a garantia de acesso à internet, com fins educacionais, a alunos e a professores da educação básica pública.","O SR. MARCELO CASTRO (Bloco Parlamentar Unidos pelo Brasil/MDB - PI. Para discutir.) – Sr. Presidente, Sras. e Srs. Senadores, comemora-se hoje, 28 de abril, o Dia Mundial da Educação, instituído no ano de 2000 durante o Fórum Mundial da Educação realizado em Dacar, no Senegal. A data celebra o compromisso firmado por mais de 160 países, entre os quais o Brasil, com um programa de metas de universalização de acesso à educação de qualidade. Na condição de Presidente da Comissão de Educação, Cultura e Esporte, renovo nosso compromisso com as metas definidas pelo fórum, cuja última edição, realizada em Incheon, na Coreia do Sul, em 2015, encoraja toda a comunidade internacional a implementar um sistema eficiente de educação inclusivo e equitativo. Para que atinjamos as metas definidas até 2030, será fundamental que, neste biênio, meus nobres pares e membros da Comissão de Educação, nos empenhemos na aprovação de um conjunto prioritário de propostas: o cumprimento das metas decenais do Plano Nacional de Educação (PNE); a coordenação e a articulação dos esforços dos vários entes federados na organização e na implementação de um sistema nacional em que a educação possa exercer, efetivame…",https://www25.senado.leg.br/web/atividade/pronunciamentos/-/p/texto/478439,,
Q04-479156,Q04,Educação,"Qual discurso abordou a história da educação brasileira desde 1930, o futuro do Fundeb e a importância de diretores e professores?",479156,MAURO LUIZ RABELO,2021-05-14,,,Exposição do convidado na Sessão de Debates Temáticos destinada à análise sobre uma estratégia nacional para o retorno seguro às aulas presenciais.,"… e as demais autoridades que se encontram aqui, nos prestigiando, e os demais integrantes dessa Mesa. É uma grande honra estar aqui justamente para fazer parte deste grande marco que estamos vivenciando hoje, a possibilidade de debater a inclusão da educação no rol dos serviços e atividades consideradas essenciais em nosso País. Isso vai ao encontro do que preconiza o art. 5º da Lei de Diretrizes e Bases da Educação Nacional ao afirmar que o acesso à educação básica obrigatória é direito público subjetivo, reforçando o caráter de direito fundamental estabelecido em nossa Carta Magna. Eu gostaria de citar uma frase atribuída a Pitágoras, de 500 anos antes de Cristo, que é atemporal e bem adequada para os dias atuais: ""Educai as crianças e não será preciso punir os homens"". Vivemos um momento singular, em que nossas crianças e jovens foram privados do convívio escolar por um longo período de tempo em decorrência dos efeitos da pandemia da Covid-19. Fomos desafiados para uma profunda reflexão sobre o papel da escola, dos professores, da família e do Estado sobre a educação. As desigualdades e iniquidades nunca foram tão evidentes. Na realidade, acabaram sendo escancaradas. O confiname…",https://www25.senado.leg.br/web/atividade/pronunciamentos/-/p/texto/479156,,
Q04-482924,Q04,Educação,"Qual discurso abordou a história da educação brasileira desde 1930, o futuro do Fundeb e a importância de diretores e professores?",482924,Dário Berger,2021-09-03,MDB,SC,"Sessão de Debates Temáticos destinada à análise do Projeto de Lei Complementar nº 235, de 2019, que institui o Sistema Nacional de Educação.","…gionário, Senador e ex-Ministro Marcelo Castro, Srs. Senadores, Sras. Senadoras, senhores. convidados, eu quero inicialmente cumprimentar o Senador Flávio Arns, autor do Projeto de Lei Complementar nº 235, de 2019, que institui o Sistema Nacional de Educação. Quero cumprimentar também o Senador Marcelo Castro, Presidente da Comissão de Educação, Cultura e Esporte do Senado Federal, que nos honra ao presidir esta importante sessão de debates temáticos, Comissão esta que tive o prazer e a honra de presidir também. Quero também cumprimentar e agradecer a presença de todos os nossos convidados de hoje, que, com certeza, trarão ao relevo ainda mais elevado de um tema tão importante para o Brasil e que, certamente, engrandecerão a nossa sessão. Sr. Presidente, Srs. Senadores, senhores convidados, em toda a minha carreira política sempre tive a convicção de que a educação precisa ser prioridade a qualquer tempo. Hoje é um daqueles dias que ficarão marcados na história do Senado Federal, sobretudo na história da educação brasileira. Quando assumi, em 2019, a Presidência da Comissão de Educação, Cultura e Esporte do Senado Federal, tive como meta a discussão e aprovação de dois temas import…",https://www25.senado.leg.br/web/atividade/pronunciamentos/-/p/texto/482924,,
Q04-482928,Q04,Educação,"Qual discurso abordou a história da educação brasileira desde 1930, o futuro do Fundeb e a importância de diretores e professores?",482928,LUCAS FERNANDES HOOGERBRUGGE,2021-09-03,,,"Sessão de Debates Temáticos destinada à análise do Projeto de Lei Complementar nº 235, de 2019, que institui o Sistema Nacional de Educação.","…de prazer estar aqui com vocês. Queria cumprimentar especialmente o Senador Dário Berger e o Senador Flávio Arns, que têm trabalhado nessa matéria há muito tempo, mas também o Senador Izalci, o Senador Confúcio, enfim, todo mundo que tem lutado pela educação, pela educação pública, há um bom tempo, e que tem feito um ótimo trabalho no Senado, na sociedade civil e nos Governos. Acho que a introdução do Senador Dário Berger já foi muito importante para dar um panorama geral do Sistema Nacional de Educação, que eu iria explicar um pouco, mas eu queria reforçar alguns pontos, especialmente para dizer que eu acho que a gente está no caminho correto, Senador. O Yuri, do seu gabinete, tem feito um trabalho excelente. Quero parabenizá-lo pela montagem da equipe, que tem feito um trabalho de diálogo, de consulta, de escuta, muito importante, de articulação com os outros mandatos, com os outros gabinetes e Senadores. E a gente discute, na prática, o Sistema Nacional de Educação, daqui a pouco, há quase cem anos, estamos falando de 1930, e já àquela época tínhamos uma série de educadores e educadoras que traziam a importância do sistema, a importância de a gente ter uma coordenação federativa…",https://www25.senado.leg.br/web/atividade/pronunciamentos/-/p/texto/482928,,
Q04-482940,Q04,Educação,"Qual discurso abordou a história da educação brasileira desde 1930, o futuro do Fundeb e a importância de diretores e professores?",482940,Dário Berger,2021-09-03,MDB,SC,"Sessão de Debates Temáticos destinada à análise do Projeto de Lei Complementar nº 235, de 2019, que institui o Sistema Nacional de Educação.","… Marcelo Castro. Eu quero, evidentemente, agradecer, mas, antes de agradecer, eu quero mencionar o que já foi mencionado e que todos nós sabemos, mas que nunca é demais enaltecer: o setor educacional é estratégico para o desenvolvimento do Brasil. A educação pública exerce um papel fundamental para o futuro do País e está sofrendo gravemente, pela forma como nós estamos vivendo hoje, com as consequências desta pandemia. O Sistema Nacional de Educação, do qual sou Relator, com muito orgulho e com muita honra, trará importantes avanços para a educação pública do País, ampliando os investimentos e aumentando, certamente, a qualidade do ensino público no País. É impressionante a importância da educação brasileira no Brasil. Se não, vejamos, Sr. Presidente, Srs. Senadores e senhores convidados: no Brasil, nós temos, hoje, cerca de 184 mil escolas, sendo que 78% delas são da rede pública. Temos 48 milhões de matrículas, sendo 82% delas da rede pública. São dados extremamente importantes. Somos 2,5 milhões de professores, sendo que 77% deles da rede pública. E um dos grandes problemas, um dos maiores problemas, dos tantos problemas que nós ainda temos na educação, que foi mencionado aqui,…",https://www25.senado.leg.br/web/atividade/pronunciamentos/-/p/texto/482940,,
Q04-484635,Q04,Educação,"Qual discurso abordou a história da educação brasileira desde 1930, o futuro do Fundeb e a importância de diretores e professores?",484635,Izalci Lucas,2021-10-21,PSDB,DF,"Convite aos Senadores para a Sessão Especial em homenagem ao Dia do Professor, a ser realizada em 22 de outubro.","…MOS/PSDB/PSL/PSDB - DF. Pela ordem.) – Presidente, primeiro, só para convidar todos – amanhã, haverá uma sessão solene do Dia do Professor –, mas eu queria reforçar o apelo que foi feito pelo Senador Berger, um pedido não só da Frente Parlamentar da Educação, mas também, ontem, eu conversei com o Todos pela Educação para a gente realmente pautar o Sistema Nacional de Educação, que é importante, e também o projeto da Deputada Professora Dorinha, e tem aqui também o projeto do Senador Heinze, mas a Deputada Professora Dorinha já aprovou também na Câmara, sobre a questão da definição do profissional da educação do Fundeb, porque há uma interpretação que ainda dá margem à questão da aplicação dos recursos do Fundeb. Então, esses projetos, tanto o do Senador Heinze quanto o da Deputada Professora Dorinha, que é mais amplo, definem claramente quem são os profissionais da educação que podem estar contemplados nos 70% aprovados do Fundeb. Sei que há reunião de Líderes, e nós vamos discutir isso, mas, se V. Exa. puder priorizar essa questão... Porque muitos Prefeitos podem, agora, responder por estar aplicando de uma forma equivocada os recursos da educação. Era isso, Presidente. Muito obri…",https://www25.senado.leg.br/web/atividade/pronunciamentos/-/p/texto/484635,,
Q04-486356,Q04,Educação,"Qual discurso abordou a história da educação brasileira desde 1930, o futuro do Fundeb e a importância de diretores e professores?",486356,Dário Berger,2021-12-15,MDB,SC,"Como Relator - Para proferir parecer sobre o Projeto de Lei (PL) n° 3418, de 2021, que ""Altera a Lei nº 14.113, de 25 de dezembro de 2020, que regulamenta o Fundo de Manutenção e Desenvolvimento da Educação Básica e de Valorização dos Profissionais da Educação (Fundeb)"".","O SR. DÁRIO BERGER (Bloco Parlamentar Unidos pelo Brasil/MDB - SC. Para proferir parecer.) – Sr. Presidente, Srs. Senadores, Sras. Senadoras, eu relato hoje o Projeto de Lei nº 3.418, de 2021, de autoria da Deputada Dorinha, que atualiza a Lei do Fundeb, ou seja, a Lei 14.113, de 2020, aprovada pelo Congresso Nacional recentemente e sancionada em dezembro de 2020. A Lei do Fundeb previa que, até o dia 30 de outubro de 2021, seriam apresentados estudos para atualização dos rateios dos recursos do Fundeb. Esses recursos, Srs. Senadores, Sras. Senadoras, não foram concluídos, razão pela qual se faz necessária a sua prorrogação. E o PL 3.418, de 2021, prorroga, então, para 2023, a definição dos novos rateios dos recursos do Fundeb. Portanto, é um tema simples, singelo, não há divergência, não há dúvida, é pacífico. Só está se prorrogando o prazo em função de que o Governo Federal não concluiu os estudos dos rateios para serem implementados nesse período próprio. Em segundo lugar, Sr. Presidente, o texto original do Fundeb estabelecia que apenas professores e coordenadores pedagógicos fariam parte do rol da categoria de educadores contemplados com a vinculação dos recursos destinados à …",https://www25.senado.leg.br/web/atividade/pronunciamentos/-/p/texto/486356,,
Q04-488977,Q04,Educação,"Qual discurso abordou a história da educação brasileira desde 1930, o futuro do Fundeb e a importância de diretores e professores?",488977,Nelsinho Trad,2022-03-16,PSD,MS,"Discussão sobre o Projeto de Lei (PL) n° 556, de 2022, que ""Altera a Lei nº 14.113, de 25 de dezembro de 2020, para dispor sobre a utilização dos recursos extraordinários recebidos pelos Estados, pelo Distrito Federal e pelos Municípios em decorrência de decisões judiciais relativas ao cálculo do valor anual por aluno para a distribuição dos recursos oriundos dos fundos e da complementação da União ao Fundo de Manutenção e Desenvolvimento do Ensino Fundamental e de Valorização do Magistério (Fundef), previstos na Lei nº 9.424, de 24 de dezembro de 1996, ao Fundo de Manutenção e Desenvolvimento da Educação Básica e de Valorização dos Profissionais da Educação (Fundeb) 2007-2020 e ao Fundo de Manutenção e Desenvolvimento da Educação Básica e de Valorização dos Profissionais da Educação (Fundeb) permanente"".","O SR. NELSINHO TRAD (Bloco Parlamentar PSD/Republicanos/PSD - MS. Para discutir.) – Gostaria de parabenizar o Senador Rodrigo Cunha pela relatoria brilhante em um assunto tão importante para a educação do nosso país. A questão do recurso do Fundeb é essencial para o desenvolvimento da educação, visando o investimento na qualificação dos servidores da educação, em especial dos professores, para cada vez mais proporcionar uma educação de alto nível na área pública. Parabéns a V. Exa. Aproveito a oportunidade, Presidente Rodrigo Pacheco, já para encaminhar o voto favorável do PSD.",https://www25.senado.leg.br/web/atividade/pronunciamentos/-/p/texto/488977,,
Q04-489605,Q04,Educação,"Qual discurso abordou a história da educação brasileira desde 1930, o futuro do Fundeb e a importância de diretores e professores?",489605,Confúcio Moura,2022-03-29,MDB,RO,Apelo aos Prefeitos e Governadores sobre a conscientização da importância da educação para o desenvolvimento econômico e social do País.,"O SR. CONFÚCIO MOURA (Bloco Parlamentar Unidos pelo Brasil/MDB - RO. Para discursar. Por videoconferência.) – Sr. Presidente, Senadores e Senadoras, uma boa tarde a todos! Sr. Presidente, eu vou falar da educação. Nós estamos vendo aí a situação do Ministério da Educação, a rotatividade já com praticamente cinco ministros, e a gente fica pensando o que falar e falar para quem, não é? Falar só por falar; falar de educação de qualidade só como um desabafo; falar de educação somente para registrar a nossa presença aqui no Plenário, abordando esse tema tão importante? Mas a quem falar para que, de fato, a educação consiga ser reconstruída, o que era para ter sido feito antes da pandemia e, agora depois da pandemia, com imensa dificuldade? Eu só vejo, Sr. Presidente, que essas palavras minhas hoje são direcionadas aos 5.570 Prefeitos e aos Governadores. Mas como podemos convencer os 5.570 Prefeitos brasileiros de que a educação é a mola propulsora, o vetor do desenvolvimento econômico e social do nosso povo no presente e no futuro? Como fazer esse convencimento, se cada um está bem longe um do outro e cada um tem o seu conhecimento de educação? Muitos Prefeitos não devotam nenhum apreço…",https://www25.senado.leg.br/web/atividade/pronunciamentos/-/p/texto/489605,,
Q04-491834,Q04,Educação,"Qual discurso abordou a história da educação brasileira desde 1930, o futuro do Fundeb e a importância de diretores e professores?",491834,Marcelo Castro,2022-06-13,MDB,PI,"Encaminhamento sobre o destaque para votação em separado constante do Requerimento nº 464, de 2022 (destaque da Emenda nº 55-PLEN), ao Projeto de Lei Complementar (PLP) n° 18, de 2022, que ""Altera a Lei nº 5.172, de 25 de outubro de 1966 (Código Tributário Nacional), e a Lei Complementar nº 87, de 13 de setembro de 1996 (Lei Kandir), para considerar bens e serviços essenciais os relativos aos combustíveis, à energia elétrica, às comunicações e ao transporte coletivo, e as Leis Complementares nºs 192, de 11 de março de 2022, e 159, de 19 de maio de 2017"".","O SR. MARCELO CASTRO (Bloco Parlamentar Unidos pelo Brasil/MDB - PI. Para encaminhar.) – Sem dúvida, Sr. Presidente. Essa emenda do Senador Eduardo Braga faz com que a União compense os estados e os municípios pela perda do Fundeb. Sr. Presidente, esta é uma matéria muito importante, para a qual eu peço a atenção dos Srs. Senadores. Nós estamos tratando daquilo que é mais importante e sagrado para uma sociedade, que é a educação. Sessenta por cento da composição do Fundeb vêm do ICMS. De tudo que é arrecadado com o ICMS, 20% vão para o Fundeb, e, aí, com essa queda do ICMS, vai se comprometer o Fundeb. O cálculo que o Todos pela Educação faz é de que o Fundeb vai perder em torno de R$20 bilhões. O Senador Fernando Bezerra acatou em parte a emenda do Senador Eduardo Braga, só que para viger apenas neste ano. Senador Fernando Bezerra, o Brasil não acaba no dia 31 de dezembro não. Dia 1° de janeiro... Os anos de 2023, 2024, 2025 vão continuar existindo. E, evidentemente, para esses anos futuros, não está aqui incluída, na emenda que V. Exa. acatou, essa defesa do Fundeb. Eu peço a todos essa reflexão. Nós estamos tratando aqui da coisa mais importante que pode ter uma nação para o seu…",https://www25.senado.leg.br/web/atividade/pronunciamentos/-/p/texto/491834,,
Q04-491854,Q04,Educação,"Qual discurso abordou a história da educação brasileira desde 1930, o futuro do Fundeb e a importância de diretores e professores?",491854,Flávio Bolsonaro,2022-06-13,PL,RJ,"Orientação à bancada, pelo Partido PL, sobre o destaque para votação em separado constante do Requerimento nº 464, de 2022 (destaque da Emenda nº 55-PLEN), ao Projeto de Lei Complementar (PLP) n° 18, de 2022, que ""Altera a Lei nº 5.172, de 25 de outubro de 1966 (Código Tributário Nacional), e a Lei Complementar nº 87, de 13 de setembro de 1996 (Lei Kandir), para considerar bens e serviços essenciais os relativos aos combustíveis, à energia elétrica, às comunicações e ao transporte coletivo, e as Leis Complementares nºs 192, de 11 de março de 2022, e 159, de 19 de maio de 2017"".","O SR. FLÁVIO BOLSONARO (Bloco Parlamentar Vanguarda/PL - RJ. Para orientar a bancada.) – Sr. Presidente, o Governo orienta ""não"" ao destaque, só lembrando que o Governo, que está sendo acusado de não ligar para a educação, foi o que deu o maior reajuste da história do Fundeb aos professores: 33%. Obviamente, como já dito aqui pelo Relator, o gatilho está preparado para ser utilizado caso haja alguma ameaça às fontes de recursos que sustentam o Fundeb. Então, com toda a tranquilidade, sabendo que estamos, como sempre, defendendo a educação pública no país, o voto é ""não"".",https://www25.senado.leg.br/web/atividade/pronunciamentos/-/p/texto/491854,,
Q04-493989,Q04,Educação,"Qual discurso abordou a história da educação brasileira desde 1930, o futuro do Fundeb e a importância de diretores e professores?",493989,DÉBORA CASTRO BRAGA SAMUEL ALBERNAZ,2022-10-21,,,Sessão Especial destinada a comemorar o Dia do Professor.,"… SRA. DÉBORA CASTRO BRAGA SAMUEL ALBERNAZ (Para discursar.) – Boa tarde! Quero começar a minha fala cumprimentando todos os presentes, Srs. Senadores, Deputados e demais autoridades. Eu gostaria de fazer um cumprimento especial para as professoras e professores. O meu nome é Débora, tenho nove anos e sou estudante da Escola Classe 403 Norte, que faz parte da rede de ensino pública do DF. Falo em nome das crianças que têm a vida impactada pelas ações de professores e professoras. Todos que trabalham aqui nesta Casa, independentemente da função que ocupam, passaram pelas mãos de professoras e professoras. Sabemos que são muitas as dificuldades enfrentadas por esses profissionais que nos ajudam a realizar nossos sonhos e a viver mais plenamente nossa cidadania. Mesmo assim, eles não medem esforços na construção de uma escola pública de qualidade. São capazes de enxergar nossas individualidades nos ajudando a construir nosso futuro. Então, quero agradecer publicamente às professoras e aos professores e pedir para que os senhores que fazem as leis reconheçam o valor do professor e lutem por melhores condições no desempenho dessa profissão tão importante. Obrigada.",https://www25.senado.leg.br/web/atividade/pronunciamentos/-/p/texto/493989,,
Q04-493990,Q04,Educação,"Qual discurso abordou a história da educação brasileira desde 1930, o futuro do Fundeb e a importância de diretores e professores?",493990,Confúcio Moura,2022-10-21,MDB,RO,Sessão Especial destinada a comemorar o Dia do Professor.,"O SR. CONFÚCIO MOURA (Bloco Parlamentar Unidos pelo Brasil/MDB - RO. Para discursar. Por videoconferência.) – Sr. Presidente, Sr. Ministro da Educação, Sr. Ilustre Secretário de Educação do Distrito Federal, diretores de escola, toda a equipe do Ministério da Educação presente, Dr. Marcelo, Diretor Presidente do FNDE, enfim, todos os professores brasileiros; uma referência muito especial aos professores do estado que represento aqui que é o Estado de Rondônia, com destaque para a cidade onde eu moro no Estado de Rondônia chamada Ariquemes, é uma satisfação participar desta sessão temática em homenagem ao Dia do Professor e aos professores brasileiros. Eu fiquei pensando aqui, no transcorrer desta sessão, o que eu poderia falar de importante. Eu tenho visto alguns noticiários e alguns artigos de jornais que apregoam um verdadeiro apagão de professores para os próximos anos: muitos professores já em idade avançada, outros no ponto de aposentadoria e outros professores demissionários. Certo é que há essa premonição de um verdadeiro apagão de professores no Brasil. Quais são as causas desse provável apagão de professores? É justamente a desvalorização da categoria, a necessidade premen…",https://www25.senado.leg.br/web/atividade/pronunciamentos/-/p/texto/493990,,
Q04-493993,Q04,Educação,"Qual discurso abordou a história da educação brasileira desde 1930, o futuro do Fundeb e a importância de diretores e professores?",493993,VICTOR GODOY VEIGA,2022-10-21,,,Sessão Especial destinada a comemorar o Dia do Professor.,"O SR. VICTOR GODOY VEIGA (Para discursar.) – Boa tarde a todos os presentes! Quero, primeiro, Senador, parabenizá-lo por esta sessão especial que visa a homenagear os professores do nosso país, que são os que representam a maior esperança de transformação do futuro da nossa nação. O senhor, que é um trabalhador, um profundo conhecedor da educação brasileira, e que é um trabalhador nesta Casa pela melhoria da qualidade da educação pública, tem o meu respeito, minha admiração, e desde agora deixo claro nosso compromisso no Ministério da Educação de trabalhar conjuntamente com esta Casa para que possamos resgatar essa valorização dos professores de que tanto falamos. O Ministério da Educação tem trabalhado com esse objetivo com várias iniciativas que eu quero aqui destacar. Quero cumprimentar também a Secretária de Estado de Educação do GDF, que é nossa parceira, a Hélvia Paranaguá; cumprimentar a Diretora do Centro de Ensino Especial 01 do Guará, Diretora Gicileide Ferreira de Oliveira, a quem agradeço pelas palavras; a Sra. Cristina Del'Isola, a quem quero deixar aqui minha homenagem a seu marido, Prof. Marco Antônio, essa linda homenagem que foi feita; a advogada e ex-aluna do Colé…",https://www25.senado.leg.br/web/atividade/pronunciamentos/-/p/texto/493993,,
Q05-483674,Q05,Economia e combustíveis,Qual pronunciamento relacionou o endividamento das famílias ao aumento do preço dos combustíveis anunciado pela Petrobras?,483674,Oriovisto Guimarães,2021-09-29,PODEMOS,PR,Preocupação com a valorização do dólar em relação à moeda brasileira. Crítica à alta porcentagem de impostos estaduais e federais que incidem sobre o preço dos combustíveis e à política de indexação do dólar ao preço dos combustíveis.,"…R$5 mil, R$26 mil, R$7 mil, quem ganha muito mais que uma empregada doméstica não consegue mais ir para a Disneylândia, mas o pior, Sr. Presidente, é que não é preciso ir para a Disneylândia para ganhar em reais e ter que pagar em dólar. Nós pagamos combustíveis, um insumo vital para a nossa economia, em dólar, em dólar. O preço é fixo em dólar. A Petrobras mantém esse padrão internacional de preço em dólar, e, automaticamente, os impostos federais e estaduais que incidem sobre o preço básico do combustível são também em dólar. São 25% ou 29% do preço básico. Ora, se o preço básico é em dólar, o imposto é em dólar. Nós estamos recebendo em reais e pagando combustíveis e impostos, ICMS, PIS/Pasep, Cide, impostos federais também... O Presidente Bolsonaro, às vezes, diz que tirou todos os impostos federais. Não tirou, ainda tem Cide, ainda tem PIS/Pasep, ainda tem Cofins. Isso representa 15% ainda do preço do combustível. O ICMS representa 29%. E tudo isso é em dólar. Então, esse é um Governo muito estranho. É um Governo que cobra seus impostos numa moeda que não é a sua. Isso precisa acabar. Nós, às vezes, escutamos discursos aqui, Senador Paulo Paim, de que a Petrobras é nossa e que…",https://www25.senado.leg.br/web/atividade/pronunciamentos/-/p/texto/483674,,
Q05-483891,Q05,Economia e combustíveis,Qual pronunciamento relacionou o endividamento das famílias ao aumento do preço dos combustíveis anunciado pela Petrobras?,483891,Oriovisto Guimarães,2021-09-30,PODEMOS,PR,Considerações sobre o impacto da inflação na economia brasileira.,"…o seguinte: a grande parte da despesa do Governo é congelada, não aumenta. Por exemplo, a folha de pagamento do funcionalismo só é reajustada uma vez por ano. Então, eu fico 12 meses pagando o mesmo valor para o trabalhador e, todo dia, aumentando o preço, está aumentando a minha receita. Então, eu tenho grande parte da despesa congelada e tenho uma receita que todo dia é corrigida. E nós estamos chegando de novo a uma inflação de dois dígitos, a 10%. Na Europa, nos países da Europa, na Alemanha e em tantos outros, quando se fala numa inflação de 4%, é perigoso o governo cair. Eles trabalham com 2%, porque a inflação é o pior de todos os impostos. E eu ligo a fala do Senador Paim, sobre as pessoas passando fome, pegando o caminhão de osso, com essa questão da inflação, porque quem paga, quem paga, quem dá dinheiro para esse superávit do Governo são os assalariados! Lucram as empresas que empregam muita mão de obra e lucra o Governo. O Governo é o que mais lucra, porque as empresas também acabam tendo dificuldade para colocar seus produtos. O Governo não, o Governo só lucra. Então, Sr. Presidente, nós precisamos, com muita urgência, discutir melhor e entender esses mecanismos da eco…",https://www25.senado.leg.br/web/atividade/pronunciamentos/-/p/texto/483891,,
Q05-484724,Q05,Economia e combustíveis,Qual pronunciamento relacionou o endividamento das famílias ao aumento do preço dos combustíveis anunciado pela Petrobras?,484724,Alvaro Dias,2021-10-26,PODEMOS,PR,"Considerações sobre o aumento do preço dos combustíveis no País. Posicionamento contrário ao Projeto de Lei Complementar nº 11, de 2020, que altera as regras de cálculo de cobrança do ICMS que incide sobre os combustíveis, em prejuízo aos Estados.","O SR. ALVARO DIAS (Bloco Parlamentar PODEMOS/PSDB/PSL/PODEMOS - PR. Para discursar.) – Sr. Presidente, Sras. e Srs. Senadores, esse tema nos impõe respeito porque é uma das razões das dificuldades maiores da nossa população. Refiro-me ao preço dos combustíveis no País, que certamente são impulsionadores da inflação que começa a galopar de forma preocupante e dramática. Portanto, não se trata de vir à tribuna para crítica; trata-se de buscar caminhos para minimizar o drama que a população vive. Lembro-me, Presidente, de que, em 2018, fui a Minas Gerais, o seu Estado, na cidade de Betim, quando os caminhoneiros paralisavam o País, num movimento paredista de proporções gigantescas, talvez nunca o País tenha sofrido tanto como sofreu com aquela paralisação. Fomos conversar com os caminhoneiros e fomos, também, na refinaria da Petrobras, conversar com os petroleiros, e eles informaram: ""As nossas refinarias trabalham com apenas 50% da sua capacidade operacional. O petróleo aqui explorado, com o custo em real, é remetido para o exterior, para as refinarias no exterior, e o combustível volta, e o preço é dólar"". Isto impulsiona o preço do combustível no nosso País: da gasolina, do óleo di…",https://www25.senado.leg.br/web/atividade/pronunciamentos/-/p/texto/484724,,
Q05-486415,Q05,Economia e combustíveis,Qual pronunciamento relacionou o endividamento das famílias ao aumento do preço dos combustíveis anunciado pela Petrobras?,486415,Rogério Carvalho,2021-12-16,PT,SE,"Observação sobre a suposta perda de relevância da Petrobras no mercado internacional de petróleo, gás e combustíveis em geral. Preocupação com o alto custo de combustíveis no Brasil, o que impacta diretamente nas taxas de inflação e juros, enquanto a Petrobras distribui dividendos bilionários aos seus acionistas privados. Defesa da aprovação do Projeto de Lei nº 1472, de 2021, de autoria de S. Exa., que dispõe sobre diretrizes de preços para diesel, gasolina e gás liquefeito de petróleo.","…a discursar.) – Sr. Presidente, muito obrigado por esta oportunidade. Eu queria chamar a atenção dos colegas Senadores e das colegas Senadoras para uma nota, divulgada no dia 15 ou divulgada hoje, sobre a redução de 3,13% na gasolina, anunciada pela Petrobras, a partir de ontem: ""[...] o Sindicombustíveis Bahia informa que a Acelen, empresa que assumiu a gestão da Refinaria Mataripe, antiga Refinaria Landulpho Alves [...], em comunicado às distribuidoras de combustíveis, afirmou que não vai praticar a redução"". Eu queria chamar a atenção de todos, porque nós estamos vendo, aos poucos, a maior empresa do Brasil, aquela que já foi a quarta empresa do mundo, uma das maiores petrolíferas do mundo, sendo reduzida à condição de uma empresa regional, uma empresa cada vez menos relevante no mercado de petróleo, gás e combustíveis de uma maneira geral. Enquanto isso, enquanto as refinarias vendidas pela Petrobras para a iniciativa privada não estão seguindo a orientação da Petrobras em relação a preços praticados por elas – portanto, o preço da gasolina não vai recuar –, nós estamos vendo a Petrobras organizar a venda da Braskem, de 100% das ações da Braskem. Além disso, neste momento, estã…",https://www25.senado.leg.br/web/atividade/pronunciamentos/-/p/texto/486415,,
Q05-488341,Q05,Economia e combustíveis,Qual pronunciamento relacionou o endividamento das famílias ao aumento do preço dos combustíveis anunciado pela Petrobras?,488341,Carlos Fávaro,2022-02-15,PSD,MT,Congratulações ao Presidente Rodrigo Pacheco pelo relatório apresentado dos trabalhos executados pelo Senado Federal em 2021. Cumprimentos às Senadoras Simone Tebet e Eliziane Gama pelo trabalho em benefício dos direitos e das necessidades das mulheres. Destaque para a importância de o Senado Federal manter-se atento às demandas consequentes da pandemia de Covid-19 no País.,"…elevantes que a população brasileira tem hoje. Sem sombra de dúvida, é continuar atento a esta pandemia que vive uma terceira onda e as respostas podem e devem ser aprimoradas na necessidade da população brasileira. O outro assunto é no que tange ao aumento desenfreado dos combustíveis neste país. Esta Casa tinha de estar debatendo projetos de lei, o PLP 11, o Projeto de Lei nº 1.472, de relatoria do Senador Jean Paul Prates, de fundamental relevância, debater e dar respostas que a população brasileira precisa para dar estabilidade ao preço dos combustíveis. Mas, Sr. Presidente, não seremos leves no aprofundamento, não vamos ser café com leite... (Soa a campainha.) O SR. CARLOS FÁVARO (PSD - MT) – ... ao tratar deste assunto. O Senado Federal quer aprofundar nos debates, e o café com leite, um alimento de que gosto muito, é alimento, mas não é remédio. O aprofundamento deste debate muitas vezes será necessário por PEC, e aqui não quero dizer só a PEC que propus e teve a assinatura de mais de 30 colegas Senadores e Senadoras. Temos PEC também do Senador Eduardo Braga, temos PEC também tramitando na Câmara dos Deputados, mas remédio se dá através de PEC. Não podemos ficar sem o aprof…",https://www25.senado.leg.br/web/atividade/pronunciamentos/-/p/texto/488341,,
Q05-488425,Q05,Economia e combustíveis,Qual pronunciamento relacionou o endividamento das famílias ao aumento do preço dos combustíveis anunciado pela Petrobras?,488425,Oriovisto Guimarães,2022-02-16,PODEMOS,PR,"Considerações acerca de projetos que tratam sobre a estabilização do preço dos combustíveis, o Projeto de Lei nº 1472, de 2021, que cria um fundo para a estabilização dos preços de derivados de petróleo, e o Projeto de Lei Complementar nº 11, de 2020, que estipula cobrança única do ICMS sobre combustíveis. Apelo ao Presidente do Senado para que o relator apresente modificações ao projeto pelo menos dois dias úteis antes de ele ser apreciado pelo Plenário.","…ntar PODEMOS/PSDB/PSL/PODEMOS - PR. Para discursar. Por videoconferência.) – Sr. Presidente, eu aguardei até agora para fazer um apelo. O apelo é o seguinte. Nós tínhamos para hoje dois projetos importantíssimos a respeito de petróleo, a respeito de preço de combustíveis. Eu estudei detalhadamente esses dois projetos, e tinha inclusive algumas emendas a oferecer. Eu e meu partido queremos muito que tudo que puder ser feito, dentro da boa técnica legislativa, respeitando as leis da economia, seja feito para estabilizar o preço dos combustíveis ou, se possível, abaixar o preço dos combustíveis. Queremos colaborar com isso. Só que está acontecendo uma coisa, Sr. Presidente, terrível. Ontem à noite, o projeto simplesmente mudou completamente. O Senador Jean Paul Prates apresentou outro projeto diferente daquele que eu estava trabalhando já há dias. Então o que eu queria pedir a V. Exa. é que um assunto complexo como esse só seja pautado novamente pelo menos dois dias úteis após a última modificação do projeto pelo relator, para que tenhamos tempo útil de analisar, estudar e contribuir com emendas. Então fica o meu pedido, Sr. Presidente. Não dá para mudar, na noite anterior à que vai s…",https://www25.senado.leg.br/web/atividade/pronunciamentos/-/p/texto/488425,,
Q05-488579,Q05,Economia e combustíveis,Qual pronunciamento relacionou o endividamento das famílias ao aumento do preço dos combustíveis anunciado pela Petrobras?,488579,Omar Aziz,2022-02-23,PSD,AM,Crítica à Petrobras pela manutenção dos preços dos combustíveis diante da redução do valor do dólar.,"…ntares têm vontade de acertar e a vontade de querer melhorar; é tanto o projeto do Senador Jean Paul, como o comportamento de todos os Senadores aqui... Mas o que me chama a atenção, Sr. Presidente, é que, no ano passado, a cada subida do dólar, era anunciado pela Petrobras o aumento do combustível. Nós chegamos a 5,80; hoje, nós estamos abaixo de 5 o dólar. E você não vê a Petrobras anunciar a redução do preço do combustível. V. Exa., que será o futuro Presidente do Brasil... E eu não estou brincando, não. Tenho certeza de que V. Exa. terá uma performance como candidato a Presidente muito boa, até pelo seu comportamento, pela sua forma, irá contribuir para o debate democrático neste país. A sua presença como candidato vai melhorar em muito o debate democrático. Eu quero dizer – se Deus lhe der a oportunidade –, que nós não podemos é virar a cultura que nós temos hoje, em que se reduz o dólar mas não se reduz na ponta o preço do combustível. Então, veja bem: essa discussão, o Ministro de Minas e Energia, por quem eu tenho respeito muito grande, poderia ligar para o Presidente da Petrobras e perguntar: ""Vem cá, General gente boa, por que é que baixou o preço, o dólar caiu e o senhor…",https://www25.senado.leg.br/web/atividade/pronunciamentos/-/p/texto/488579,,
Q05-488596,Q05,Economia e combustíveis,Qual pronunciamento relacionou o endividamento das famílias ao aumento do preço dos combustíveis anunciado pela Petrobras?,488596,Zenaide Maia,2022-02-23,PROS,RN,"Discussão sobre o Projeto de Lei Complementar (PLP) n° 11, de 2020, que ""Altera a Lei Complementar nº 87, de 13 de setembro de 1996 (Lei Kandir), para dispor sobre substituição tributária do Imposto sobre Operações relativas à Circulação de Mercadorias e sobre Prestações de Serviços de Transporte Interestadual e Intermunicipal e de Comunicação (ICMS) nas operações com combustíveis"".","…s que tivessem interesse no campo do petróleo. Imposto de Renda, PIS/Cofins e Imposto de Importação. Então, nós estamos nesse impasse. Tenho que parabenizar Jean Paul, Rogério Carvalho e o Deputado Emanuel Pinheiro. A população está assustada com os preços dos combustíveis. E a gente sabe que, com essa política de preços de combustíveis, se não houver essa, se não se amenizar isso aí, como é a proposta de Jean Paul... O Governo jogou no colo do Congresso, ele criou essa política, que é uma excrescência. Sendo produtor de petróleo, a gente produz mais petróleo do que usa! Bota nossas refinarias para trabalhar numa capacidade de 60% no mínimo e importa os combustíveis. Importa esses combustíveis e esse povo que traz os combustíveis, é justamente o que você estava mostrando, é isso aí. O Imposto de Importação eles não pagam e por 25 anos, gente! A lei 13.586, um impacto grande. Então, o Senado não podia ficar parado. De repente, Rogério – e esse que a gente está discutindo é do Deputado Emanuel Pinheiro – e Jean, a gente tinha que fazer alguma coisa, tinha que fazer alguma coisa. E está aí Jean tentando amenizar. Eu vi aqui o Líder do Governo, Senador Carlos Viana, por quem eu tenho u…",https://www25.senado.leg.br/web/atividade/pronunciamentos/-/p/texto/488596,,
Q05-488599,Q05,Economia e combustíveis,Qual pronunciamento relacionou o endividamento das famílias ao aumento do preço dos combustíveis anunciado pela Petrobras?,488599,Rogério Carvalho,2022-02-23,PT,SE,"Discussão sobre o Projeto de Lei Complementar (PLP) n° 11, de 2020, que ""Altera a Lei Complementar nº 87, de 13 de setembro de 1996 (Lei Kandir), para dispor sobre substituição tributária do Imposto sobre Operações relativas à Circulação de Mercadorias e sobre Prestações de Serviços de Transporte Interestadual e Intermunicipal e de Comunicação (ICMS) nas operações com combustíveis"".","…to Alencar de pautar esse tema na CAE e a do Presidente Rodrigo Pacheco, esse debate não estaria acontecendo neste momento com a amplitude que esse tema tem. Também quero colocar os riscos a que nós estamos submetidos com uma política de paridade de preços de importação que o Brasil vem adotando. Para além das questões de organização, que é preciso haver, ou de uma política de estabilização de preços, nós, o Senado Federal, o Senado da República precisa pensar no impacto que esta política de paridade de preços de importação para os derivados de combustíveis tem causado na macroeconomia. Nós estamos diante de um pico inflacionário mesmo em um período de depressão econômica, o que reflete que essa política interfere diretamente na inflação. Essa inflação aumenta a taxa de juros, e a gente viu a consequência disso que foram 10,59% de inflação em 2021, mais aumentos significativos, voltando o Brasil a ter uma das maiores taxas de juros reais do mundo. Mesmo no período de recessão, de redução da atividade econômica ou de possível retomada, isso aconteceu, e o preço dos derivados de petróleo e essa política são os principais elementos. Quero aqui lembrar que, durante pelo menos três déca…",https://www25.senado.leg.br/web/atividade/pronunciamentos/-/p/texto/488599,,
Q05-489041,Q05,Economia e combustíveis,Qual pronunciamento relacionou o endividamento das famílias ao aumento do preço dos combustíveis anunciado pela Petrobras?,489041,Eduardo Braga,2022-03-10,MDB,AM,Registro da notícia do anúncio pela Petrobras do aumento ne preço dos combustíveis.,"O SR. EDUARDO BRAGA (Bloco Parlamentar Unidos pelo Brasil/MDB - AM. Pela ordem.) – Sr. Presidente, permita-me apenas um minuto. Eu acabo de receber, Senador Líder Eduardo Gomes, uma notícia que me preocupa muito: ""Petrobras reajusta gasolina em 18,77%, e preço dobra em pouco mais de um ano. Diesel sobe 24,9%"". Eu espero, Líder Eduardo Gomes, que, diante de tudo o que falamos aqui ainda há pouco e do esforço de entendimento que estamos fazendo, que o Governo possa agir, porque ainda ontem nós mencionávamos, Presidente, que era preciso que a Petrobras aguardasse a votação que aconteceria no dia de hoje. Eu estou aqui com as manchetes dos veículos de comunicação dando conta da decisão a partir desta sexta-feira, a partir de amanhã, e nós vamos votar hoje na Câmara e no Senado o PLP 11.",https://www25.senado.leg.br/web/atividade/pronunciamentos/-/p/texto/489041,,
Q05-489071,Q05,Economia e combustíveis,Qual pronunciamento relacionou o endividamento das famílias ao aumento do preço dos combustíveis anunciado pela Petrobras?,489071,Rodrigo Pacheco,2022-03-10,PSD,MG,"Resposta à solicitação do Senador Oriovisto Guimarães de adiamento da votação do Projeto de Lei Complementar (PLP) n° 11, de 2020, que dispõe acerca da incidência do Imposto sobre Operações relativas à Circulação de Mercadorias e sobre Prestações de Serviços de Transporte Interestadual e Intermunicipal e de Comunicação (ICMS) nas operações com combustíveis; e do Projeto de Lei (PL) n° 1472, de 2021, que dispõe sobre diretrizes de preços para diesel, gasolina e gás liquefeito de petróleo – GLP, cria Fundo de Estabilização dos preços de combustíveis e institui imposto de exportação sobre o petróleo bruto, em razão das alterações promovidas nos relatórios apresentados pelo Senador Jean Paul Prates.","…e, às 13h, nós possamos recomeçá-la, que é o tempo suficiente para o exame mais detido, mais calmo em relação ao parecer que foi apresentado, em razão da importância do projeto e do tema que é versado neste projeto, em especial, diante do anúncio do aumento substancial do preço dos combustíveis pela Petrobras, o que impõe ao Senado a apreciação ainda hoje de ambos os projetos. Fica, Senador Oriovisto, uma decisão de meio-termo para poder dar o tempo necessário. Eu não vou agora anunciar o item para a leitura do parecer, e, às 13h, nós recomeçaremos a sessão do Senado Federal. Peço a atenção de todos os Senadores e Senadoras para a importância do tema e a presença no Plenário, seja no Plenário presencial, seja no Plenário virtual. Está suspensa a sessão.",https://www25.senado.leg.br/web/atividade/pronunciamentos/-/p/texto/489071,,
Q05-489615,Q05,Economia e combustíveis,Qual pronunciamento relacionou o endividamento das famílias ao aumento do preço dos combustíveis anunciado pela Petrobras?,489615,Esperidião Amin,2022-03-29,PP,SC,Considerações sobre a necessidade de a Petrobras estabelecer mecanismos de proteção contra a especulação financeira sobre o preço dos combustíveis no País.,"…Para discursar.) – Presidente, boa tarde a V. Exa. Boa tarde aos companheiros Senadoras e Senadores. Eu gostaria de fazer uma reflexão que, de certa forma, se encadeia com os pronunciamentos já feitos aqui hoje a respeito dessa mudança de comando da Petrobras. Pelo que se sabe, o indicado, e sempre é possível polemizar, mas o indicado, ainda neste mês de março, disse da importância de um fundo de equilíbrio, que, quando nós debatemos aqui – e V. Exa. tem conhecimento disso –, setores do Governo disseram não à ideia. E o que se sabe é que o Sr. Adriano defendeu essa ideia ainda neste mês de março. E eu aplaudo. Aplaudo porque não é preciso que seja um ano eleitoral para se saber que não há bom senso em repassar o custo do petróleo, o preço especulativo do petróleo para a bomba de gasolina, de diesel e de gás de cozinha. Isso não é sensato em nenhum lugar do mundo. Em nenhum lugar do mundo se admite isso, não só em ano de eleição. Isso é uma regra de sobrevivência básica. Não que o povo coma combustível, mas é o combustível que permite que o povo se desloque, que a economia se movimente e também que as pessoas tenham na sua cozinha urbana, principalmente, um elemento fundamental que …",https://www25.senado.leg.br/web/atividade/pronunciamentos/-/p/texto/489615,,
Q05-489905,Q05,Economia e combustíveis,Qual pronunciamento relacionou o endividamento das famílias ao aumento do preço dos combustíveis anunciado pela Petrobras?,489905,Fabio Garcia,2022-04-12,UNIÃO,MT,Preocupação com o aumento do preço da energia elétrica no Estado de Mato Grosso e no Brasil.,"O SR. FABIO GARCIA (UNIÃO - MT. Pela ordem.) – Sr. Presidente, já que o assunto é energia, trago aqui, com muita preocupação, o aumento do preço da energia elétrica que foi aprovado hoje no meu Estado de Mato Grosso. É um aumento médio de 22% na tarifa de energia elétrica para o consumidor geral, 20% para o consumidor residencial e 24% para o consumidor de alta tensão. Veja: o brasileiro já tem sofrido bastante, recentemente, com a inflação no preço dos alimentos, no do combustível e agora o mato-grossense sofrerá ainda mais com esse aumento ainda maior no preço da energia elétrica. Pode ter certeza, Sr. Presidente, de que, como conhecedor do setor elétrico e como alguém que luta pela redução do preço da energia elétrica há tanto tempo, eu me debruçarei sobre a matéria e sobre as contas para que a gente encontre caminhos de impedir os sucessivos aumentos do preço da energia elétrica e lutar para uma redução do preço da energia elétrica no Brasil, mas, em especial, no meu Mato Grosso, que está chegando a patamares insuportáveis à população mato-grossense. Muito obrigado.",https://www25.senado.leg.br/web/atividade/pronunciamentos/-/p/texto/489905,,
Q05-490768,Q05,Economia e combustíveis,Qual pronunciamento relacionou o endividamento das famílias ao aumento do preço dos combustíveis anunciado pela Petrobras?,490768,Jorge Kajuru,2022-05-12,PODEMOS,GO,Críticas ao Governo Federal pela política de preços dos combustíveis no País praticada pela Petrobras.,"… Bolsonaro prometia gasolina a no máximo R$2,50. Eleito Chefe do Executivo, tomou posse quando o litro da gasolina, em média, era vendido por R$4,27. Hoje o valor médio do litro da gasolina está em R$7,53. Em três anos e meio de Governo Bolsonaro, o preço da gasolina aumentou por volta de 78%. E que providências toma o maior responsável pela condução da economia do país? Quais? Vai para as redes sociais esbravejar contra os seguidos reajustes, fingindo que nada tem a ver com isso. Para melhor encenar o jogo de faz de conta, depois das mais ácidas críticas públicas à Petrobras, o Presidente Bolsonaro troca o comando da estatal brasileira que cuida de petróleo e seus derivados. No início de 2021, Bolsonaro demitiu o economista Roberto Castello Branco e colocou no lugar o General Joaquim Silva e Luna, que durou um ano no cargo. Há menos de um mês, o General foi substituído pelo executivo José Mauro Coelho. De lá para cá, a Petrobras apresentou lucro líquido – como o Presidente Rodrigo Pacheco observou – lucro líquido recorde no primeiro trimestre de 2022 e anunciou novo aumento nos preços de óleo diesel, o que desagradou caminhoneiros em especial. Há uma semana na sua live de quinta-f…",https://www25.senado.leg.br/web/atividade/pronunciamentos/-/p/texto/490768,,
Q05-490775,Q05,Economia e combustíveis,Qual pronunciamento relacionou o endividamento das famílias ao aumento do preço dos combustíveis anunciado pela Petrobras?,490775,Alvaro Dias,2022-05-12,PODEMOS,PR,Defesa da construção de refinarias de petróleo aliada a uma reforma tributária profunda como medidas de Governo para a contenção do preço dos combustíveis no Brasil.,"…. Para discursar.) – Sr. Presidente, Srs. Senadores, venho à tribuna também para me posicionar em relação ao tema explorado hoje com muita competência pelo nosso Presidente e por outros Senadores – ainda agora pelo Senador Paulo Paim –, que é o tema combustíveis. Recentemente, o Banco Central alertou que o impulsionamento nos preços dos combustíveis no país agrava a situação econômica de modo geral, impulsionando também a inflação, elevando o custo de vida e colocando em dificuldade ainda maior todos os brasileiros, já sacudidos por uma crise social imensa que nos atormenta, que deve nos preocupar e que deve substituir, sem dúvida, o debate de temas periféricos, constantemente ocupando espaços gigantescos na mídia nacional. E exatamente essa preferência pelos temas periféricos tem um único objetivo: desviar o foco dos gravíssimos problemas que atormentam a nação. E um deles é exatamente esse no contexto da Petrobras, que vem ao longo do tempo alcançando lucros estratosféricos, como agora, e, em outros tempos, com o reconhecimento internacional da sua competência, especialmente com um know-how imbatível em matéria de exploração do petróleo em águas profundas. A Petrobras é uma empre…",https://www25.senado.leg.br/web/atividade/pronunciamentos/-/p/texto/490775,,
Q05-491449,Q05,Economia e combustíveis,Qual pronunciamento relacionou o endividamento das famílias ao aumento do preço dos combustíveis anunciado pela Petrobras?,491449,Otto Alencar,2022-06-01,PSD,BA,"Denúncia da cobrança de combustíveis pela Refinaria de Mataripe, no Estado da Bahia, acima do preço praticado pela Petrobras.","O SR. OTTO ALENCAR (Bloco Parlamentar PSD/Republicanos/PSD - BA. Pela ordem.) – Sr. Presidente, Srs. Senadores e Senadoras, diante de tantos desacertos a respeito do preço dos combustíveis no Brasil, da mudança de comando da Petrobras pela quarta vez – o quarto Presidente da Petrobras: Castello Branco, General Silva Luna, outro que... São tantos que o nome me foge agora à memória – e sem o Governo acertar o passo para dar uma condição ao consumidor brasileiro a respeito de preços que sejam compatíveis com a possibilidade de todos aqueles que dependem do óleo diesel, da gasolina, no meu estado acontece um caso praticamente inusitado. Como se diz na Bahia, só se vê na Bahia. A Bahia tem a Refinaria de Mataripe, que foi privatizada pelo grupo Mubadala e que agora é a Acelen, que está refinando o petróleo e fornecendo o diesel e a gasolina no meu estado. Para nossa surpresa, o que poderia ser um preço compatível com o preço da Petrobras e das outras refinarias, já há algum tempo – eu fiz essa denúncia na Comissão de Assuntos Econômicos –, essa empresa, a Acelen, do grupo Mubadala, um grupo internacional, estava cobrando R$1 acima do preço das outras refinarias do Brasil, tanto do diese…",https://www25.senado.leg.br/web/atividade/pronunciamentos/-/p/texto/491449,,
Q05-491748,Q05,Economia e combustíveis,Qual pronunciamento relacionou o endividamento das famílias ao aumento do preço dos combustíveis anunciado pela Petrobras?,491748,Angelo Coronel,2022-06-13,PSD,BA,"Discussão sobre o Projeto de Lei Complementar (PLP) n° 18, de 2022, que ""Altera a Lei nº 5.172, de 25 de outubro de 1966 (Código Tributário Nacional), e a Lei Complementar nº 87, de 13 de setembro de 1996 (Lei Kandir), para considerar bens e serviços essenciais os relativos aos combustíveis, à energia elétrica, às comunicações e ao transporte coletivo, e as Leis Complementares nºs 192, de 11 de março de 2022, e 159, de 19 de maio de 2017"".","…SR. ANGELO CORONEL (Bloco Parlamentar PSD/Republicanos/PSD - BA. Para discutir. Por videoconferência.) – Presidente Izalci, eu acho que o relatório do Senador Fernando Bezerra é um relatório benfeito, o Congresso tem que fazer de tudo para baixar os preços dos combustíveis nas bombas. É muito importante isso. E, se, lá na frente, essas medidas tomadas no dia de hoje não surtirem efeito, vamos revogar. Nós não podemos é ficar de braços cruzados sem também hipotecarmos o nosso apoio à redução do preço dos combustíveis. Quero aqui consignar o meu voto favorável ao relatório do Senador Fernando Bezerra, Sr. Presidente. Muito obrigado.",https://www25.senado.leg.br/web/atividade/pronunciamentos/-/p/texto/491748,,
Q05-491768,Q05,Economia e combustíveis,Qual pronunciamento relacionou o endividamento das famílias ao aumento do preço dos combustíveis anunciado pela Petrobras?,491768,Flávio Bolsonaro,2022-06-13,PL,RJ,"Orientação à bancada, pelo Partido PL, sobre o Projeto de Lei Complementar (PLP) n° 18, de 2022, que ""Altera a Lei nº 5.172, de 25 de outubro de 1966 (Código Tributário Nacional), e a Lei Complementar nº 87, de 13 de setembro de 1996 (Lei Kandir), para considerar bens e serviços essenciais os relativos aos combustíveis, à energia elétrica, às comunicações e ao transporte coletivo, e as Leis Complementares nºs 192, de 11 de março de 2022, e 159, de 19 de maio de 2017"".","… Vanguarda/PL - RJ. Para orientar a bancada.) – Presidente, peço aí o voto ""sim"", rogando aos Senadores que ainda estão indecisos que deem um voto de confiança para que possamos exercer essa tentativa de amenizar o sofrimento da população com o alto preço dos combustíveis e de outros itens essenciais. Encaminho o voto ""sim"".",https://www25.senado.leg.br/web/atividade/pronunciamentos/-/p/texto/491768,,
Q05-491791,Q05,Economia e combustíveis,Qual pronunciamento relacionou o endividamento das famílias ao aumento do preço dos combustíveis anunciado pela Petrobras?,491791,Marcelo Castro,2022-06-13,MDB,PI,"Defesa da alteração da política de preços de paridade de importação (PPI) e da política de refino pela Petrobras, com o objetivo de reduzir o valor dos combustíveis.","O SR. MARCELO CASTRO (Bloco Parlamentar Unidos pelo Brasil/MDB - PI. Pela ordem.) – Sr. Presidente, está essa celeuma aqui se o preço do combustível vai baixar ou não vai baixar. Eu vou dizer a V. Exa. e a todos aqui para depois a gente conferir: nós estamos só contornando, não estamos enfrentando o problema real. Enquanto não mudarmos a política da Petrobras do PPI e mudarmos a política da Petrobras de refino, esses dois fatores é que comandam todo o aumento do preço. A previsão de todos os experts do assunto é de que o petróleo vai para US$140 ou US$160 o barril. Então, o que nós estamos fazendo aqui é só contornar. A perspectiva é de que o preço não vá diminuir. Enquanto nós não enfrentarmos esse problema do PPI, que não tem nada a ver com isso... Se a Petrobras é uma empresa brasileira, que paga em real, compra em real, vende em real, por que fixa o preço em dólar? Porque é mais vantajoso para ela, para ter lucros exorbitantes num país que está com grande dificuldade em todos os seus setores.",https://www25.senado.leg.br/web/atividade/pronunciamentos/-/p/texto/491791,,
Q05-491830,Q05,Economia e combustíveis,Qual pronunciamento relacionou o endividamento das famílias ao aumento do preço dos combustíveis anunciado pela Petrobras?,491830,Marcelo Castro,2022-06-13,MDB,PI,Crítica à política de preços de paridade de Importação (PPI) e à política de refino praticadas pela Petrobras.,"O SR. MARCELO CASTRO (Bloco Parlamentar Unidos pelo Brasil/MDB - PI. Pela ordem.) – Sr. Presidente, Sras. e Srs. Senadores, a Petrobras foi fundada em 1954, pelo grande brasileiro Getúlio Vargas, e, durante toda a sua existência, a Petrobras praticou uma política de preços. Essa política de preços da Petrobras foi interrompida, em 2017, quando era Presidente da República Michel Temer e era Presidente da Petrobras Pedro Parente, que inventou esta coisa horrorosa para a sociedade brasileira e boa para a Petrobras e para os seus acionistas: essa novidade chamada PPI, que é o preço de paridade de importação. Isso não se justifica, Sr. Presidente, porque nós importamos apenas 7% do diesel que consumimos, nós importamos 25% da gasolina que consumimos. Por quê? Porque a Petrobras não fez os seus investimentos necessários para o refino. Nós somos autossuficientes em petróleo. No ano passado, a Petrobras teve um lucro, a conta petróleo deu um superávit para o Brasil de US$20 bilhões. Nós exportamos muito mais do que o que importamos. Então, nós somos superavitários em petróleo, mas não investimos o que deveríamos ter investido nas refinarias, que é um equívoco da Petrobras e das políticas g…",https://www25.senado.leg.br/web/atividade/pronunciamentos/-/p/texto/491830,,
Q06-450944,Q06,Povos indígenas,Qual discurso denunciou a ocupação da terra indígena Uru Eu Uau Uau em Rondônia e pediu atuação da Polícia Federal?,450944,Confúcio Moura,2019-02-14,MDB,RO,"Denúncia de ocupação de exploradores da terra indígena da tribo Uru Eu Uau Uau em Rondônia. Breve histórico desta reserva. Preocupação com uma possível tragédia, que põe em risco os povos indígenas. Apelo ao Governo Federal por ações imediatas da Polícia Federal, para que seja feita a retirada dos invasores da região.","…te, Srs. Senadores presentes, povo brasileiro, aqueles que estão ligados na TV Senado, é uma satisfação muito grande me apresentar pela segunda vez aqui para fazer este discurso. Só uma pequena correção: eu sou Confúcio Moura, Senador pelo Estado de Rondônia. A gente faz muita confusão entre os Estados de Roraima e Rondônia, porque tudo é mais ou menos parecido, não é? (Risos.) Mas seria uma honra muito grande se fosse também do Estado de Roraima. Sr. Presidente, o meu discurso hoje é sobre o índio. Como diz a música, ""todo dia é dia de índio"". Cada Senador aqui tem as suas especialidades, as suas preferências para o discurso, os seus temas, os seus projetos, a defesa de suas propostas de lei; agora, eu, embora goste de muita coisa, gosto de índio também. Eu trouxe um índio para fazer parte do meu Governo, quando fui Governador de Rondônia, para trabalhar na área de educação e na Secretaria do Meio Ambiente. Eu gosto do índio e o índio gosta de mim. Para os senhores entenderem essa relação boa que eu tenho com as comunidades indígenas, nessa eleição passada, nas maiores áreas de reserva indígena do Estado eu tive mais de 90% dos votos dos indígenas. Isso, para mim, é uma honra muit…",https://www25.senado.leg.br/web/atividade/pronunciamentos/-/p/texto/450944,,
Q06-453095,Q06,Povos indígenas,Qual discurso denunciou a ocupação da terra indígena Uru Eu Uau Uau em Rondônia e pediu atuação da Polícia Federal?,453095,TOYA MANCHINERI,2019-04-25,,,Sessão Especial destinada a homenagear os povos indígenas em razão do transcurso do Dia do Índio.,"O SR. TOYA MANCHINERI – Primeiro de tudo, quero agradecer ao Senador Randolfe Rodrigues essa iniciativa de homenagear os povos indígenas do Brasil. Em nome da Coordenação das Organizações Indígenas da Amazônia Brasileira (Coiab), quero dizer que aqui estão presentes representantes dos nove Estados da Amazônia brasileira – Estado do Acre, Estado do Amapá, do Pará, Tocantins, Maranhão, Amapá, Rondônia e Roraima. Estão todos presentes – o nosso povo. Falar em povos indígenas no Estado brasileiro é falar em resistência. Antes mesmo de 500 anos, a nossa história também não se inicia no ano de 1500, mas ela aparece no ano de 1500, quando os europeus, descendentes de europeus chegaram aqui e começaram a escrever a história na sua visão, de acordo com o pensamento deles. E, de lá para cá, pouco foi feito em relação aos povos indígenas para fortalecer a cultura, para fortalecer a sua organização social. A Constituição de 1988 traz um capítulo fundamental nos arts. 231 e 232, em que o Estado brasileiro reconhece o modo tradicional dos povos indígenas de viver, sua língua, sua cultura e tradições. E a questão da demarcação do usufruto exclusivo dos seus territórios. Mas, a cada medida que o E…",https://www25.senado.leg.br/web/atividade/pronunciamentos/-/p/texto/453095,,
Q06-453096,Q06,Povos indígenas,Qual discurso denunciou a ocupação da terra indígena Uru Eu Uau Uau em Rondônia e pediu atuação da Polícia Federal?,453096,MARCOS XUKURU,2019-04-25,,,Sessão Especial destinada a homenagear os povos indígenas em razão do transcurso do Dia do Índio.,"O SR. MARCOS XUKURU – Antes de mais nada, eu gostaria aqui de saudar a Força Encantada, os nossos Encantados, que têm nos conduzido nessa luta tão difícil e tão árdua, que é a proteção da vida não só nossa, dos povos indígenas, mas da vida de todos aqueles que habitam este País. Agradeço a oportunidade do Senador Randolfe, que tanto nos honra com a sua representatividade neste Parlamento, assim como tantos outros de que nós temos conhecimento e que, vez ou outra, temos observado as suas posturas neste Parlamento em defesa não só das nações indígenas, mas de todos aqueles que necessitam de uma palavra e que seja, de fato, representado aqui neste Parlamento. Como foi colocado, sou da Apoinme, um dos coordenadores representando aqui a Região Nordeste/Leste, Minas Gerais e Espírito Santo. Aqui, neste momento, é como se nós estivéssemos assumindo um mandato, um mandato, pois ainda este Parlamento não tem aqui no Senado um indígena, que possa também estar, como em tantos outros momentos, se utilizando deste Parlamento para fazer a defesa dos nossos direitos. Por mais que tenhamos aliados, é preciso que nós também nos organizemos de tal forma. Assim como já temos a Joenia na Câmara dos De…",https://www25.senado.leg.br/web/atividade/pronunciamentos/-/p/texto/453096,,
Q06-456624,Q06,Povos indígenas,Qual discurso denunciou a ocupação da terra indígena Uru Eu Uau Uau em Rondônia e pediu atuação da Polícia Federal?,456624,Confúcio Moura,2019-08-19,MDB,RO,"Explicação sobre as queimadas, mais comuns no mês de agosto. Manifestação sobre a ocupação ilegal de áreas de floresta.","…ntenção, termina por fazer pegar fogo no capinzal do Cerrado. O Cerrado é uma vegetação seca, baixa, rasteira, com capim e árvores tortas e baixas. Decerto esse fogo, devido à secura do ar e ao calorão danado, se propaga com imensa facilidade. Lá em Rondônia, lá em Porto Velho, na semana passada, até mesmo uma ilustre juíza de Direito me passou uma mensagem reclamando que estava tudo fechado, que a cidade foi coberta de fumaça. A cidade de Porto Velho estava coberta de fumaça. Chegou-se até a paralisar os voos. E ela estava falando comigo ao telefone, num cansaço, espirrando. Decerto ela tem alergia a essa fumaça. E lá o Fórum, o trabalho dela, está muito próximo do Rio Madeira. As fotos que vieram mostravam a cidade escura de tanta fumaça cobrindo Porto Velho e outras cidades brasileiras. E aqui mesmo, no Cerrado, muito fogo nas proximidades de Brasília. É uma estação também das derrubadas. Lá em Rondônia e na Amazônia, em Mato Grosso, havia um dia certo de colocar fogo nas derrubadas, que era o dia 24 de agosto. Dia 24 de agosto, o pessoal derrubava a floresta, a floresta secava, aqueles tocos, aquela coivara e, quando era dia 24 de agosto, colocavam fogo naquelas imensidões, que…",https://www25.senado.leg.br/web/atividade/pronunciamentos/-/p/texto/456624,,
Q06-457582,Q06,Povos indígenas,Qual discurso denunciou a ocupação da terra indígena Uru Eu Uau Uau em Rondônia e pediu atuação da Polícia Federal?,457582,Zequinha Marinho,2019-09-03,PSC,PA,"Repúdio ao conteúdo da Portaria nº 17/2019, emitida pela Funai.","…rio e Altamira, na região do Xingu, ali perto do Projeto Belo Monte, que foi muito badalado e muito conhecido do povo brasileiro. O Presidente da Funai aqui se refere a uma tribo de índios isolados, uma região habitada por muita gente, uma região de terras boas e produtivas, hoje com cerca de mil famílias mais ou menos. Só o Isa, o Instituto Socioambiental, só, e somente, diz que existe índio isolado nessa região. Eu acho que o índio isolado que vive lá são os não índios, que moram, que pelejam pela vida nessa região, porque todos os índios daquela região têm suas terras, são conhecidos, são trabalhados pela Funai, pelo Dsei, que é o Distrito Sanitário lá de Altamira. Enfim, eu não vejo absolutamente nenhum motivo para que a Funai queira criar, no Estado do Pará, mais uma terra indígena. O Pará tem em torno de 55 mil índios e tem mais terra, mais latifúndio do que qualquer um outro na face da Terra. O Pará é um Estado grande, uma dimensão territorial importante, e nós temos aqui um Instituto Socioambiental. Não é o Governo que está criando isso, que está pedindo, estão usando a estrutura de Governo, e isso já acontece no Governo Bolsonaro. Eu quero aqui repudiar inicialmente, como …",https://www25.senado.leg.br/web/atividade/pronunciamentos/-/p/texto/457582,,
Q06-459713,Q06,Povos indígenas,Qual discurso denunciou a ocupação da terra indígena Uru Eu Uau Uau em Rondônia e pediu atuação da Polícia Federal?,459713,Davi Alcolumbre,2019-10-15,DEM,AP,"Resposta à Questão de Ordem suscitada pelo Senador Randolfe Rodrigues, acerca do Requerimento nº 889/2019, que solicita urgência para o Projeto de Decreto Legislativo nº 28/2019.","…e ordem levantada pelo Senador Randolfe Rodrigues. O Senador Randolfe Rodrigues formulou uma questão de ordem sobre o procedimento adotado com relação ao Requerimento nº 889, de 2019, requerimento de urgência para o PDL nº 28, de 2019, que exclui da Terra Indígena São Marcos o Município de Pacaraima. S. Exa. aponta que se procedeu na forma do art. 336, inciso II, e foi verdade, quando, na verdade, o próprio requerimento apontava basear-se no inciso III – então, houve um equívoco de redação ou foi inapropriado o artigo e o inciso utilizados naquele requerimento – do mesmo artigo, com um menor grau de urgência. Embora a questão de ordem não tenha sido levantada oportunamente naquela sessão... (Soa a campainha.) O SR. PRESIDENTE (Davi Alcolumbre. Bloco Parlamentar Vanguarda/DEM - AP) – ... a matéria, tendo sido deliberada sem oposição do Plenário e contado, inclusive, com a assinatura de V. Exa., Senador Randolfe Rodrigues, mesmo assim V. Exa. tem razão e a aprovação do Requerimento nº 889, de 2019, deve ser anulada. Portanto, determino a anulação da votação do Requerimento nº 889, de 2019, e, ao mesmo tempo, determino a inclusão em Ordem do Dia para a sessão de amanhã do outro requer…",https://www25.senado.leg.br/web/atividade/pronunciamentos/-/p/texto/459713,,
Q06-463621,Q06,Povos indígenas,Qual discurso denunciou a ocupação da terra indígena Uru Eu Uau Uau em Rondônia e pediu atuação da Polícia Federal?,463621,Chico Rodrigues,2020-02-04,DEM,RR,"Pedido de esclarecimentos ao Governo Federal sobre ação do Ibama no Estado de Roraima, que resultou na morte do agricultor Francisco Viana da Conceição, no Distrito de Nova Colina, Município de Rorainópolis/RR.","…ue foi aqui detalhadamente citada pelo Senador Telmário Mota e que, obviamente, causou a indignação de toda a população do nosso Estado – e por que não dizer de toda a população brasileira? Uma ação desastrosa, praticada pelo Ibama, juntamente com a polícia ambiental do nosso Estado, que resultou na morte do agricultor Francisco Viana da Conceição, no Distrito de Nova Colina, Município de Rorainópolis, no sul do Estado de Roraima. Procuramos, imediatamente, manter contato com o Ministro Sergio Moro e com o Ministro Ricardo Salles para demonstrar a indignação da população do nosso Estado, mas, acima de tudo, cobrar providências no sentido de que fatos dessa natureza não se repitam, até porque sempre fui contra armar os técnicos do Ibama, armar os técnicos das polícias ambientais estaduais e das polícias municipais, porque não estão preparados para utilizarem armas, inclusive de grosso calibre, que, na maioria das vezes, resultam em mortes. Portanto, eu tenho certeza de que as providências estão sendo tomadas, apesar, repito, da indignação coletiva no meu Estado de uma atitude absolutamente irresponsável, onde se acusaram dois humildes trabalhadores de terem reagido, e não apresentar…",https://www25.senado.leg.br/web/atividade/pronunciamentos/-/p/texto/463621,,
Q06-469335,Q06,Povos indígenas,Qual discurso denunciou a ocupação da terra indígena Uru Eu Uau Uau em Rondônia e pediu atuação da Polícia Federal?,469335,HAMILTON MOURÃO,2020-07-14,,,"Sessão de debates temáticos destinada a ouvir o Vice-Presidente da República, Sr. Hamilton Mourão, convidado para discutir a criação do Conselho Nacional da Amazônia Legal e prestar informações sobre o Plano de Combate ao Desmatamento na Amazônia.","…r. No caso específico do Ministro Ricardo Salles, ele tem cumprido aí todas as nossas orientações e tem sido um parceiro na busca das soluções e da melhoria da nossa política ambiental e do nosso combate às ilegalidades. Especificamente em relação à terra indígena ianomâmi, aí nós temos que analisar de uma forma macro essa questão da exploração das terras indígenas. A senhora sabe bem que o nosso art. 231 da Constituição prevê que possa haver essa exploração, desde que o Congresso regulamente isso em lei. O Governo enviou um projeto de lei aí, que tem que ser discutido, debatido. Se o Congresso chegar à conclusão de que deve permanecer como está, que não se explorem as terras indígenas. Mas isso tem que ser discutido, obviamente ouvindo os representantes indígenas. Eu tenho conversado com muitos e os conheço, alguns há vários anos. E a senhora sabe muito bem que existem duas correntes, não é Senadora? Há aquele que quer permanecer com a sua terra intocável e há outros que desejam que a terra seja explorada dentro da nossa legislação ambiental. Em particular, os garimpos dentro da terra indígena ianomâmi são garimpos que já vêm de bastante tempo. Eles, de tempos em tempos, têm um in…",https://www25.senado.leg.br/web/atividade/pronunciamentos/-/p/texto/469335,,
Q06-477785,Q06,Povos indígenas,Qual discurso denunciou a ocupação da terra indígena Uru Eu Uau Uau em Rondônia e pediu atuação da Polícia Federal?,477785,Confúcio Moura,2021-04-08,MDB,RO,"Denúncia sobre o assassinato do índio, professor e ambientalista chamado Ari Uru-Eu-Wau-Wau, no Estado de Rondônia (RO), sobre o qual, após um ano de investigações, nada foi encontrado pelas autoridades locais. Comentário sobre o número de mortes de indígenas em razão da Covid-19.","O SR. CONFÚCIO MOURA (Bloco Parlamentar Unidos pelo Brasil/MDB - RO. Para discutir.) – Sr. Presidente, eu não sei se estão me ouvindo bem. Sr. Presidente, dia 18 de abril, este mês agora, completa um ano do assassinato de um líder indígena no Estado de Rondônia, professor, chamado Ari Uru-Eu-Wau-Wau. É uma etnia pela qual eu tenho grande apreço, uma grande consideração porque eram índios arredios no início dos anos 70, anos 80 e foram e contatados pelo grande sertanista brasileiro Apoena Meireles. Esse índio era um ambientalista, defendia as causas ambientais das suas unidades e da sua reserva indígena. Grande reserva indígena, criada no Governo Sarney, com cerca de 1,8 milhão de quilômetros quadrados. É muito grande a área. Muito bem, passado um ano, nada foi investigado e detectado. As instituições indígenas no Estado de Rondônia, a Kanindé, associação dos índios Uru-Eu e também o movimento juventude indígena estarão agora, neste mês, iniciando um grande movimento de panfletagem no Estado com outdoor e manifestações nas redes sociais cobrando ações claras e remetendo ao Ministério da Justiça – e eu aproveito este momento –, para que essa investigação passe a ser feita pela Políci…",https://www25.senado.leg.br/web/atividade/pronunciamentos/-/p/texto/477785,,
Q06-480689,Q06,Povos indígenas,Qual discurso denunciou a ocupação da terra indígena Uru Eu Uau Uau em Rondônia e pediu atuação da Polícia Federal?,480689,Telmário Mota,2021-06-22,PROS,RR,"Comentário sobre confronto entre a Polícia Legislativa e indígenas que estavam se manifestando contra a votação do Projeto de Lei nº 490, de 2007, de autoria do Deputado Homero Pereira, que altera a legislação de demarcação de terras indígenas.","O SR. TELMÁRIO MOTA (Bloco Parlamentar da Resistência Democrática/PROS - RR. Para discutir.) – Srs. Senadores, Sras. Senadoras, Sr. Presidente, hoje, lamentavelmente, houve um confronto entre a Polícia Legislativa e os indígenas que estavam se manifestando de forma pacífica em busca de proteger os seus direitos. O que aconteceu? O Deputado Federal Homero Pereira, do PR do Mato Grosso, apresentou o PL nº 490, que muda, modifica o Estatuto do Índio no seu art. 19. O que previa o art. 19, como ele está na sua parte original? Art. 19. As terras indígenas, por iniciativa e sob orientação do órgão Federal de assistência ao índio, serão administrativamente demarcadas, de acordo com o processo estabelecido em decreto do Poder Executivo. §1º A demarcação promovida nos termos deste artigo, homologada pelo Presidente da República, será registrada em livro próprio do Serviço do Patrimônio da União (SPU) e do registro imobiliário da comarca da situação das terras. §2º Contra a demarcação processada nos termos deste artigo não caberá a concessão de interdito possessório, facultado aos interessados contra ela recorrer à ação petitória ou à demarcatória. Essa é a legislação. O que propõe o PL nº 4…",https://www25.senado.leg.br/web/atividade/pronunciamentos/-/p/texto/480689,,
Q06-481745,Q06,Povos indígenas,Qual discurso denunciou a ocupação da terra indígena Uru Eu Uau Uau em Rondônia e pediu atuação da Polícia Federal?,481745,Telmário Mota,2021-07-15,PROS,RR,Considerações sobre a realização de barreiras por grupos indígenas em rodovias.,"… a locomoção no território nacional em tempo de paz, podendo qualquer pessoa, nos termos da lei, nele entrar, permanecer ou dele sair com seus bens"". Bom, agora vamos ao assunto. O meu Estado de Roraima tem 46% do território demarcado em territórios indígenas. Hoje, para vocês do Amazonas, que é a única estrada que liga ao Estado de Roraima, irem para Roraima, passam na área dos waimiri atroari em mais de cem quilômetros de área indígena. Se você for para a Venezuela, você entra no território indígena São Marcos, que são mais de cem quilômetros também. Muito bem, um cidadão que mora no Município do Uiramutã, e a sede do Uiramutã não é território indígena, está indo pela BR-433, na localidade chamada Surumu, onde os indígenas colocaram uma barreira e estão vistoriando todos os carros. E o cidadão que ia levando cerveja para a sua casa ou para o seu comércio, garantido pela Constituição... Os indígenas tiraram e mostraram um documento. Esse documento, dito pelos indígenas, está apoiado pelo Ministério Público. Gente, olha só: o direito indígena tem que ser respeitado, como tem que ser respeitado o direito de todo cidadão brasileiro! Então, o que estou pedindo ao Congresso aqui, e est…",https://www25.senado.leg.br/web/atividade/pronunciamentos/-/p/texto/481745,,
Q06-483070,Q06,Povos indígenas,Qual discurso denunciou a ocupação da terra indígena Uru Eu Uau Uau em Rondônia e pediu atuação da Polícia Federal?,483070,SAMELA SATERÉ-MAWÉ,2021-09-10,,,Sessão de Debates Temáticos destinada a discutir os resultados apresentados em relatório do IPCC e os impactos e recomendações para o Brasil.,"A SRA. SAMELA SATERÉ-MAWÉ (Para exposição de convidado.) – Olá, bom dia. Eu sou a Samela Sateré-Mawé. Sou jovem comunicadora da Articulação dos Povos Indígenas do Brasil, também comunicadora da Articulação Nacional das Mulheres Indígenas Guerreiras da Ancestralidade. Faço parte da Coiab (Coordenação das Organizações Indígenas da Amazônia Brasileira). Sou ativista ambiental do Fridays For Future Brasil e Greve pelo Clima Brasil, sou estudante de Biologia na Universidade do Estado do Amazonas. E nós estamos aqui em Brasília na II Marcha das Mulheres Indígenas, ""Mulheres originárias: Reflorestando mentes para a cura da Terra"". Nós povos indígenas somos os principais defensores da natureza. Não há como pensar em uma Amazônia viva, em uma Amazônia em pé, em uma Amazônia sustentável, sem levar em consideração os povos indígenas. Nós estamos aqui como biomas, nós somos Amazônia, nós somos Caatinga, nós somos Pampa, nós somos Pantanal, nós somos Amazônia. E nós mulheres indígenas somos a cura da Terra. Nós jovens indígenas somos os principais atuantes para a mudança climática. Nós povos indígenas temos que estar aqui, sempre em luta pelo meio ambiente, pelo território, por situações que as…",https://www25.senado.leg.br/web/atividade/pronunciamentos/-/p/texto/483070,,
Q06-483467,Q06,Povos indígenas,Qual discurso denunciou a ocupação da terra indígena Uru Eu Uau Uau em Rondônia e pediu atuação da Polícia Federal?,483467,Esperidião Amin,2021-09-27,PP,SC,"Sessão de Debates Temáticos destinada à análise da competência legal dos Tribunais Regionais Eleitorais para apurar os resultados referentes às eleições para governador, vice-governador, senador, deputado federal e estadual, e a proposta de alteração da sistemática de totalização adotada nas Eleições, promovendo a centralização do processo no Tribunal Superior Eleitoral.","… foram as ocasiões em que eu tive a oportunidade de conhecer o seu Estado e torcer pelo seu desenvolvimento aqui na parceria dos Senadores e Parlamentares outros que representam o Estado de Roraima. Seja muito bem-vindo! Eu vi que o nosso Dr. Sandro pediu a palavra. Eu lhe darei assim que terminarmos todas as exposições, porque agora é a vez do representante da Polícia Federal. Eu não o estou vendo aqui. Se puder ativar o vídeo... Antes de passar a palavra ao representante da Polícia Federal, Sr. Luís Flávio Zampronha, eu gostaria de, em primeiro lugar, agradecer o envio das partes legíveis, porque há partes não legíveis, do já famoso relatório da Polícia Federal, datado de 2 de outubro de 2018, que é considerado um dos fundamentos para a centralização – eu não sei se o Presidente Leonardo Pache de Faria conhece o relatório da Polícia Federal –, e de pedir ao Dr. Zampronha que nos esclareça especialmente o item 5, ""Das Considerações Finais e seus Subsequentes"", que menciona esse possível risco de natureza cibernética, e também o item 14 – o 5, o 13 e o 14, especialmente, do relatório. As considerações finais nesses itens 5, 13 e 14 me despertaram uma peculiar curiosidade para conhe…",https://www25.senado.leg.br/web/atividade/pronunciamentos/-/p/texto/483467,,
Q06-483473,Q06,Povos indígenas,Qual discurso denunciou a ocupação da terra indígena Uru Eu Uau Uau em Rondônia e pediu atuação da Polícia Federal?,483473,LUÍS FLÁVIO ZAMPRONHA,2021-09-27,,,"Sessão de Debates Temáticos destinada à análise da competência legal dos Tribunais Regionais Eleitorais para apurar os resultados referentes às eleições para governador, vice-governador, senador, deputado federal e estadual, e a proposta de alteração da sistemática de totalização adotada nas Eleições, promovendo a centralização do processo no Tribunal Superior Eleitoral.","…oi enviado para o gabinete do senhor, não é? O SR. PRESIDENTE (Esperidião Amin. Bloco Parlamentar Unidos pelo Brasil/PP - SC) – Sim. Está aqui na minha mão. Eu considero um documento integrante da... É uma sessão de debates temáticos. O documento da Polícia Federal tem sido citado várias vezes como sendo causa das providências acauteladoras que estão em discussão aqui, pelo TSE. Temos até que fazer acompanhar esse relatório de inúmeras vezes que o TSE, através dos seus dirigentes, tornou público que havia uma recomendação da Polícia Federal. Foi por isso que eu pedi à Polícia Federal o documento. Então, se não tem nada de confidencial, não tem nenhum carimbo de confidencial, eu considero, pelo menos no âmbito da sessão de debates temáticos, que é publicável, e vou publicizar. Espero não cometer um crime, pois não há advertência. Se houver alguma advertência de sigilo a ser mantido, eu peço que o senhor informe ao seu superior. Eu não vi nenhuma recomendação. Então, eu vou... O SR. LUÍS FLÁVIO ZAMPRONHA – Senador, esse documento foi enviado ao TSE. Seria também interessante o TSE se manifestar sobre a possibilidade ou não de divulgação desse documento.",https://www25.senado.leg.br/web/atividade/pronunciamentos/-/p/texto/483473,,
Q06-485789,Q06,Povos indígenas,Qual discurso denunciou a ocupação da terra indígena Uru Eu Uau Uau em Rondônia e pediu atuação da Polícia Federal?,485789,EDVANDIR FELIX DE PAIVA,2021-12-03,,,Sessão Especial destinada a comemorar o Dia Nacional do Delegado de Polícia.,"… SR. EDVANDIR FELIX DE PAIVA (Para discursar.) – Boa tarde a todos. Quero cumprimentar o Presidente da sessão, o Senador da República Marcos do Val, a quem nós recorremos muitas vezes, nas reformas que ocorreram e em outras situações que envolviam a Polícia Federal, e sempre nos tratou com bastante atenção e nos atendeu com presteza. Agradeço ao Presidente da Casa, o Senador Pacheco, que também é outro parceiro dos delegados de polícia. Eu cumprimento minha amiga, Dra. Tania Fernanda Prado Pereira, Presidente da Fenadepol; Dr. Victor Cesar Carvalho dos Santos, nosso Superintendente aqui no Distrito Federal, unidade importantíssima da Polícia Federal; meu amigo Luciano Soares Leiro, que assume na data de hoje a Presidência da Associação Nacional dos Delegados de Polícia Federal, a quem desejo todo sucesso do mundo e reitero que seja o melhor Presidente da ADPF de todos os tempos; o nosso amigo José Werick de Carvalho, aqui representante do CONCPC, a quem agradeço; o nosso DGP, Oswaldo Paiva da Costa Gomide, que nos tratou sempre com muito carinho e atenção, a nós da DPF e os delegados de Polícia Federal, que neste ato representa o Diretor-Geral da Polícia Federal, Dr. Paulo Maiurino…",https://www25.senado.leg.br/web/atividade/pronunciamentos/-/p/texto/485789,,
Q06-485790,Q06,Povos indígenas,Qual discurso denunciou a ocupação da terra indígena Uru Eu Uau Uau em Rondônia e pediu atuação da Polícia Federal?,485790,TANIA FERNANDA PRADO PEREIRA,2021-12-03,,,Sessão Especial destinada a comemorar o Dia Nacional do Delegado de Polícia.,"…odos que somos representantes da classe, sobretudo, sabemos que o senhor sempre foi um porto seguro quando precisamos de apoio em diversas pautas na defesa dos direitos daqueles que fazem o trabalho na segurança pública, não somente dos delegados de polícia. Nosso agradecimento é eterno. O Senador Humberto Costa, que não pode estar presente, pediu esta solenidade. Agradecemos muito a S. Exa. por ter convocado este evento. Eu me sinto especialmente emocionada quando entro aqui neste Plenário, porque eu me recordo de um momento, em 2014, quando cerca de 300 delegados vieram aqui defender a aprovação daquilo que era a Medida Provisória 657, que depois se tornou a Lei 13.047, que fala do cargo de delegado de polícia. Naquele momento, conseguimos a aprovação de um texto importantíssimo, mais um passo em busca do fortalecimento da própria Polícia Judiciária. Aqui temos autoridades realmente muito importantes nesse contexto. Temos o representante da Polícia Federal, o Dr. Oswaldo Paiva Gomide, o Dr. Edvandir Felix de Paiva que, ao longo de quatro anos – mais tempo na verdade, antes de se tornar Presidente –, dedicou seu tempo, sua vida, em defesa de diversos direitos nossos, diversos assu…",https://www25.senado.leg.br/web/atividade/pronunciamentos/-/p/texto/485790,,
Q06-488560,Q06,Povos indígenas,Qual discurso denunciou a ocupação da terra indígena Uru Eu Uau Uau em Rondônia e pediu atuação da Polícia Federal?,488560,Marcos Rogério,2022-02-23,PL,RO,"Críticas à suposta politização do tema da demarcação das terras indígenas por meio de diversas ações judiciais. Defesa da tese do marco temporal, que considera terras indígenas aquelas ocupadas por povos indígenas na data da promulgação da Constituição Federal de 1988.  Insatisfação com a edição de portaria pela Funai em que constitui um grupo técnico, integrado por antropólogos e outros profissionais, para iniciar estudos multidisciplinares em área reivindicada pelos índios Puruborá no Estado de Rondônia. Apelo ao Congresso Nacional pela aprovação do Projeto de Lei nº 490, de 2007, que altera o Estatuto do Índio e supostamente pacificaria a questão da demarcação das terras indígenas.","… discursar.) – Sr. Presidente, nobre Senador Rodrigo Pacheco, Sras. e Srs. Senadores e os que nos acompanham pelo sistema de comunicação da TV Senado, nos últimos tempos, o Judiciário tem se debruçado, Sr. Presidente, sobre o tema das demarcações de terras indígenas. Estão em curso ações civis públicas em vários foros do Brasil e tramita ação de descumprimento de preceito fundamental perante o Supremo Tribunal Federal, mas, por conta do crescente ativismo judicial, a questão é politizada além da conta. Na minha avaliação, não há o que se politizar. A Constituição Federal é clara, e deve ser seguida a tese do marco temporal; isto é, são reconhecidas como terras indígenas aquelas ocupadas por povos indígenas na data em que foi promulgada a Constituição, em 5 de outubro de 1988. Não há o que inventar, basta seguir a Constituição Federal. Contudo, Sr. Presidente, diante de toda a questão política que envolve o tema, já recebo relatos do meu Estado de Rondônia de que a Funai, por força de determinação judicial, publicou recentemente a Portaria 469, de 25 de janeiro de 2022, em que constitui grupo de trabalho, grupo técnico, ""visando realizar os estudos multidisciplinares de natureza etn…",https://www25.senado.leg.br/web/atividade/pronunciamentos/-/p/texto/488560,,
Q06-490002,Q06,Povos indígenas,Qual discurso denunciou a ocupação da terra indígena Uru Eu Uau Uau em Rondônia e pediu atuação da Polícia Federal?,490002,Plínio Valério,2022-04-07,PSDB,AM,"Leitura de carta dos índios da etnia Baniwa, da Comunidade Castelo Branco do Rio Içana, no Estado do Amazonas, na qual reivindicam autonomia e empoderamento em suas vidas diante de porta-vozes não autorizados. Defesa da instalação pelo Senado Federal da CPI das ONGs","…é outra carta – eu estou no mesmo assunto, mas é outra carta – que eu recebi da Comunidade Castelo Branco, do Rio Içana, dos índios da etnia baniwa. O que vou dizer aqui, até o final do discurso, são palavras deles, contidas na carta. Nós lideranças indígenas [eu estou lendo como recebi] baniwa das comunidades do Médio Rio Içana, pertencente do Município de São Gabriel da Cachoeira, do Estado do Amazonas, localizado geograficamente na cabeça do cachorro, vem ao público externar nossa preocupação e não aceitação que outros atores envolvidos com questão indígena que queiram falar em nome de todos os povos indígenas brasileiros. Nós lideranças do Médio Içana não temos a pretensão de representar todas as comunidades indígenas baniwa nem tampouco tomar decisões por eles. Nossa proposta aqui é tão somente buscar autonomia e oportunidade para avançarmos, por nós representados, alcance à cidadania, o empoderamento e o protagonismo em suas vidas, buscar mais autonomia e independência financeira e política do Governo. Não aceitaremos mais que oportunistas indígenas e não indígenas que sempre queiram colocar palavra em nossas bocas como se nós não fôssemos capazes de falar por nós mesmos. Não…",https://www25.senado.leg.br/web/atividade/pronunciamentos/-/p/texto/490002,,
Q06-490079,Q06,Povos indígenas,Qual discurso denunciou a ocupação da terra indígena Uru Eu Uau Uau em Rondônia e pediu atuação da Polícia Federal?,490079,Fabiano Contarato,2022-04-19,PT,ES,"Apelo para que os senadores visitem as terras indígenas. Defesa da aproximação do Senado Federal com as comunidades quilombolas, os pobres, os pretos e os pardos. Críticas ao Governo Federal quanto à falta de demarcação de terras indígenas. Manifestação do desejo de o Parlamento contar com mais representantes das minorias.","O SR. FABIANO CONTARATO (Bloco Parlamentar da Resistência Democrática/PT - ES. Para discursar.) – Sr. Presidente, senhoras e senhores, hoje, subo a esta tribuna também para me somar aos colegas em defesa dos povos originários, dos povos indígenas. É necessário que a população, que nós passemos também por um processo de desconstrução de termos pejorativos. Não se usa mais a palavra ""índio"", que é extremamente pejorativa e reafirma preconceitos com os povos indígenas, porque ela passa essa ideia de que os povos indígenas são selvagens ou seres do passado. Agora, é necessário que nós Parlamentares também tenhamos a capacidade de entender – e aí eu faço coro com a fala da minha querida Senadora Leila –, de ir até os povos tradicionais. Quando eu era Presidente da Comissão de Meio Ambiente do Senado, eu saí daqui, do Senado, e fui até os índios guaranis-kaiowás, em Mato Grosso do Sul, meu querido Nelsinho Trad, que, infelizmente, estão sendo dizimados por uma política de extermínio do Governo Federal. Isso tem que ser dito, porque neste dia dos povos indígenas, nós temos que estar aqui lutando, mas passou da hora de os políticos, de nós, políticos, derrubarmos os muros do Parlamento e i…",https://www25.senado.leg.br/web/atividade/pronunciamentos/-/p/texto/490079,,
Q06-491050,Q06,Povos indígenas,Qual discurso denunciou a ocupação da terra indígena Uru Eu Uau Uau em Rondônia e pediu atuação da Polícia Federal?,491050,Leila Barros,2022-05-18,PDT,DF,"Relato da participação de S. Exa. em diligência da Comissão de Direitos Humanos e Legislação Participativa (CDH) em Boa Vista-RR, para avaliar a situação da comunidade indígena dos ianomâmis e a questão do garimpo ilegal no Estado de Roraima.","…nadoras e Senadores. Sr. Presidente, na semana passada, eu integrei, juntamente com a Senadora Eliziane Gama e os Senadores Humberto Costa, Telmário e Chico Rodrigues, a diligência da Comissão de Direitos Humanos e Legislação Participativa do Senado Federal, que esteve em Boa Vista, para avaliar a situação da comunidade indígena dos ianomâmis, no Estado de Roraima. Também nos acompanharam a Deputada roraimense Joenia Wapichana, representando a CDH da Câmara dos Deputados, e o Deputado José Ricardo, representando a Comissão de Integração Nacional, Desenvolvimento Regional e da Amazônia. Foram dois dias de agenda intensa, dialogando, ouvindo e debatendo com representantes de comunidades indígenas, autoridades locais e federais, órgãos do Poder Executivo, Judiciário, Ministério Público, Defensoria Pública e sociedade civil organizada, em busca de esclarecimentos e respostas para a situação complexa e dramática que envolve o garimpo ilegal em terras indígenas e o impacto dessa prática nas populações tradicionais envolvidas. Também tivemos a oportunidade de conhecer mais sobre a história e o desenvolvimento social e econômico do Estado de Roraima, o que certamente colabora para a maior …",https://www25.senado.leg.br/web/atividade/pronunciamentos/-/p/texto/491050,,
Q06-491621,Q06,Povos indígenas,Qual discurso denunciou a ocupação da terra indígena Uru Eu Uau Uau em Rondônia e pediu atuação da Polícia Federal?,491621,Mara Gabrilli,2022-06-07,PSDB,SP,"Preocupação com o desaparecimento do jornalista Dom Phillips e do indigenista Bruno Pereira no Amazonas. Agradecimentos ao Exército, à Marinha, à Polícia Federal e ao Ministério Público pela diligência na busca dos desaparecidos.","A SRA. MARA GABRILLI (Bloco Parlamentar Juntos pelo Brasil/PSDB - SP. Pela ordem. Por videoconferência.) – Obrigada, Sr. Presidente, colegas Senadores. É com muita tristeza e preocupação que eu venho me pronunciar hoje sobre o sumiço do Bruno Pereira, ex-servidor da Funai, e do Dom Phillips, jornalista inglês, colaborador do The Guardian, que estão desaparecidos desde domingo na Floresta Amazônica. Eu não conhecia pessoalmente o indigenista Bruno, mas tenho uma relação bastante próxima com o Dom. Ele já me entrevistou em algumas oportunidades, inclusive, me acompanhando em agendas em comunidades da Grande São Paulo, pois ele sempre realizou uma cobertura do Brasil e dos brasileiros com muito afinco – e isso há mais de 15 anos. O Dom é um apaixonado pelo Brasil e é casado com uma brasileira. Embora tenhamos fé, esperança de que eles ainda possam ser encontrados com vida, tenho também preocupação, porque sabemos da realidade daquela região, que convive diariamente com o tráfico de drogas, com garimpeiros, caçadores, pescadores ilegais, e eles estão cada vez mais abusivos e agindo com violência contra as comunidades ribeirinhas, indígenas, diante do enfraquecimento e do desmonte da fi…",https://www25.senado.leg.br/web/atividade/pronunciamentos/-/p/texto/491621,,
Q06-491689,Q06,Povos indígenas,Qual discurso denunciou a ocupação da terra indígena Uru Eu Uau Uau em Rondônia e pediu atuação da Polícia Federal?,491689,Randolfe Rodrigues,2022-06-13,REDE,AP,"Crítica à atuação do Presidente da República, Jair Bolsonaro, relacionada à Floresta Amazônica.","…o organizado, isso porque, Presidente, foram desmantelados todos os mecanismos e instrumentos que existiam de defesa da Amazônia, porque a defesa da Amazônia é função primeira das nossas Forças Armadas, mas também é, Sr. Presidente, função dos povos indígenas que lá estão. Aliás, os povos indígenas que lá estão há muito tempo a defendiam, inclusive em cooperação com o restante das estruturas do Estado brasileiro. A Amazônia foi entregue ao banditismo político e ao banditismo de todas as formas: foi entregue ao banditismo do garimpo ilegal; foi entregue ao banditismo das madeireiras ilegais, que são responsáveis pelo maior avanço de desmatamento da Amazônia de todos os tempos; foi entregue, Sr. Presidente, ao narcotráfico. Era contra esta associação criminosa, no Vale do Javari, que Dom Phillips, Bruno Pereira e os povos indígenas do Vale do Javari lutavam: a associação de narcotráfico, madeireiras ilegais, garimpo ilegal e toda a sorte de banditismo que se instalou na Amazônia sob a liberação... E por que se instalou, Sr. Presidente? Instalou-se porque o Ibama foi desmantelado; instalou-se porque uma governança ambiental, que este país construiu ao longo de 30 anos, desde a Constit…",https://www25.senado.leg.br/web/atividade/pronunciamentos/-/p/texto/491689,,
Q06-491696,Q06,Povos indígenas,Qual discurso denunciou a ocupação da terra indígena Uru Eu Uau Uau em Rondônia e pediu atuação da Polícia Federal?,491696,Omar Aziz,2022-06-13,PSD,AM,"Considerações sobre o desaparecimento do jornalista Dom Phillips e do indigenista Bruno Araújo Pereira no Vale Javari, Estado do Amazonas, e sobre as mortes que ocorrem na região decorrentes do narcotráfico, da pesca ilegal, da extração de madeira e do garimpo. Preocupação com o tráfico de drogas na fronteira com os países Peru e Colômbia.","…o do ouro que é extraído naquela região. E não é só naquela região, não; é no Alto Solimões todo. Então, parece que agora o Senado, até porque eu tenho projetos aí... Eu tenho um projeto há sete anos que está parado aí no Senado, Senador, que cria a Polícia Hidroviária Federal. Porque, além disso, ainda tem furtos e mortes nos assaltos que são feitos às embarcações na Amazônia, tanto aqui no Amazonas como no Amapá. E quem não conhece aquela região – e eu conheço bem o Javari, até porque tive a honra de governar o meu estado –, não é só no Rio Javari, não. O que aconteceu ali, Sr. Presidente, Srs. Senadores, é que 20 anos atrás criou-se a Reserva do Javari, e os ribeirinhos que lá moravam foram retirados de lá. Sem a ocupação do Estado, criou-se a reserva, mas o Estado não ocupou aquela região. Não há política pública de inclusão para as pessoas que foram retiradas das suas casas, que eram ribeirinhos, pescadores que hoje dependem muito dessa atividade para viverem e sobrevirem. Tenha a certeza absoluta de que se aconteceu o pior, e eu espero que não, até se confirmar a morte do Dom e do Bruno... O Bruno era um servidor da Funai e, como outros servidores, já foram ameaçados e mortos…",https://www25.senado.leg.br/web/atividade/pronunciamentos/-/p/texto/491696,,
Q07-464293,Q07,Desinformação,Qual pronunciamento discutiu fake news sobre a pandemia e defendeu a importância do Projeto de Lei 2630 de 2020?,464293,Major Olimpio,2020-03-04,PSL,SP,"Defesa da manutenção do Veto nº 52/2019, que trata do orçamento impositivo.","O SR. MAJOR OLIMPIO (Bloco Parlamentar PSDB/PSL/PSL - SP. Pela ordem.) – Sr. Presidente, eu aproveito esta ocasião... Ontem até tivemos reunião de Senadores na sala de V. Exa., onde foi falado da construção de um ambiente mais harmônico e respeitoso e houve uma preocupação dos Senadores principalmente com relação a notícias falsas que se propalam como verdades. Sr. Presidente, ontem eu fiz várias manifestações a respeito da manutenção do veto do Presidente Bolsonaro, o Veto 52. Nas minhas convicções e até numa das falas no Plenário para a imprensa eu disse: se alguém quer gerir o Orçamento, ou se candidate à Presidência da República e tenha 57 milhões de votos ou então a sociedade vai ter que discutir um novo sistema, que seria o parlamentarismo. E, num tempo de fake news, um imbecil mal-intencionado fez um corte com a minha fala dizendo que eu defendi o parlamentarismo para tirar o Presidente Bolsonaro da administração do País, o que seria um absurdo. Não era objeto da tratativa, não defendi o parlamentarismo; ao contrário, eu fazia uma defesa justamente da assinatura e do veto do Presidente. Mas nós temos alguns radicais malucos no País que querem conturbar de qualquer forma e ac…",https://www25.senado.leg.br/web/atividade/pronunciamentos/-/p/texto/464293,,
Q07-465446,Q07,Desinformação,Qual pronunciamento discutiu fake news sobre a pandemia e defendeu a importância do Projeto de Lei 2630 de 2020?,465446,Angelo Coronel,2020-04-13,PSD,BA,"Apresentação de Questão de Ordem, com fundamento no arts. 1º e 3º do Ato da Comissão Diretora do Senado Federal nº 7/2020, combinado com o art. 2º e o §2º do art. 4º da Resolução da Câmara dos Depurados nº 14/2020, para que seja suspenso o prazo da CPMI das Fake News.","…ha questão de ordem, que V. Exa. dote a Comissão de infraestrutura básica para que possamos fazer as oitivas, para que possamos votar os requerimentos, porque não podemos, Sr. Presidente, deixar essa CPMI acabar em pizza. Nós estamos lidando com uma pandemia de um vírus que eu não posso nem dizer que é um vírus da internet, mas é uma pandemia de mentiras, de falsidades, de desinformações, de pessoas criminosas que levam mentiras. E agora o próximo caso que está na pauta é sobre o coronavírus. Pessoas inescrupulosas ficam colocando fake news a respeito do coronavírus. Espero o seu deferimento, nobre Presidente, para que a CPMI comece a contar o seu prazo quando voltarmos às atividades.",https://www25.senado.leg.br/web/atividade/pronunciamentos/-/p/texto/465446,,
Q07-467856,Q07,Desinformação,Qual pronunciamento discutiu fake news sobre a pandemia e defendeu a importância do Projeto de Lei 2630 de 2020?,467856,Davi Alcolumbre,2020-05-26,DEM,AP,"Comentário acerca de agressões à honra sofridas por Senadores e outras autoridades, a exemplo da Deputada Estadual do Amapá Telma Nery, por meio de notícias falsas. 
Comentário sobre a inclusão em pauta do Projeto de Lei nº 2.630, de 2020, que institui a Lei Brasileira de Liberdade, Responsabilidade e Transparência na Internet, denominado de Lei das Fake News.","O SR. PRESIDENTE (Davi Alcolumbre. Bloco Parlamentar Vanguarda/DEM - AP) – E não foi ela. Foi uma Prefeita em 2015, que discutiu com o jornalista, e, como apareceu a imagem de lado, essa imagem chegou no Amapá como se fosse a Telma Nery, do Democratas, Vice-Prefeita. Ela foi eleita agora Deputada Estadual, e não era ela. Já há uma explicação na internet, nas redes sociais, em relação a esse fake news. É por isso que, semana que vem... Deixa eu aproveitar, não sei se o Senador Alessandro está conectado; Senador Alessandro, nosso querido Senador de Sergipe. É por isso, e por outras, que nós priorizamos o projeto do Senador Alessandro, para que a gente possa de fato punir essas pessoas que cometem crime atrás de um perfil falso. E como diz um amigo meu, lá do interior do Amapá, ele estava numa reunião, e chegou um amigo dele dizendo para ele o seguinte: ""Estão dizendo nas redes sociais que eu morri. Como é que eu faço para desmentir?"". Ele disse: ""Esquece! É melhor tu morrer porque não tem mais jeito de desmentir"". Então, quando as pessoas agridem as outras, ninguém consegue mais se defender. E a gente vai ter que fazer e tomar providências aqui. Esse projeto do Senador Alessandro Vie…",https://www25.senado.leg.br/web/atividade/pronunciamentos/-/p/texto/467856,,
Q07-468065,Q07,Desinformação,Qual pronunciamento discutiu fake news sobre a pandemia e defendeu a importância do Projeto de Lei 2630 de 2020?,468065,Alessandro Vieira,2020-06-02,CIDADANIA,SE,"Preocupação com a quantidade de fake news na internet que causam desinformação no combate à pandemia do novo coronavírus (Covid-19), e comentário sobre a importância do Projeto de Lei nº 2.630, de 2020, Lei das Fake News.","…ainda está na sua curva crescente e que demanda muito da nossa atenção. O tema das fake news, o tema da mentira, o tema da desinformação aplicada através das redes sociais, através da internet, é gravíssimo e é urgente. É urgente porque, durante uma pandemia, a mentira mata, na medida em que a desinformação pode levar o cidadão a ter condutas que atentem contra a sua própria saúde; são fatos, eles acontecem. A mentira já matava na internet através das ondas de boatos e desinformações que atribuem condutas a pessoas que jamais cometeram qualquer tipo de ilícito, mas que passam a ser alvo de agressões, de ofensas, de linchamentos, que muitas vezes são virtuais e que também chegam à vida real. Nós temos casos que aconteceram no Estado de São Paulo: uma mulher morta, linchada por conta de um boato injusto espalhado, disseminado na internet. Hoje nós temos verdadeiras organizações criminosas que atuam nas redes sociais. Nesse ponto é muito importante fazer um grande esclarecimento para qualquer brasileiro que nos acompanha e para os colegas: crime, quadrilha, atua para qualquer lado ideológico. Este não é um projeto de lei contra o Presidente Bolsonaro ou seu grupo, ou contra os adversá…",https://www25.senado.leg.br/web/atividade/pronunciamentos/-/p/texto/468065,,
Q07-468945,Q07,Desinformação,Qual pronunciamento discutiu fake news sobre a pandemia e defendeu a importância do Projeto de Lei 2630 de 2020?,468945,Otto Alencar,2020-06-23,PSD,BA,"Solidariedade ao Senador Nelsinho Trad, vítima de fake news no Estado de Mato Grosso do Sul.","O SR. OTTO ALENCAR (PSD - BA. Pela ordem.) – Sr. Presidente, agradeço a V. Exa. esta oportunidade de me dirigir ao Senado Federal, aos meus colegas Senadores e Senadores. Não é nem uma questão de ordem. Fiz ver isso a V. Exa. É para prestar solidariedade ao nosso colega Nelsinho Trad. Hoje ele foi vítima de fake news, em seu Estado, uma coisa grosseira que fizeram contra ele, até porque seu irmão, Fábio Trad, Deputado Federal, tomou posição contra o Governo Federal em várias oportunidades. E, com isso, patrocinaram fake news de grande extensão, para deslustrar, para ofuscar a imagem dele e da sua família. Eu peço, inclusive, a V. Exa. que determine à Polícia Legislativa que possa tomar as providências, para identificar, como nós identificamos, aqui na Bahia, os autores que fizeram isso contra a minha família e contra mim. É por isso que urge votar a Lei da Fake News, para inibir e penalizar esses covardes que se escondem atrás de um computador, de um celular ou de um provedor para atingir a imagem de pessoas decentes, como é o caso do nobre Senador Nelsinho Trad. Ele já está tomando as providências. E eu queria registrar, Sr. Presidente, que quando, imediatamente, surgiu essa notíc…",https://www25.senado.leg.br/web/atividade/pronunciamentos/-/p/texto/468945,,
Q07-475652,Q07,Desinformação,Qual pronunciamento discutiu fake news sobre a pandemia e defendeu a importância do Projeto de Lei 2630 de 2020?,475652,Izalci Lucas,2021-02-25,PSDB,DF,"Apresentação de Questão de Ordem, com fundamento no art. 403 do Regimento Interno, acerca do encerramento do prazo de funcionamento da Comissão Parlamentar de Inquérito (CPI) da Chapecoense. Citação da Questão de Ordem nº 1, de 2020, de 13 de abril de 2020, suscitada pelo Senador Angelo Coronel, relativa à suspensão do prazo de funcionamento das CPIs e outras comissões temporárias, em razão da pandemia da Covid-19.","…residente do Senado, em resposta à Questão de Ordem, no Senado Federal, nº 1, de 2020, levantada em 13 de abril de 2020, pelo Senador Angelo Coronel, relativa à suspensão do prazo de funcionamento das CPIs e outras Comissões temporárias, em razão da pandemia do Covid. Sr. Presidente, surpreendeu-nos hoje a informação segundo a qual a CPI da Chapecoense, da qual sou o Relator, havia sido encerrada. De fato, consta, no portal de atividade legislativa do Senado Federal, que a Comissão teria sido extinta em 22 de dezembro de 2020, constando ainda, inclusive, que o meu relatório havia sido aprovado. Também é fato que o Regimento Interno, em seu art. 76, inciso III, determina que as Comissões temporárias se extingam ao término da sessão legislativa ordinária. No entanto, estamos trabalhando sob um regime excepcional, em função da pandemia. E, sob esse regime excepcional, temos a decisão do Presidente Alcolumbre, do dia 13 de abril do ano passado, que diz literalmente, abre aspas: A Presidência decide suspender o prazo da CPMI da Fake News, da Comissão Mista da Reforma Tributária, assim como de todas as Comissões Temporárias, desde o dia 20 de março de 2020, até que sejam retomadas as ati…",https://www25.senado.leg.br/web/atividade/pronunciamentos/-/p/texto/475652,,
Q07-481180,Q07,Desinformação,Qual pronunciamento discutiu fake news sobre a pandemia e defendeu a importância do Projeto de Lei 2630 de 2020?,481180,Styvenson Valentim,2021-07-07,PODEMOS,RN,"Exposição dos trabalhos desenvolvidos pela Comissão Temporária destinada a acompanhar as questões de saúde pública relacionadas ao coronavírus.
Registro de reunião na qual foram debatidas a comunicação acerca do contágio do vírus e a preocupação com as ""fake news"".","…la ordem.) – Obrigado, Sr. Presidente, Srs. Senadores e Sras. Senadoras. Vou ser breve, para não ocupar tanto tempo. A Comissão se reuniu para discutir, na segunda-feira, no dia 05/06, os meios e as formas de comunicação utilizadas para o combate da pandemia e esclarecimentos. O que ficou bem convergente entre os palestrantes é que esse meio de comunicação ainda precisa ser muito mais limpo, célere e eficiente para chegar às pessoas e esclareça sobre o contágio, a forma como pode ser evitada essa contaminação. E um outro ponto, Sr. Presidente, que ficou bem claro também é a preocupação não só dos palestrantes, mas também dos Senadores presentes na Comissão com o combate ao fake news. O mesmo combate feito por esses meios de comunicação, ou pelas redes sociais, ou pela imprensa, tem que ser feito, da mesma forma, com esclarecimento. E o que ficou também muito latente foi a utilização da rede de ensino como uma forma de combate. Então, foi isso que foi discutido, de forma resumida: as formas de comunicação entre os palestrantes; todos convergiram na melhor forma ainda de combater a corrupção, não havendo ruídos ou não havendo desencontros, todos alinhados com o mesmo propósito de sal…",https://www25.senado.leg.br/web/atividade/pronunciamentos/-/p/texto/481180,,
Q07-482357,Q07,Desinformação,Qual pronunciamento discutiu fake news sobre a pandemia e defendeu a importância do Projeto de Lei 2630 de 2020?,482357,Carlos Viana,2021-08-17,PSD,MG,"Considerações sobre fala do Ministro da Educação, Sr. Milton Ribeiro, acerca de alunos com deficiência.","…deficiência geravam problemas em sala de aula... (Soa a campainha.) O SR. CARLOS VIANA (PSD - MG) – ... mas pais, professores, o ensino público, o orçamento nos trouxeram uma realidade completamente diferente. E parabéns à Senadora Nilda Gondim pelo projeto! Parabéns, Senadora! Nós temos que trabalhar mesmo por aqueles que mais necessitam, mas temos que trabalhar com base na verdade, com base naquilo que a realidade nos impõe para avançarmos, não para trazermos um período obscuro, em que essas notícias falsas têm jogado a Nação brasileira e enganado milhões de brasileiros com relação ao que pensam ou deixam de pensar os políticos. Obrigado, Sr. Presidente.",https://www25.senado.leg.br/web/atividade/pronunciamentos/-/p/texto/482357,,
Q07-482670,Q07,Desinformação,Qual pronunciamento discutiu fake news sobre a pandemia e defendeu a importância do Projeto de Lei 2630 de 2020?,482670,Omar Aziz,2021-08-24,PSD,AM,"Crítica ao pedido de impeachment contra o Ministro Alexandre de Moraes, do Supremo Tribunal Federal (STF), formulado pelo Presidente da República, Jair Bolsonaro.","O SR. OMAR AZIZ (PSD - AM. Pela ordem.) – Sr. Presidente, Srs. Senadores e Sras. Senadoras, é lógico que nós vivemos um momento em que, quando você fecha uma ferida, é mais rápido se sararem as especulações. Eu acho que o que o Senador Randolfe coloca agora é que V. Exa... Aliás, V. Exa. até já se posicionou em relação a esse esdrúxulo pedido de impeachment, e não só o senhor, como Presidente do Congresso Nacional, como também a Advocacia-Geral do Senado já se posicionou, dizendo que não há notícia sobre isso. Então, quanto mais rápido V. Exa. tomar essa decisão, é mais um problema que a gente ultrapassa e sai da mídia. Esse é o ponto. O outro é que os fakes de plantão conseguem colocar fake em todo lugar, e isso aí, às vezes, vai tomando corpo. Há pouco, a Senadora Soraya me mostra fake news em que eu, o Senador Renan e o Senador Randolfe podemos ser presos por causa de vazamento da CPI. É uma brincadeira que alguém coloca, e o filho do Presidente, Eduardo Bolsonaro, coloca lá no seu Twitter. O que aconteceu com o Deputado Silveira pode acontecer com o Deputado Eduardo Bolsonaro. O Ministro Alexandre de Moraes manda prender o Silveira; tem que prender o Eduardo Bolsonaro também, p…",https://www25.senado.leg.br/web/atividade/pronunciamentos/-/p/texto/482670,,
Q07-483133,Q07,Desinformação,Qual pronunciamento discutiu fake news sobre a pandemia e defendeu a importância do Projeto de Lei 2630 de 2020?,483133,Jorge Kajuru,2021-09-15,PODEMOS,GO,"Congratulações ao Presidente do Senado pela devolução ao Poder Executivo da Medida Provisória nº 1068, de 2021, que limitava a remoção de conteúdos publicados nas redes sociais.","…eza, a fome, a miséria, o desemprego, as crises energética e hídrica e o déficit de inclusão digital, que impede à ampla parcela de brasileiros o acesso à internet. Para encerrar, lembro que o senhor reiterou a necessidade de união entre os Poderes, defendeu a responsabilidade fiscal e principalmente enfatizou a necessidade de superarmos o negativismo vigente. Concordo plenamente com sua visão, Presidente Rodrigo Pacheco. Não podemos entregar os pontos. A nossa obrigação é recolocar o Brasil na rota do progresso. O senhor ontem engrandeceu, enalteceu e causou orgulho a este Congresso Nacional. E hoje, 15 de setembro, Dia Internacional da Democracia, eu não posso negar que o primeiro nome que me veio pela manhã, no sentido de representar a democracia com coragem, com ética, com independência, e defendê-la, neste momento especial no País, foi o seu nome, Rodrigo Pacheco. Agradecidíssimo.",https://www25.senado.leg.br/web/atividade/pronunciamentos/-/p/texto/483133,,
Q07-483272,Q07,Desinformação,Qual pronunciamento discutiu fake news sobre a pandemia e defendeu a importância do Projeto de Lei 2630 de 2020?,483272,Eliziane Gama,2021-09-14,CIDADANIA,MA,"Elogio ao Presidente do Senado, Senador Rodrigo Pacheco, em razão da devolução ao Poder Executivo da Medida Provisória nº 1068, de 2021, que ""Altera a Lei nº 12.965, de 23 de abril de 2014, e a Lei nº 9.610, de 19 de fevereiro de 1998, para dispor sobre o uso de redes sociais"".","A SRA. ELIZIANE GAMA (PDT/CIDADANIA/REDE/CIDADANIA - MA. Pela ordem.) – Sr. Presidente, quero cumprimentar V. Exa. pelo histórico de V. Exa., pelo seu conhecimento técnico e pelo seu zelo pela Constituição Federal, o País não poderia esperar outra atitude que não fosse essa de V. Exa. Essa medida provisória é eivada de inconstitucionalidade tanto do ponto de vista formal, porque, claramente, não há o princípio de relevância e de urgência, quanto do ponto de vista material, Presidente, porque ela tenta, na verdade, infringir a livre iniciativa e acaba impedindo, limitando os vários modelos de negócio. Mas, sobretudo, é bom a gente destacar aqui que seria um retrocesso na legislação brasileira. Hoje, o combate a fake news está sendo feito de forma muito importante inclusive pelos provedores e pelos aplicativos de internet no Brasil e no mundo. Aliás, é uma prática que não acontece apenas no Brasil. E o Marco Civil da Internet veio exatamente com o objetivo de coibir essa ação criminosa também, que são exatamente as fake news. E a medida provisória... E aí, muito claramente, o Presidente, ao apresentar esse instrumento a esta Casa, parece-me legislar em causa própria, até mesmo demons…",https://www25.senado.leg.br/web/atividade/pronunciamentos/-/p/texto/483272,,
Q07-483273,Q07,Desinformação,Qual pronunciamento discutiu fake news sobre a pandemia e defendeu a importância do Projeto de Lei 2630 de 2020?,483273,Alvaro Dias,2021-09-14,PODEMOS,PR,"Elogio ao Presidente do Senado, Senador Rodrigo Pacheco, em razão da devolução ao Poder Executivo da Medida Provisória nº 1068, de 2021, que ""Altera a Lei nº 12.965, de 23 de abril de 2014, e a Lei nº 9.610, de 19 de fevereiro de 1998, para dispor sobre o uso de redes sociais"".","…ato de V. Exa. não abdicar dessa prerrogativa essencial para restabelecer a dignidade desta instituição, o Senado Federal. A inconstitucionalidade é flagrante, e não há necessidade sequer de ser jurista. Mas é ainda o atravessamento da tramitação de projeto que trata da matéria, já aprovado no Senado Federal e em debate na Câmara dos Deputados. Tivemos, nesses dias, inclusive, um fato ilustrativo. O jurista Carvalhosa foi vítima de fake news. Imitando a sua voz, veicularam na rede um áudio com um pronunciamento supostamente dele. No entanto, ele não era o responsável por aquele pronunciamento. Tentou retirar das redes sociais e não conseguiu em razão dessa medida provisória. Portanto, esse fato ilustra o que significa a medida provisória: a preservação de fake news, iludindo a opinião pública brasileira. Sem esse instrumento de retirar aquilo que é fake, certamente nós estaríamos contribuindo para alimentar o discurso de ódio no País. E este é o momento de buscar moderação, equilíbrio e responsabilidade. É o momento de buscar a paz e a convergência, ao contrário do que se pretende com a propagação de fake news pelas redes sociais. Por isso, os cumprimentos a V. Exa., que certamente…",https://www25.senado.leg.br/web/atividade/pronunciamentos/-/p/texto/483273,,
Q07-483274,Q07,Desinformação,Qual pronunciamento discutiu fake news sobre a pandemia e defendeu a importância do Projeto de Lei 2630 de 2020?,483274,Alessandro Vieira,2021-09-14,CIDADANIA,SE,"Elogio ao Presidente do Senado, Senador Rodrigo Pacheco, em razão da devolução ao Poder Executivo da Medida Provisória nº 1068, de 2021, que ""Altera a Lei nº 12.965, de 23 de abril de 2014, e a Lei nº 9.610, de 19 de fevereiro de 1998, para dispor sobre o uso de redes sociais"".","O SR. ALESSANDRO VIEIRA (PDT/CIDADANIA/REDE/CIDADANIA - SE. Pela ordem.) – Sr. Presidente, antes de tudo, parabenizo-o por reconhecer a importância, a relevância que o Congresso nacional tem no processo legislativo brasileiro. Por muito tempo se tolerou o uso da medida provisória de forma enviesada e inadequada. Agora, hoje ou ontem, não sei dizer, um programa importante, relevante, que é o da habitação segura para policiais, é objeto de medida provisória. Claramente não é o instrumento adequado. Então, nós precisamos ter a maturidade e recuperar para o Brasil a institucionalidade adequada, que retire dessa discussão de protagonismo politiqueiro, baixo, desnecessário, que fragiliza todo o processo. E assinalo, Sr. Presidente, que a questão da desinformação, a questão da chamada fake news é gravíssima. Quando esta Casa discutiu e aprovou o projeto específico tratando do tema, teve a cautela de ouvir a sociedade largamente, e conscientes de que um novo processo de escuta deve acontecer na Câmara, com possíveis alterações. É preciso que a gente compreenda que a liberdade de expressão não abriga o direito da mentira. Não abriga a Constituição brasileira o direito ao anonimato, que impo…",https://www25.senado.leg.br/web/atividade/pronunciamentos/-/p/texto/483274,,
Q07-489975,Q07,Desinformação,Qual pronunciamento discutiu fake news sobre a pandemia e defendeu a importância do Projeto de Lei 2630 de 2020?,489975,Esperidião Amin,2022-04-06,PP,SC,"Solidariedade ao posicionamento do Senador Veneziano Vital do Rego contrário ao Veto nº 18, de 2022, Lei Paulo Gustavo.","…ate sobre a análise do veto e votarei pela derrubada do veto, porque esse foi um setor tremendamente prejudicado. Mas quero celebrar o resultado da votação havida há pouco na Câmara dos Deputados, que, por 249 a 207, rejeitou a urgência para votar o projeto de lei sobre fake news; ou seja, vai ter que passar pelas Comissões! Não vai ser aprovado no Plenário. O projeto de lei sobre fake news não será debatido apenas no Plenário! Vai ter que passar pelas Comissões da Câmara. Isso reforça, Sr. Presidente, o Requerimento 241, a que eu aludi. Não há mais urgência para isso. Não há, porque votar aqui as penas, ou seja, o grau da pena de crimes que seriam aprovados na Câmara dos Deputados, se o projeto fosse para o Plenário diretamente. Portanto, se lá o o temporas, o mores foi respeitado, acho que aqui, mais um motivo para que o PL 675 seja encaminhado à Comissão de Constituição e Justiça, pelas razões que eu já expus sobre a visão holística do que são penas sobre crimes ou infrações praticadas. Não pode ser decisão isolada, tem que haver decisão sistêmica. (Soa a campainha.) O SR. ESPERIDIÃO AMIN (Bloco Parlamentar Unidos pelo Brasil/PP - SC) – Muito obrigado.",https://www25.senado.leg.br/web/atividade/pronunciamentos/-/p/texto/489975,,
Q07-490012,Q07,Desinformação,Qual pronunciamento discutiu fake news sobre a pandemia e defendeu a importância do Projeto de Lei 2630 de 2020?,490012,Esperidião Amin,2022-04-07,PP,SC,"Questionamento à Presidência acerca do Requerimento nº 241, de 2022, de oitiva da Comissão de Constituição, Justiça e Cidadania (CCJ) sobre o Projeto de Lei (PL) n° 675, de 2021, que ""Modifica os arts. 138 a 141 e art. 144 do Decreto 2.848, de 7 de dezembro de 1940 – Código Penal"", para aumentar as penas cominadas aos crimes de calúnia, difamação e injúria, bem como criar critérios para a ampliação das respectivas penas pecuniárias.","…Bloco Parlamentar Unidos pelo Brasil/PP - SC. Pela ordem.) – Eu já tenho conhecimento da sua posição a respeito do Requerimento 242, do Senador Girão, mas não conheço ainda, Presidente, a sua posição a respeito do Requerimento 241, que versa sobre o Projeto de Lei 675, em que eu requeiro que ele seja enviado à Comissão de Justiça, até porque ontem a Câmara não deu urgência para a votação do chamado projeto de lei da fake news. Então, a razão, a possível razão de uma urgência para a votação desse projeto perdeu o seu sentido, e a necessidade daquela visão sistêmica das penas possíveis para os crimes que seriam tipificados pela lei da fake news não vai ter uma decisão urgente, razão por que eu lhe peço que delibere sobre o Requerimento 241. Muito obrigado.",https://www25.senado.leg.br/web/atividade/pronunciamentos/-/p/texto/490012,,
Q07-493378,Q07,Desinformação,Qual pronunciamento discutiu fake news sobre a pandemia e defendeu a importância do Projeto de Lei 2630 de 2020?,493378,Jorge Kajuru,2022-08-30,PODEMOS,GO,"Exposição sobre o Projeto de Lei Complementar nº 120, de 2022, de autoria de S. Exa., que torna inelegível para todos os cargos quem formular, replicar e divulgar notícias falsas sobre as urnas eletrônicas e o processo eleitoral. Defesa do processo eleitoral brasileiro.","O SR. JORGE KAJURU (Bloco Parlamentar Juntos pelo Brasil/PODEMOS - GO. Para discursar.) – Brasileiros e brasileiras, minhas únicas vossas excelências, o assunto hoje é o projeto de lei de minha autoria que altera a Lei Complementar nº 64, de 18 de maio de 1990, que estabelece casos de inelegibilidade. O PLP 120/2022 tem o objetivo, Presidente Rodrigo Pacheco, de tornar inelegíveis para todos os cargos quem formular, replicar e divulgar notícias falsas sobre as urnas eletrônicas e o processo eleitoral brasileiro, Senador amigo, a quem eu tenho como ídolo, Senador Cid Gomes. O projeto nasceu da constatação de que notícias sem fundamento infelizmente têm favorecido candidatos e partidos na campanha, aqui e em outros países, Senador amigo, da mesma forma, querido Nelsinho Trad. O mais grave é que a campanha em curso no Brasil tem um objetivo nítido: questionar a legitimidade dos seus resultados e abrir caminho para a complacência com soluções de força e violência política. Quem não aceita as regras do jogo não deve jogar. Assim, defendo que a fabricação e circulação de mentiras a respeito do processo eleitoral deve implicar a inelegibilidade de seus promotores, a bem da preservação do …",https://www25.senado.leg.br/web/atividade/pronunciamentos/-/p/texto/493378,,
Q07-493928,Q07,Desinformação,Qual pronunciamento discutiu fake news sobre a pandemia e defendeu a importância do Projeto de Lei 2630 de 2020?,493928,Paulo Paim,2022-10-11,PT,RS,Preocupação com a propagação de fake news durante o período eleitoral.,"O SR. PAULO PAIM (Bloco Parlamentar da Resistência Democrática/PT - RS. Para discursar. Por videoconferência.) – Boa tarde, Presidente Izalci Lucas, Senadores e Senadoras! Quero falar hoje de fake news. Tem muita mentira no ar; então, temos que falar. O Brasil está sendo inundado, nesse segundo turno, pela chamada fake news, que é de todo o tipo, ou seja, mentira, mentira, mentira! Ela se espalha pela internet, pelas redes sociais, pelo WhatsApp, serve para desinformar, caluniar e difamar pessoas. Também incentiva o preconceito, a discriminação, o racismo, o ódio, podendo resultar até em mortes. Existe toda uma estrutura para propagar mentiras via notícias e vídeos: montagens visuais, pronunciamentos. Se o material recebido é duvidoso e controverso, aconselho o senhor que está me assistindo: desconfie e faça uma pesquisa que a verdade aparece. Liberdade de expressão e de manifestação é uma coisa. Eu fui Constituinte, está lá na Constituição. Fake news é mentira, é crime. É usada para desacreditar, para induzir ao erro, confundir as pessoas. Combater notícias falsas é fundamental para que tenhamos uma disputa limpa e democrática. O eleitor deve denunciar pelo sistema de alerta de de…",https://www25.senado.leg.br/web/atividade/pronunciamentos/-/p/texto/493928,,
Q07-494496,Q07,Desinformação,Qual pronunciamento discutiu fake news sobre a pandemia e defendeu a importância do Projeto de Lei 2630 de 2020?,494496,Roberto Rocha,2022-12-06,PTB,MA,"Comentários ao Requerimento n° 704/2022, de urgência para o Projeto de Decreto Legislativo n° 371/2022, o qual susta a Resolução n° 23714/2022, do TSE, que dispõe sobre o enfrentamento da desinformação que compromete a integridade do processo eleitoral.","…MA. Pela ordem.) – Sr. Presidente, só para poder colaborar com a fala do Senador Girão. Eu ouvi o Senador Girão falar sobre atitude, que é também o que cobram todos os outros Senadores. Mas eu me lembro de que nós votamos aqui a lei das fake news, o projeto das fake news. E a Câmara dos Deputados, que tem hoje quase 20 Deputados censurados, por que não vota? Então, eu quero aproveitar aqui a presença da Deputada Bia Kicis para fazer um apelo à Câmara dos Deputados para que cumpra o seu papel e tenha a atitude de votar: vota o projeto que o Senado discutiu e votou, o projeto das fake news. E essa a minha palavra final, Presidente.",https://www25.senado.leg.br/web/atividade/pronunciamentos/-/p/texto/494496,,
Q07-494554,Q07,Desinformação,Qual pronunciamento discutiu fake news sobre a pandemia e defendeu a importância do Projeto de Lei 2630 de 2020?,494554,Hildo Rocha,2022-12-15,MDB,MA,"Discussão sobre o Veto (VET) n° 34, de 2022, aposto ao Projeto de Lei da Câmara nº 184, de 2017 (nº 6.498/2016, na Casa de origem), que ""Altera a Lei nº 9.394, de 20 de dezembro de 1996, que 'estabelece as diretrizes e bases da educação nacional', para possibilitar o uso da pedagogia da alternância nas escolas do campo"".""","…r.) – Muito obrigado, Senador Rodrigo Pacheco, a quem cumprimento. Cumprimento todos os Congressistas aqui presentes: Deputados, Deputadas, Senadores e Senadoras. Nós fomos convocados para a sessão do Congresso no sentido de deliberar sobre vetos de projetos que foram aprovados aqui na Câmara dos Deputados e no Senado. É essa a nossa obrigação no dia de hoje, assim como também projeto de lei ao Congresso que abre crédito para diversos órgãos de Poderes Executivo e Judiciário. É essa a convocação. Então, eu quero, Sr. Presidente, enaltecer aqui a figura do Senador Eduardo Gomes, muito solícito e muito prestativo, mas eu entendo que os acordos têm que ser informados previamente às Lideranças para que, quando nós estivermos aqui convocados pelo Presidente do Congresso para deliberar, sabermos o que vai se deliberar ou que vai ser retirado, para que não haja necessidade de nós estudarmos todas as matérias novamente. Porque nós temos a obrigação de conhecer todas as matérias que foram vetadas porque por aqui passaram, nenhuma que foi vetada deixou de passar por aqui, foi apreciada por esta Casa. E aqui eu quero me referir... Eu sou a favor da manutenção de alguns textos, porque de fato …",https://www25.senado.leg.br/web/atividade/pronunciamentos/-/p/texto/494554,,
Q08-460304,Q08,Inteligência artificial,Qual pronunciamento defendeu projeto de lei destinado a estabelecer princípios para o uso da inteligência artificial no Brasil?,460304,Styvenson Valentim,2019-10-25,PODEMOS,RN,"Defesa do projeto de lei, de autoria de S. Exa., que estabelece os princípios para o uso de inteligência artificial no Brasil.","O SR. STYVENSON VALENTIM (PODEMOS - RN. Para discursar.) – Exmo. Senador Presidente Izalci, o projeto de que vou falar tange à educação, tecnologia, futuro, emprego e até, possivelmente, previdência. Vou falar que esta semana, Senador Acir Gurgacz, a humanidade testemunhou o início de algo que poderá proporcionar um salto tecnológico surpreendente. Não sei se todos aí, Girão, não sei se o senhor leu, prestou atenção, ouviu em algum lugar que a Google anunciou que um dos seus computadores quânticos fez um cálculo, em 200 segundos, de uma operação que levaria dez mil anos para ser feita por outro computador normal – os que a gente conhece. Qual a diferença de um computador para o outro? Ele usa um sistema binário bem diferente do que a gente conhece. O quântico usa um número entre zero e um em superposições, o que aumenta a maneira exponencial e a quantidade de informações que podem ser processadas ao mesmo tempo. Os computadores quânticos podem começar a operar de maneira mais frequente e vão significar maior velocidade por vários processos, principalmente no que trata de inteligência artificial. Aí é o tema que eu quero comentar. O anúncio da Google veio um dia antes de eu apresent…",https://www25.senado.leg.br/web/atividade/pronunciamentos/-/p/texto/460304,,
Q08-481510,Q08,Inteligência artificial,Qual pronunciamento defendeu projeto de lei destinado a estabelecer princípios para o uso da inteligência artificial no Brasil?,481510,Eduardo Girão,2021-07-16,PODEMOS,CE,"Abertura da Sessão de Debates Temáticos destinada à análise do Projeto de Lei nº 872, de 2021, que dispõe sobre o uso da Inteligência Artificial.","…xibidos durante esta sessão remota de debates temáticos ficarão disponibilizados na página do Senado Federal referente à tramitação do requerimento que originou esta sessão. A Sessão é destinada a receber os seguintes convidados, a fim de discutir o Projeto de Lei nº 872, de 2021, que dispõe sobre o uso da inteligência artificial: Sr. Henrique de Oliveira Miguel, Diretor Substituto do Departamento de Ciência, Tecnologia e Inovação Digital do Ministério da Ciência, Tecnologia e Inovações; Sra. Eliana Cardoso Emediato, Coordenadora-Geral de Transformação Digital do Ministério da Ciência, Tecnologia e Inovações; Sra. Jackline de Souza Conca, Subsecretária de Inovação e Transformação Digital da Secretaria de Desenvolvimento da Indústria, Comércio, Serviços e Inovação da Secretaria Especial de Produtividade, Emprego e Competitividade do Ministério da Economia; Sr. Luis Felipe Salin Monteiro, Secretário de Governo Digital da Secretaria Especial de Desburocratização, Gestão e Governo Digital do Ministério da Economia; Sr. Waldemar Gonçalves Ortunho Júnior, Diretor-Presidente do Conselho Diretor da Autoridade Nacional de Proteção de Dados (ANPD); Sr. Sergio Paulo Gallindo, Presidente Execu…",https://www25.senado.leg.br/web/atividade/pronunciamentos/-/p/texto/481510,,
Q08-481513,Q08,Inteligência artificial,Qual pronunciamento defendeu projeto de lei destinado a estabelecer princípios para o uso da inteligência artificial no Brasil?,481513,LUIS FELIPE SALIN MONTEIRO,2021-07-16,,,"Exposição do convidado na Sessão de Debates Temáticos destinada à análise do Projeto de Lei nº 872, de 2021, que dispõe sobre o uso da Inteligência Artificial.","…dia aos Senadores que estão aqui conosco para debater esse assunto tão importante. Bom dia e cumprimento também meus colegas de Mesa. Realmente esta sessão está muito bem montada, com especialistas que conseguem por diferentes perspectivas avaliar a inteligência artificial, os desafios e também os benefícios que nós temos na utilização dessa tecnologia no Brasil. O futuro do nosso País, Senador, é desenvolver uma economia fortemente baseada em dados, com modelos de negócios que surjam todos os dias em um mundo de dispositivos conectados. Esse é um resumo da Estratégia Brasileira para a Transformação Digital, que estabelece mais de cem iniciativas para o desenvolvimento da transformação digital do País, inclusive com o elemento central do uso de inteligência artificial. Desde 2019, o Governo Federal, por inúmeras ações do próprio Presidente Bolsonaro e de todo o seu time de ministros, tornou a transformação digital uma prioridade para o Governo brasileiro. O gov.br – e eu tenho o prazer e a honra de conduzir esse projeto dentro do Governo Federal – hoje consolida todos os serviços públicos e todas as informações do Governo em um único canal, simples, prático e acessível a todos os b…",https://www25.senado.leg.br/web/atividade/pronunciamentos/-/p/texto/481513,,
Q08-481519,Q08,Inteligência artificial,Qual pronunciamento defendeu projeto de lei destinado a estabelecer princípios para o uso da inteligência artificial no Brasil?,481519,JACKLINE DE SOUZA CONCA,2021-07-16,,,"Sessão de Debates Temáticos destinada à análise do Projeto de Lei nº 872, de 2021, que dispõe sobre o uso da Inteligência Artificial","… convidados e os Senadores presentes e agradeço muito a oportunidade de debater esse tema fundamental para o desenvolvimento do País. Por isso, eu congratulo o Senado pela iniciativa. O desafio de regular tecnologias emergentes, como as derivadas da inteligência artificial, decorre do equilíbrio entre estimular o desenvolvimento tecnológico e a inovação e, simultaneamente, preservar os valores éticos, democráticos, a privacidade e a segurança. E, justamente por isso, não pode prescindir de um amplo debate com os atores envolvidos, como ocorreu na União Europeia, no Canadá e nos Estados Unidos também. Esses países criaram formas de debater o tema por meio da elaboração de estratégias nacionais e também de diversos outros arranjos participativos para avaliar exatamente quais os impactos positivos e negativos do uso da inteligência artificial. Quando a gente observa as regulações que existem atualmente no mundo, elas consideram contextos específicos de aplicação da inteligência artificial com base em avaliações de risco, com base em avaliações de impacto. Inclusive, às vezes, é necessário fazer testes práticos e projetos-pilotos para que a gente possa entender a melhor forma de mitiga…",https://www25.senado.leg.br/web/atividade/pronunciamentos/-/p/texto/481519,,
Q08-481521,Q08,Inteligência artificial,Qual pronunciamento defendeu projeto de lei destinado a estabelecer princípios para o uso da inteligência artificial no Brasil?,481521,WALDEMAR GONÇALVES ORTUNHO JÚNIOR,2021-07-16,,,"Sessão de Debates Temáticos destinada à análise do Projeto de Lei nº 872, de 2021, que dispõe sobre o uso da Inteligência Artificial.","…ais amplo possível, efetuado com cautela e considerar a complexidade e a importância que envolvem o tema. Já ouvimos diversas apresentações. Será uma manhã fantástica em que poderemos ver diferentes opiniões envolvendo diferentes atores em termos de Brasil. A inteligência artificial irá produzir profundos impactos em diversos setores da sociedade, com muitas consequências positivas em que poderemos, por exemplo, ver o aumento da produtividade, da inovação, do desenvolvimento de novos negócios. Contudo, também é importante atentar para possíveis consequências negativas decorrentes, por exemplo, do risco de discriminação, do impacto sobre o mercado de trabalho, e isso significa que a regulação da inteligência oficial deve ser orientada a riscos, de forma a aproveitar o que há de melhor para a economia e sociedade, sem, no entanto, gerar impactos indesejáveis. Do ponto de vista da atuação da ANPD, o tema interessa na medida em que muitas aplicações de IA possuem, como insumo fundamental, quantidades maciças de dados pessoais, os quais permitem o desenvolvimento de algoritmos que sustentam o uso dessa tecnologia. Esses dados são utilizados pelos sistemas de inteligência artificial para…",https://www25.senado.leg.br/web/atividade/pronunciamentos/-/p/texto/481521,,
Q08-481525,Q08,Inteligência artificial,Qual pronunciamento defendeu projeto de lei destinado a estabelecer princípios para o uso da inteligência artificial no Brasil?,481525,SERGIO PAULO GALLINDO,2021-07-16,,,"Sessão de Debates Temáticos destinada à análise do Projeto de Lei nº 872, de 2021, que dispõe sobre o uso da Inteligência Artificial.","…ardo Girão. Bloco Parlamentar PODEMOS/PSDB/PSL/PODEMOS - CE) – Sim, perfeitamente. O SR. SERGIO PAULO GALLINDO – Beleza. Eu vou pular a apresentação da Brasscom, para ser mais objetivo, começando aqui com essa questão da definição de o que vem a ser inteligência artificial, a partir de uma construção minha própria aqui de que a inteligência artificial é, primeiramente, um ramo da ciência da computação que busca desenvolver sistemas; sistemas que tenham a capacidade de desempenhar tarefas assemelhadas às dos seres humanos. Então, primeiro, é importante desmistificar um pouco toda uma aura que há sobre a inteligência artificial; segundo, que os sistemas baseados em inteligência artificial são concebidos a partir de algoritmos, são computacionalmente intensivos e são dependentes de abundância de dados. Esse chat aqui é apenas – não vou me aprofundar – para dizer que uma das técnicas mais bem-sucedidas é a técnica das redes neurais, que, na verdade, não tem nada a ver com a biologia; é, na verdade, um grande gráfico matemático, mas que trouxe uma característica importante para os sistemas, que é o aprendizado, ou seja, consumir dados e tirar desses dados insights, para quê? Para que se…",https://www25.senado.leg.br/web/atividade/pronunciamentos/-/p/texto/481525,,
Q08-481529,Q08,Inteligência artificial,Qual pronunciamento defendeu projeto de lei destinado a estabelecer princípios para o uso da inteligência artificial no Brasil?,481529,LOREN SPÍNDOLA,2021-07-16,,,"Sessão de Debates Temáticos destinada à análise do Projeto de Lei nº 872, de 2021, que dispõe sobre o uso da Inteligência Artificial.","… dia a todos! Gostaria de saudar o Senador Eduardo Girão, o Senador Esperidião Amin, o Senador Izalci Lucas, nas pessoas de quem cumprimento todos os demais Senadores presentes, meus colegas de mesa. Eu hoje estou falando em nome da Abes (Associação Brasileira de Empresas de Software), que tem como propósito contribuir para a construção de um país mais digital e menos desigual. E a tecnologia tem um papel fundamental nisso. Como meus colegas já falaram antes, acho que eu vou partir direto para os nossos pontos específicos sobre o projeto de lei e as emendas apresentadas. Eu queria chamar atenção rapidamente para alguns pontos que, a meu ver, merecem ser mais bem aprofundados e debatidos. O primeiro deles é a definição da inteligência artificial, o objeto da lei. Não há consenso ainda sobre qual a melhor definição, mas acredito que o mais importante é saber o que se pretende com a regulação para então a gente poder usar uma definição mais adequada. Um outro ponto recorrente é a questão da autonomia e a necessidade da supervisão humana, e acredito que essa preocupação venha da falta de conhecimento e muito da influência da ficção científica, em que os robôs viram malvados e um botão …",https://www25.senado.leg.br/web/atividade/pronunciamentos/-/p/texto/481529,,
Q08-481535,Q08,Inteligência artificial,Qual pronunciamento defendeu projeto de lei destinado a estabelecer princípios para o uso da inteligência artificial no Brasil?,481535,IGOR FERREIRA LUNA LOURO,2021-07-16,,,"Sessão de Debates Temáticos destinada à análise do Projeto de Lei nº 872, de 2021, que dispõe sobre o uso da Inteligência Artificial.","…ém sejam colhidos. A nossa ideia é fazer com que a tecnologia extraia o melhor para o ser humano, que tem que ser o objeto central dessa discussão toda. Ao longo da exposição, a gente consegue colher, inclusive, alguns exemplos da presença do uso da inteligência artificial no nosso dia a dia, desde a sugestão de filme que nós recebemos ali no Netflix, passando pelo desbloqueio do nosso celular com o uso do rosto, até mesmo em procedimentos médicos; há a notícia do uso de inteligência artificial para identificar terremotos e as potenciais consequências que eles podem ter, para alertar a população, orientar e mitigar ao máximo os riscos daqueles eventos. E os benefícios que a gente enxerga hoje se estendem também ao serviço público. No começo da exposição, o Senador leu o relatório e mencionou o uso no Judiciário. E a gente sabe especificamente do uso do robô Victor no Supremo Tribunal Federal, que traduz imagem em texto, que ajuda a identificar temas de repercussão geral. Isso, de certa forma, impacta diretamente na eficiência do serviço público. Então, os riscos existem, precisam ser endereçados de forma firme, mas a gente entende que os benefícios que podem ser trazidos por esta t…",https://www25.senado.leg.br/web/atividade/pronunciamentos/-/p/texto/481535,,
Q08-481541,Q08,Inteligência artificial,Qual pronunciamento defendeu projeto de lei destinado a estabelecer princípios para o uso da inteligência artificial no Brasil?,481541,LUIS FELIPE SALIN MONTEIRO,2021-07-16,,,"Sessão de Debates Temáticos destinada à análise do Projeto de Lei nº 872, de 2021, que dispõe sobre o uso da Inteligência Artificial. Resposta à pergunta do Relator da matéria, Senador Eduardo Gomes.","O SR. LUIS FELIPE SALIN MONTEIRO (Para exposição de convidado.) – Obrigado, Senador, e obrigado pela pergunta, Senador Eduardo Gomes. Na minha opinião, o maior risco, neste momento, à sociedade brasileira é nós impedirmos o desenvolvimento, o acesso à tecnologia e a evolução da economia e da sociedade por meio do uso da inteligência artificial. Bom, esse é o maior risco que nós enfrentamos hoje. Como eu disse, nós nesse assunto ainda estamos como crianças no jardim da infância, ainda aprendendo a dar os primeiros passos. E a corrida pelo desenvolvimento dessas tecnologias no mundo ou vai nos colocar como produtores, se nós tivermos a velocidade e a ambição de nos tornarmos players mundiais em inteligência artificial, ou como consumidores. E aí, naturalmente, a relação benefício para a sociedade está muito clara. Então é fundamental que neste momento, especificamente, em que nós estamos, nós tenhamos uma estratégia para avançar a inteligência artificial e não uma barreira para nos colocar numa posição de inferioridade em relação ao mundo. Na minha opinião, acho que o principal risco é nós paralisarmos o avanço. E eu acho que o Senador Izalci foi muito preciso em dizer que educação..…",https://www25.senado.leg.br/web/atividade/pronunciamentos/-/p/texto/481541,,
Q08-481543,Q08,Inteligência artificial,Qual pronunciamento defendeu projeto de lei destinado a estabelecer princípios para o uso da inteligência artificial no Brasil?,481543,SERGIO PAULO GALLINDO,2021-07-16,,,"Exposição do convidado na Sessão de Debates Temáticos destinada à análise do Projeto de Lei nº 872, de 2021, que dispõe sobre o uso da Inteligência Artificial.","…no Senado é meritosa, mas a gente tem que amadurecer bastante o debate. E, na minha fala, eu falei exatamente sobre isso porque a estrutura que nós estamos propondo é muito mais rica em políticas públicas do que na tentativa de cercear o fenômeno da inteligência artificial. Os países mais desenvolvidos e mais maduros no desenvolvimento de tecnologias têm uma certa paciência para que a tecnologia floresça e leve os bons frutos para a sociedade, porém eles têm pressa na hora de investir e na hora de fomentar a criação de ciência e tecnologia nos seus respectivos países. É isso que nós precisamos fazer. Do ponto de vista do investimento privado, os números que a Brasscom mostrou indicam que, sim, há um grande apetite para o investimento de adoção, mas o que nós precisamos nesse momento é fazer mais investimentos para o desenvolvimento da tecnologia para que a gente tenha agregação de valor aqui no Brasil. E só assim a gente vai poder ter aquilo que é a grande oportunidade do setor de tecnologia da informação e comunicação, que é a empregabilidade de alta qualidade. Nós já estamos, ainda não chegamos à metade do ano, e nós já estamos com o número de contratações no setor que superou em…",https://www25.senado.leg.br/web/atividade/pronunciamentos/-/p/texto/481543,,
Q08-481544,Q08,Inteligência artificial,Qual pronunciamento defendeu projeto de lei destinado a estabelecer princípios para o uso da inteligência artificial no Brasil?,481544,Eduardo Girão,2021-07-16,PODEMOS,CE,"Sessão de Debates Temáticos destinada à análise do Projeto de Lei nº 872, de 2021, que dispõe sobre o uso da Inteligência Artificial. Leitura de pergunta do Relator da matéria, Senador Eduardo Gomes.","…mente sobre o assunto. Vamos lá. Vamos agora para uma pergunta do Relator. Mais uma vez, muito obrigado, Sr. Sergio Paulo Gallindo. Agora, uma pergunta do Relator, Senador Eduardo Gomes. Um dos elementos básicos da construção de sistemas baseados em inteligência artificial é o processamento de dados, inclusive de dados pessoais. Aliás, neste particular, representando um risco adicional ao cidadão em razão dos impactos à privacidade e a outras liberdades. Quanto a isso, o Brasil recentemente aprovou uma Lei Geral de Proteção de Dados, que entrou em vigor somente ao final de 2020, ou seja, há menos de um ano e que ainda não foi ainda minimamente regulamentada. A Autoridade Nacional de Proteção de Dados, aqui representada por seu presidente, que é o Diretor Waldemar Gonçalves, tem buscado realizar essa regulamentação, mas fato é que não temos ainda um sistema maduro de proteção de dados pessoais implementado. Dito isso, questiono os convidados debatedores... E eu peço que um de vocês, se puder, levante a mão. Já estou até aqui com o Márcio, que pediu para responder. A pergunta é: faz sentido aprovar, neste momento, a regulamentação da inteligência artificial através de uma lei própria…",https://www25.senado.leg.br/web/atividade/pronunciamentos/-/p/texto/481544,,
Q08-481548,Q08,Inteligência artificial,Qual pronunciamento defendeu projeto de lei destinado a estabelecer princípios para o uso da inteligência artificial no Brasil?,481548,Eduardo Girão,2021-07-16,PODEMOS,CE,"Sessão de Debates Temáticos destinada à análise do Projeto de Lei nº 872, de 2021, que dispõe sobre o uso da Inteligência Artificial. Leitura de pergunta do Relator da matéria, Senador Eduardo Gomes.","…DENTE (Eduardo Girão. Bloco Parlamentar PODEMOS/PSDB/PSL/PODEMOS - CE) – Perfeito, perfeito. Muito obrigado pelos esclarecimentos, Professora Dora Kaufman, lá da PUC de São Paulo. Eu quero fazer mais uma pergunta aqui, depois eu volto à dos cidadãos brasileiros aqui que estão se manifestando – e eu fico feliz, muitas perguntas, mas o Relator tem mais uma aqui interessante. A União Europeia [olha só, essas 108 páginas aí] apresentou o seu plano e novas regras para a inteligência artificial em abril deste ano. As propostas foram elaboradas pelos maiores especialistas e estudiosos no tema [com todo respeito, eu vejo que o Brasil aqui tem grandes especialistas; eu não sei se eles podem dizer que são os maiores lá da Europa, mas a gente está bem servido aqui também]. O Governo Federal brasileiro também apresentou à sociedade sua Estratégia Brasileira de Inteligência Artificial após meses de consulta pública. No Senado e na Câmara, tramitam proposições sobre o tema, como as que estamos aqui a debater. Entre os principais pontos, estão a necessidade de estabelecer princípios e diretrizes para a implementação da tecnologia no País e, na União Europeia, a criação de um sistema de responsabi…",https://www25.senado.leg.br/web/atividade/pronunciamentos/-/p/texto/481548,,
Q08-481549,Q08,Inteligência artificial,Qual pronunciamento defendeu projeto de lei destinado a estabelecer princípios para o uso da inteligência artificial no Brasil?,481549,SERGIO PAULO GALLINDO,2021-07-16,,,"Sessão de Debates Temáticos destinada à análise do Projeto de Lei nº 872, de 2021, que dispõe sobre o uso da Inteligência Artificial.","O SR. SERGIO PAULO GALLINDO (Para exposição de convidado.) – Eu queria agradecer ao nosso Senador que tem a responsabilidade de apreciar e relatar os projetos. Como eu disse na minha fala, os países mais avançados e maduros em tratamento de tecnologia não utilizam regulação para esses setores tecnológicos, não é da cultura. Se nós pensarmos nos Estados Unidos, também na própria China e nos países mais avançados em tecnologia na própria Europa, a regulação desses fenômenos não é a prioridade; a prioridade é fazer a tecnologia florescer e trazer para a sociedade os benefícios que a tecnologia venha a aportar. Isso pressupõe uma confiança nos agentes econômicos, e eu acho que é disso que a gente está falando aqui. Nós tivemos, com a Lei Geral de Proteção de Dados – o Senador Eduardo Gomes sabe bastante bem –, um avanço importante no arcabouço legislativo brasileiro, com a boa recepção que a lei tem, com as boas práticas empresariais. Isso está na lei. Então, já é um precedente importante. Boa parte dos problemas que a gente vê em relação à inteligência artificial, como a própria Professora Dora pontuou, é de problemas da estatística, são problemas dos modelos dos algoritmos, e eles es…",https://www25.senado.leg.br/web/atividade/pronunciamentos/-/p/texto/481549,,
Q08-481550,Q08,Inteligência artificial,Qual pronunciamento defendeu projeto de lei destinado a estabelecer princípios para o uso da inteligência artificial no Brasil?,481550,Eduardo Girão,2021-07-16,PODEMOS,CE,"Sessão de Debates Temáticos destinada à análise do Projeto de Lei nº 872, de 2021, que dispõe sobre o uso da Inteligência Artificial. Leitura de pergunta enviada via portal e-Cidadania.","…OS - CE) – Muitíssimo obrigado, Sergio Paulo Gallindo. Há uma pergunta agora do Evandro Soares, de São Paulo – fique à vontade para se manifestar quem quiser responder dos nossos palestrantes: ""O Congresso Nacional tem se preocupado com o impacto da inteligência artificial na agroindústria? Quais medidas são tomadas nesse sentido?"". ""No PL nº 355/2019 (Política Nacional de incentivo à Agricultura de Precisão), não é mencionado o tema IA [enquanto que, na opinião dele] estes temas são correlatos."" Quem falou disso aqui, se não me engano, foi o Rafael Krug, que mostrou o negócio do café, a história do café. Não sei se você, Rafael, ou algum outro palestrante, gostaria de fazer alguma consideração nesse sentido aqui da pergunta do Evandro Soares, de São Paulo. (Pausa.) Show, obrigado. Agora é o Rafael Krug, lá do Rio Grande do Sul.",https://www25.senado.leg.br/web/atividade/pronunciamentos/-/p/texto/481550,,
Q08-481551,Q08,Inteligência artificial,Qual pronunciamento defendeu projeto de lei destinado a estabelecer princípios para o uso da inteligência artificial no Brasil?,481551,RAFAEL KRUG,2021-07-16,,,"Sessão de Debates Temáticos destinada à análise do Projeto de Lei nº 872, de 2021, que dispõe sobre o uso da Inteligência Artificial.","O SR. RAFAEL KRUG (Para exposição de convidado.) – Evandro, esta realmente é uma das nossas preocupações: ter como aliado hoje o agro. É um dos principais produtos que hoje sustentam a Nação brasileira. E, se nós não utilizarmos realmente a inteligência artificial para melhorar os nossos padrões produtivos, logo, logo, vamos ser suplantados por outras nações que estarão utilizando esse tipo de tecnologia para oferecer produtos com maior qualidade e com maior valor de entrega para os consumidores finais. Então, faz todo o sentido, sim, o Congresso se preocupar com a questão da utilização da inteligência artificial como um modelo de vantagem competitiva para o nosso País. E isso foi o que eu tentei passar nesses cinco minutos de apresentação, e foi realmente bastante rápido. Mas é muito importante que a gente utilize essas tecnologias para ganhar vantagem competitiva.",https://www25.senado.leg.br/web/atividade/pronunciamentos/-/p/texto/481551,,
Q08-481559,Q08,Inteligência artificial,Qual pronunciamento defendeu projeto de lei destinado a estabelecer princípios para o uso da inteligência artificial no Brasil?,481559,SERGIO PAULO GALLINDO,2021-07-16,,,"Sessão de Debates Temáticos destinada à análise do Projeto de Lei nº 872, de 2021, que dispõe sobre o uso da Inteligência Artificial.","O SR. SERGIO PAULO GALLINDO (Para exposição de convidado.) – Obrigado, Senador. É só para não deixar a pergunta aberta. Eu comentei na minha intervenção que seria desejável, quando essa possível lei de inteligência artificial estiver madura para ser votada, que ela incluísse dentre dos seus artigos as cautelas e as limitações quanto ao uso da inteligência artificial por parte do Poder Público. É sobre isso que o... Qual é o nome da pessoa que fez a pergunta? O SR. PRESIDENTE (Eduardo Girão. Bloco Parlamentar PODEMOS/PSDB/PSL/PODEMOS - CE) – É o Guilherme Marao, de São Paulo. O SR. SERGIO PAULO GALLINDO – Este é o fulcro da questão do Guilherme: colocar na lei mecanismos para que haja cautela e que sejam feitas limitações com relação ao Poder Público na tarefa de vigilância. Em termos mais práticos, a gente hoje vê uma proliferação de câmeras em vários logradouros, inclusive em locais privados, e elas têm a sua razão de ser. A gente tem a questão da violência, a questão da segurança das pessoas, etc. Então, a gente tem que olhar para isso pelo lado positivo e cuidar de mecanismos que não abram a porta para o abuso da coleta dessa informação e o controle de cada um de nós como cidadã…",https://www25.senado.leg.br/web/atividade/pronunciamentos/-/p/texto/481559,,
Q09-453341,Q09,Armas e processo legislativo,Qual pronunciamento respondeu questão de ordem sobre a retirada de pauta do PDL 55 de 2021 relativo à flexibilização da aquisição de armas?,453341,Plínio Valério,2019-05-09,PSDB,AM,"Críticas ao decreto das armas publicado pelo Presidente Jair Bolsonaro, por entender que armar a população não resolve o problema de segurança no País.","O SR. PLÍNIO VALÉRIO (Bloco Parlamentar PSDB/PODE/PSL/PSDB - AM. Pela ordem.) – Isso! Nós estivemos há pouco aqui. Já fiz o meu discurso. Nós estávamos no gabinete ouvindo o Senador Styvenson falar e não podemos deixar de dar a nossa opinião no que diz respeito a isso. O bom é que nós vamos ter que decidir isso aqui. A gente vai ter que falar muito sobre isso aqui porque armar a população, apagar fogo com gasolina... Ouvi alguém dizer aqui, Paim, não sei se foi você que disse, na segunda-feira, que, daqui a pouco, os clubes de tiros vão ter mais associados do que o Corinthians, o Flamengo, o Vasco, porque todo mundo que quiser porte de arma vai se associar. Um repórter ligou dizendo que nós temos direito, que os políticos têm direito. Ele perguntou se eu usaria arma. Eu disse: ""Nem na pescaria, quando eu vou, nem no meio do mato eu vou usar arma"". Há uma grande diferença entre você que tem um porte de arma e o bandido. O bandido vem para atacar e você é pego de surpresa. Então, essa história de armar a população... Quem não concordar com isso pode ficar tranquilo porque respeito este Senado. Não é, Paim? Acho que aqui há uma maioria, uma grande maioria, que repugna isso, que é cont…",https://www25.senado.leg.br/web/atividade/pronunciamentos/-/p/texto/453341,,
Q09-453412,Q09,Armas e processo legislativo,Qual pronunciamento respondeu questão de ordem sobre a retirada de pauta do PDL 55 de 2021 relativo à flexibilização da aquisição de armas?,453412,Rodrigo Pacheco,2019-05-08,DEM,MG,Reflexões sobre o decreto do Presidente Jair Bolsonaro que disciplina o uso e aquisição de armas.,"O SR. RODRIGO PACHECO (Bloco Parlamentar Vanguarda/DEM - MG. Pela ordem.) – Apenas para um breve registro no tocante a esse decreto de armas que foi editado pela Presidência da República. Cada qual tem a sua posição em relação a diversos temas, sejam eles jurídicos, sejam políticos, e nós temos que respeitar as divergências. Nós temos que compreender que o Presidente Jair Bolsonaro foi eleito por 57 milhões de pessoas a partir de bandeiras. E uma das suas bandeiras é a permissão do armamento aos cidadãos brasileiros, porque Sua Excelência o Presidente entende que isso é adequado. No entanto, há meios de isso ser feito. Esse decreto padece de dois defeitos graves. O primeiro defeito é que ele inverte uma presunção. Ele estabelece uma presunção de categorias e de sujeitos que, em razão das suas atividades, precisam ter arma de fogo, quando, na verdade, a necessidade da arma de fogo haverá sempre de ser concebida em cada caso concreto. O cidadão que sentir que precisa ter uma arma de fogo faz o requerimento nesse sentido. Lá elencam-se instrutores e até advogados, categoria à qual eu pertenço e defendo de maneira até bastante enfática, mas até os advogados haverão de reconhecer que há…",https://www25.senado.leg.br/web/atividade/pronunciamentos/-/p/texto/453412,,
Q09-454745,Q09,Armas e processo legislativo,Qual pronunciamento respondeu questão de ordem sobre a retirada de pauta do PDL 55 de 2021 relativo à flexibilização da aquisição de armas?,454745,Major Olimpio,2019-06-12,PSL,SP,"Registro sobre aprovação, na Comissão de Constituição e Justiça, do Decreto Legislativo nº 233, de 2019, que susta e revoga o Decreto Presidencial nº 9.785, que dispõe sobre a aquisição, o cadastro, o registro, a posse, o porte e a comercialização de armas de fogo e munição.","O SR. MAJOR OLIMPIO (Bloco Parlamentar PSDB/PODE/PSL/PSL - SP. Pela ordem.) – Sr. Presidente, eu até ia fazer uma questão de ordem, mas o Líder Randolfe, muito embora estejamos, nessa situação, em trincheiras opostas – eu defendendo, na plenitude, o decreto que regulamentou o Estatuto do Desarmamento, como chamado, o Decreto das Armas –, mas, após o encaminhamento, aliás, a votação na CCJ agora pela manhã, essa questão de ser necessária a urgência e também de ser necessária a pauta em 48 horas, o Líder Randolfe, num entendimento justamente, não só em relação ao Regimento, mas também por uma construção propositiva para que esta Casa se debruce e faça a votação, e que o Plenário possa fazer a definição maior pelo Senado... Também encareço a V. Exa. que, em cumprimento ao 336 e ao seu inciso I, e a um amplo acordo construído, fique exatamente... Também não fazemos nenhuma obstrução ou nenhuma ressalva para que seja a primeira pauta a ser debatida na próxima terça-feira.",https://www25.senado.leg.br/web/atividade/pronunciamentos/-/p/texto/454745,,
Q09-459696,Q09,Armas e processo legislativo,Qual pronunciamento respondeu questão de ordem sobre a retirada de pauta do PDL 55 de 2021 relativo à flexibilização da aquisição de armas?,459696,Randolfe Rodrigues,2019-10-15,REDE,AP,"Apresentação de Questão de Ordem, com fundamento nos arts. 336, 338, 340 e 403 do Regimento do Senado, acerca do número de assinaturas para apresentação do Requerimento nº 889/2019, que trata do pedido de urgência para Projeto de Decreto Legislativo nº 28/2019.","O SR. RANDOLFE RODRIGUES (Bloco Parlamentar Senado Independente/REDE - AP. Para questão de ordem.) – Presidente, na semana passada, foi encaminhado à Mesa o Requerimento nº 889, de 2019, que apresenta urgência – foi encaminhado para mim e, inclusive, conta com a minha assinatura – para o PDL 28, de 2019, que exclui da terra indígena São Marcos a área urbana da sede do Município de Pacaraima, no Estado de Roraima. Excelência, nós o subscrevemos... Inclusive, com todo o respeito aos colegas da bancada de Roraima, foi trazido esse requerimento, para ser subscrito, pelo Senador Mecias, e entendo as razões que levaram o Senador Mecias a apresentá-lo, mas quero antecipar duas questões. Primeiro, a partir do contato com lideranças indígenas do Município de Roraima, algumas delas aqui presentes, lideranças principalmente vinculadas ao Conselho Indigenista Missionário, recebemos a manifestação contrária a esse requerimento de urgência para avaliação. Examinando amiúde o requerimento, venho apresentar a V. Exa. uma questão de ordem para solicitar a retirada dele de pauta baseado no seguinte. Apresento para V. Exa., com fulcro nos arts. 336, 338, 340 e 403 do Regimento Interno do Senado, esta…",https://www25.senado.leg.br/web/atividade/pronunciamentos/-/p/texto/459696,,
Q09-460197,Q09,Armas e processo legislativo,Qual pronunciamento respondeu questão de ordem sobre a retirada de pauta do PDL 55 de 2021 relativo à flexibilização da aquisição de armas?,460197,Davi Alcolumbre,2019-10-22,DEM,AP,"Resposta à Questão de Ordem suscitada pelo Senador Rogério Carvalho - com fundamento nos arts. 403, 256, § 1º, 312, II, 314, IV e 354, caput, todos do Regimento do Senado; e no art. 60, § 2º, da Constituição Federal - acerca da votação em primeiro turno da PEC nº 6/2019 com ressalva dos destaques apresentados.","O SR. PRESIDENTE (Davi Alcolumbre. Bloco Parlamentar Vanguarda/DEM - AP. Para responder questão de ordem.) – Líder Eduardo Braga, V. Exa. tem a minha solidariedade e o meu apoio. É importante nós registrarmos ao Poder Judiciário, especialmente à Justiça Federal, a importância da proteção dessas regiões do Brasil. Falávamos ainda há pouco do Município de Oiapoque, na fronteira com a Guiana Francesa, com a Europa, um Município a 600km da capital Macapá, e do Laranjal do Jari, a única fronteira do Amapá com Brasil, ao sul do Estado, a 300km de Macapá. Eu conheço o Município de Tabatinga. V. Exa. tem toda a razão de ter o nosso apoio e a nossa solidariedade. Eu assumo o compromisso com V. Exa. e com a população do Município de Tabatinga e do Estado do Amazonas de fazermos menção, junto ao Conselho da Justiça Federal e ao Presidente do STJ, Ministro João Otávio de Noronha, para levar essas manifestações de V. Exa., que são manifestações de brasileiros que querem ter o acesso à Justiça Federal e que não podem, de maneira nenhuma, ficar sem esse apoio, sem uma vara da Justiça Federal em Tabatinga, Município do Estado de V. Exa. Gostaria de responder à questão de ordem levantada pelo Líder…",https://www25.senado.leg.br/web/atividade/pronunciamentos/-/p/texto/460197,,
Q09-468071,Q09,Armas e processo legislativo,Qual pronunciamento respondeu questão de ordem sobre a retirada de pauta do PDL 55 de 2021 relativo à flexibilização da aquisição de armas?,468071,Davi Alcolumbre,2020-06-02,DEM,AP,"Resposta à Questão de Ordem apresentada pelo Senador Esperidião Amin acerca de apreciações de disposições e proposições a respeito  do Projeto de Lei que trata sobre fake news, PL 2.630, de 2020..","O SR. PRESIDENTE (Davi Alcolumbre. Bloco Parlamentar Vanguarda/DEM - AP. Para responder questão de ordem.) – Obrigado, Líder Amin. De fato, eu concedi a palavra ao autor e ao Relator, mas, como a missão de decidir cabe a esta Presidência, e concretamente eu sempre tenho buscado o diálogo, quando eu percebi que o Senador Alessandro e o Senador Angelo Coronel – lógico, ladeados pela manifestação de vários Senadores e pelo entendimento do adiamento da votação que contemplava em parte todos os Parlamentares que se encontravam na situação de analisar um projeto tão complexo em um dia –, eu tentei, na posição de Presidente, conciliar essa suspensão e tentar prestigiar o autor e o Relator para que eles pudessem se manifestar, como sinal de respeito. Naturalmente, eu, de maneira nenhuma, quis entrar na discussão do mérito do assunto, foi apenas para prestigiar o Senador da República que entendeu, que aceitou, que encaminhou documento solicitando a retirada da matéria de votação nesta semana, o que foi aquiescido por esta Presidência. Ela será pautada para a próxima semana. Então, teremos sete dias para construir todos esses desencontros redacionais/constitucionais, e os Parlamentares irão …",https://www25.senado.leg.br/web/atividade/pronunciamentos/-/p/texto/468071,,
Q09-476778,Q09,Armas e processo legislativo,Qual pronunciamento respondeu questão de ordem sobre a retirada de pauta do PDL 55 de 2021 relativo à flexibilização da aquisição de armas?,476778,Humberto Costa,2021-03-16,PT,PE,"Preocupação com o aumento do acesso às armas pela população brasileira. 
Defesa da votação do Projeto de Decreto Legislativo nº 74, de 2021, que susta o Decreto 10.629, de 12 de fevereiro de 2021, referente a registro, cadastro e aquisição de armas e de munições por caçadores, colecionadores e atiradores.","…a/PT - PE. Para discutir.) – Sr. Presidente, Sras. Senadoras, Srs. Senadores, eu estou muito preocupado com o ritmo em que a população brasileira vem tendo acesso a armamentos. Esta semana, a CNN publicou uma matéria em que demonstra que a compra de armas cresce no Brasil em mais de 2.000% – só no ano passado. O Brasil hoje já importa mais armas do que lápis e bicicletas. Essas importações crescem, ininterruptamente, desde 2017, tanto porque se criou uma demanda, quanto porque há uma facilitação da burocracia para a compra de revólveres e de pistolas estrangeiras. Em 2020, foram US$29,3 milhões em revólveres e pistolas que foram importados. É um recorde histórico! O volume importado em 2020 foi 2.656% maior do que a média da série histórica iniciada em 1997. Ainda no último domingo – para reforçar, inclusive, o argumento da Senadora Simone Tebet –, foi flagrado, em uma mobilização de apoio ao Presidente Bolsonaro nesse final de semana em Brasília, um cidadão armado com um fuzil, participando de uma carreata. O ex-Presidente Lula tem sido objeto de diversas ameaças nos meios, nas redes sociais por pessoas que simulam atirar nele. Enfim, a cultura da violência e da morte no Brasil nã…",https://www25.senado.leg.br/web/atividade/pronunciamentos/-/p/texto/476778,,
Q09-477756,Q09,Armas e processo legislativo,Qual pronunciamento respondeu questão de ordem sobre a retirada de pauta do PDL 55 de 2021 relativo à flexibilização da aquisição de armas?,477756,Eduardo Girão,2021-04-08,PODEMOS,CE,"Apresentação de Questão de Ordem, com fundamento no art. 175 do Regimento Interno do Senado Federal, para questionar a possível retirada de pauta do Projeto de Decreto Legislativo (PDL) nº 55, de 2021, que susta o Decreto 10630, de 12 de fevereiro de 2021, que altera o Decreto nº 9847, de 25 de junho de 2019, que regulamenta a Lei nº 10826, de 2003, para dispor sobre a aquisição, o cadastro, o registro, o porte e a comercialização de armas de fogo e de munição e sobre o Sistema Nacional de Armas e o Sistema de Gerenciamento Militar de Armas.","O SR. EDUARDO GIRÃO (Bloco Parlamentar PODEMOS/PSDB/PSL/PODEMOS - CE. Para questão de ordem.) – Sr. Presidente Rodrigo Pacheco, todos os colegas que estão aqui conectados participando desta sessão, não é novidade para ninguém – eu já expus algum tempo atrás, Presidente – um dos motivos que me fizeram entrar na política, uma questão pessoal, de ordem pessoal: um livramento que houve quando um cidadão de bem pegou uma arma, comprou uma arma, e entrou numa escola onde estavam os meus filhos. Mais de duas dezenas foram mortos. Isso foi muito tocante para que eu entrasse na vida política, o que não era meu planejamento, e eu quero, a partir disso, relembrar Mahatma Gandhi, que dizia o seguinte: ""De olho por olho e dente por dente, a humanidade vai acabar cega e sem dentes"". Por isso, eu quero fazer esse apelo nessa questão de ordem para o senhor, na forma do disposto do art. 403 e seguintes do Regimento Interno do Senado Federal. Encaminho a V. Exa., a presente questão de ordem para questionar a possível retirada de pauta do PDL 55, de 2021, em contrariedade ao art. 175 do Regimento Interno do Senado Federal. O referido dispositivo regimental apregoa que a sequência dos trabalhos da Ord…",https://www25.senado.leg.br/web/atividade/pronunciamentos/-/p/texto/477756,,
Q09-477770,Q09,Armas e processo legislativo,Qual pronunciamento respondeu questão de ordem sobre a retirada de pauta do PDL 55 de 2021 relativo à flexibilização da aquisição de armas?,477770,Humberto Costa,2021-04-08,PT,PE,"Críticas ao Decreto nº 10630, de 2021, que flexibiliza o uso e a aquisição de armas no Brasil, publicado pelo Presidente da República, Jair Bolsonaro. Defesa da votação do Projeto de Decreto Legislativo (PDL) nº 55, de 2021, que susta os efeitos jurídicos do referido decreto.","…oras, Srs. Senadores, eu quero aqui me associar à preocupação do nobre Senador Luiz Girão, no sentido de que nós possamos hoje discutir e votar os decretos legislativos que sustam os decretos do Presidente da República que permitem a disseminação de armas de fogo no nosso País. Primeiro tivemos um processo do decreto inicial, que o Congresso derrubou, e depois o Presidente o readaptou. Depois a liberação para importação de armas. Hoje, no Brasil, se importam mais armas do que, por exemplo, lápis, cadernos, livros, enfim. E o que representa esse novo decreto? Esses decretos recentes do Governo, que devem começar a valer na semana que vem, se nós não aprovarmos a sustação pelos decretos legislativos, permitem que uma pessoa possa ter até seis armas, e oito, se ela for juiz, se for um procurador, se for integrante das Forças Armadas e das polícias, sendo que duas de uso restrito. A partir de agora, quando alguém quiser comprar arma, basta uma declaração de aptidão psicológica dada por qualquer psicólogo que esteja vinculado ao Conselho Regional de Psicologia, quando antes era necessário que esse psicólogo estivesse cadastrado na Polícia Federal. Pode-se agora andar com duas armas. O p…",https://www25.senado.leg.br/web/atividade/pronunciamentos/-/p/texto/477770,,
Q09-477782,Q09,Armas e processo legislativo,Qual pronunciamento respondeu questão de ordem sobre a retirada de pauta do PDL 55 de 2021 relativo à flexibilização da aquisição de armas?,477782,Fabiano Contarato,2021-04-08,REDE,ES,"Manifestação contrária ao Decreto nº 10630, de 2021, que flexibiliza o uso e a aquisição de armas no Brasil, publicado pelo Presidente da República, Jair Bolsonaro. Defesa da manutenção em pauta de votação do Projeto de Decreto Legislativo (PDL) nº 55, de 2021, que susta os efeitos jurídicos do referido decreto.","…enadores, vamos ficar assistindo a isso passivamente? Com todo o respeito ao meu colega, que é o Relator, que eu tenho certeza de que fará um relatório brilhante, mas vamos ter a sensibilidade, porque esse decreto está entrando em vigor agora. Vamos pautar, vamos manter, vamos dar uma resposta, vamos para o processo democrático no voto. Por que não votar isso? Coloque em pauta para sustar esses decretos, e aí ganha quem tiver o maior número de votos. Eu tenho a minha consciência tranquila de que o principal bem jurídico, que é a vida humana, está sendo banalizado através desse Governo Federal quando ele reduz, diminui a alíquota de importação para arma e quer taxar livros, quando ele aumenta a tributação para cilindros de oxigênio em plena pandemia. Então, eu faço um apelo a V. Exa. e a todos os Senadores e Senadoras: vamos lutar para que esses projetos de decreto legislativo sejam pautados hoje e julgados, na certeza de que nós estaremos contribuindo. O que a população precisa, Sr. Presidente, não é de arma, não. A população precisa de vacina. A população precisa voltar a trabalhar, ter saúde de qualidade, educação de qualidade. O que este Senado tinha que fazer era instituir o im…",https://www25.senado.leg.br/web/atividade/pronunciamentos/-/p/texto/477782,,
Q09-477791,Q09,Armas e processo legislativo,Qual pronunciamento respondeu questão de ordem sobre a retirada de pauta do PDL 55 de 2021 relativo à flexibilização da aquisição de armas?,477791,Paulo Rocha,2021-04-08,PT,PA,"Apresentação de Questão de Ordem, com justificativa no Regimento Interno, solicitando. junto ao Presidente Rodrigo Pacheco, a alteração de relatoria do Projeto de Decreto Legislativo (PDL) nº 55, de 2021, que se encontra com o Senador Marcos do Val para a relatoria da Senadora Eliziane Gama.","O SR. PAULO ROCHA (Bloco Parlamentar da Resistência Democrática/PT - PA. Para questão de ordem.) – Sr. Presidente, que me desculpe o Senador Esperidião Amin, nosso decano, mas aqui não é uma simples emoção que desconsidera a posição política daqueles que falaram e daquelas que falaram. Aqui é um sentimento humanista. Portanto, quero falar para o Marcos do Val. Estou aqui há 28 anos e o que eu vou falar não é nenhum desrespeito ao Senador. Eu, quando cheguei aqui, um simples operário, sem grandes formações, fui sendo respeitado pelos outros companheiros, pelos outros colegas, a partir também do respeito que dei a todos. Portanto, eu respeito V. Exa., independentemente da posição política que você tenha. Para dar um exemplo, eu consegui aprovar aqui um projeto de combate ao trabalho escravo, que era nas grandes fazendas lá do Pará, onde era recorrente essa questão do trabalho escravo, e foi um projeto negociado com o então Deputado Caiado, que estava em outro lado, opostamente. E foi assim que nós fomos adquirindo respeito um pelo outro. Portanto, eu respeito V. Exa. Agora, está cheio de contradição, Senador. Como é que você diz que é um estudioso há 20 anos e que, inclusive, é profe…",https://www25.senado.leg.br/web/atividade/pronunciamentos/-/p/texto/477791,,
Q09-477798,Q09,Armas e processo legislativo,Qual pronunciamento respondeu questão de ordem sobre a retirada de pauta do PDL 55 de 2021 relativo à flexibilização da aquisição de armas?,477798,Rodrigo Pacheco,2021-04-08,DEM,MG,"Resposta à Questão de Ordem suscitada pelo Senador Eduardo Girão com base no art. 175 do Regimento Interno do Senado Federal, acerca da retirada de pauta do Projeto de Decreto Legislativo nº 55, de 2021, que susta os efeitos jurídicos do Decreto nº 10630, de 2021, que flexibiliza o uso e a aquisição de armas no Brasil, publicado pelo Presidente da República, Jair Bolsonaro.
Resposta à Questão de Ordem suscitada pelo Senador Paulo Rocha acerca da urgência do Projeto de Decreto Legislativo citado acima.","O SR. PRESIDENTE (Rodrigo Pacheco. Bloco Parlamentar Vanguarda/DEM - MG. Para responder questão de ordem.) – Agradeço ao Líder Jean Paul Prates. Neste instante, portanto, já determinada a retirada de pauta, em razão do pedido do Relator, resolvo a questão de ordem suscitada pelo Senador Eduardo Girão com base no art. 175 do Regimento Interno do Senado Federal, que, informa, Senador Girão, que a sequência dos trabalhos da Ordem do Dia não poderá ser alterada senão – e aí a ressalva do inciso V que é justamente – pela retirada de qualquer matéria para cumprimento de despacho, correção de erro ou omissão no avulso eletrônico, ou para sanar falhas de instrução. Este caso concreto é revelador de que não há o parecer apresentado pelo eminente Senador Marcos do Val, pelas justificativas apresentadas por S. Exa., assim como aconteceu em relação a outros tantos projetos, porque, repito, estamos num momento de excepcionalidade, levando os projetos diretamente ao Plenário. Portanto, com a ausência do parecer, não é possível submeter a deliberação, daí o motivo da retirada de pauta, fundada no art. 175. E resolvo também a questão de ordem do Senador Paulo Rocha, que invoca o instituto da urgên…",https://www25.senado.leg.br/web/atividade/pronunciamentos/-/p/texto/477798,,
Q09-478113,Q09,Armas e processo legislativo,Qual pronunciamento respondeu questão de ordem sobre a retirada de pauta do PDL 55 de 2021 relativo à flexibilização da aquisição de armas?,478113,Eliziane Gama,2021-04-15,CIDADANIA,MA,"Apresentação de Questão de Ordem, com fundamento no art. 403 do Regimento Interno do Senado Federal, combinado com o art. 49, inciso V, da Constituição Federal, para elucidar dúvida sobre a possibilidade da prejudicialidade de dispositivos de proposição com base em decisão liminar do Poder Judiciário, acerca dos projetos de decreto legislativos que sustam os decretos presidenciais relacionados a armas.","A SRA. ELIZIANE GAMA (Bloco Parlamentar Senado Independente/CIDADANIA - MA. Para questão de ordem.) – Olá, Presidente. Presidente Rodrigo Pacheco, eu queria cumprimentar V. Exa. e a todos os meus demais colegas. Na verdade, eu quero ler uma questão de ordem sobre os PDLs que sustam os decretos das armas. Eu vou ler aqui, na íntegra, a questão de ordem que nós preparamos. Sr. Presidente, com base no art. 403 do Regimento Interno do Senado Federal, encaminho a presente questão de ordem no sentido de elucidar dúvida sobre a interpretação do Regimento Interno quanto à possibilidade de prejudicar dispositivos de proposição com base em decisão liminar do Poder Judiciário. Mais cedo, o Senador Marcos do Val apresentou seu relatório sobre o PDL 55/2021 e seus apensados. No voto, considerou prejudicada parte dos projetos com fundamento na decisão liminar proferida pela Ministra Rosa Weber, que suspendeu dispositivos dos decretos do Presidente da República. Cumpre salientar que a decisão possui caráter provisório, porque, para manter seus efeitos, é necessária a confirmação da maioria dos Ministros do Supremo Tribunal Federal, isto é, trata-se da suspensão temporária dos dispositivos em ques…",https://www25.senado.leg.br/web/atividade/pronunciamentos/-/p/texto/478113,,
Q09-479461,Q09,Armas e processo legislativo,Qual pronunciamento respondeu questão de ordem sobre a retirada de pauta do PDL 55 de 2021 relativo à flexibilização da aquisição de armas?,479461,Eduardo Gomes,2021-05-26,MDB,TO,"Solicitação da retirada de pauta de votação do Projeto de Lei nº 872, de 2021, que dispõe sobre o uso da Inteligência Artificial.","O SR. EDUARDO GOMES (Bloco Parlamentar Unidos pelo Brasil/MDB - TO. Pela ordem.) – Presidente, Srs. Senadores, Sras. Senadoras, o pedido de palavra pela ordem é para comunicar às Sras. e aos Srs. Senadores a solicitação, por tentar aprimorar e chegar a bom termo a votação, de retirada de pauta do item 2, do Projeto de Lei nº 872, de 2021, do nosso querido Senador Veneziano, nosso Vice-Presidente. Sr. Presidente, o projeto tem recebido contribuições valorosas. No dia de ontem ainda, recebi informações de projetos análogos, de sugestões. Então, eu gostaria desse tempo para atender algumas entidades, conversar com o autor do projeto, com quem me relaciono muito bem e, juntos, formularmos o melhor relatório possível. Então, eu gostaria de solicitar apoio ao requerimento de retirada, mas vou fazer isso evidentemente tendo também, como Relator designado por V. Exa., a tranquila tarefa de conversar com o nosso Vice-Presidente, Senador Veneziano, sobre o trâmite do projeto de lei e a sua aprovação. Então, peço o apoio de todos. E informo também, Sr. Presidente, nesta sessão de hoje, que, por deliberação de V. Exa., iniciamos os debates para a sessão do Congresso Nacional que será na próxim…",https://www25.senado.leg.br/web/atividade/pronunciamentos/-/p/texto/479461,,
Q09-479862,Q09,Armas e processo legislativo,Qual pronunciamento respondeu questão de ordem sobre a retirada de pauta do PDL 55 de 2021 relativo à flexibilização da aquisição de armas?,479862,Rodrigo Pacheco,2021-04-27,DEM,MG,"Solicitação da retirada de pauta do Projeto de Lei nº 1052, de 2020, que altera a Lei nº 8.213, de 24 de julho de 1991, para permitir a contratação dos pais de menores com deficiência, assim como de seus responsáveis legais, quando não houver, no município da prestação dos serviços, pessoas com deficiência habilitadas para a admissão nos moldes do referido dispositivo legal.","…r Vanderlan Cardoso, esse pedido, que se soma ao pedido da Bancada Feminina em relação ao PLC 130. E, quanto ao item 7, Projeto de Lei 1.052, de 2020, de sua autoria, relatado pelo Senador Otto Alencar, eu pergunto ao Plenário se há alguma objeção à retirada de pauta por pedido do Relator e também do autor do projeto. (Pausa.) Não havendo objeção do Plenário, nós retiramos de pauta e aguardamos o posicionamento do Relator para reinclusão na pauta do Senado Federal, Senador Vanderlan Cardoso. Pede a palavra pela ordem a Senadora Zenaide Maia.",https://www25.senado.leg.br/web/atividade/pronunciamentos/-/p/texto/479862,,
Q09-482832,Q09,Armas e processo legislativo,Qual pronunciamento respondeu questão de ordem sobre a retirada de pauta do PDL 55 de 2021 relativo à flexibilização da aquisição de armas?,482832,Marcelo Castro,2021-09-02,MDB,PI,"Solicitação da retirada de pauta do Projeto de Lei nº 2350, de 2021, que cria o Programa Gás para os Brasileiros e altera a Lei nº 10.336, de 2001, que institui a Contribuição de Intervenção no Domínio Econômico incidente sobre combustíveis (Cide), relatado por S. Exa.","O SR. MARCELO CASTRO (Bloco Parlamentar Unidos pelo Brasil/MDB - PI. Pela ordem.) – Eu gostaria de me dirigir a V. Exa. e pedir a retirada de pauta do item de que sou o Relator, em busca de um consenso. Recebemos umas ponderações sobre algumas modificações que precisam ser feitas. Como nós temos sempre o espírito de colaborar, de conciliar, de compor, então nós estamos dando um tempo para poder haver um entendimento entre as diversas partes envolvidas na questão. Agradeço a V. Exa. e agradeço também ao Senador Alvaro Dias. Obrigado.",https://www25.senado.leg.br/web/atividade/pronunciamentos/-/p/texto/482832,,
Q09-484702,Q09,Armas e processo legislativo,Qual pronunciamento respondeu questão de ordem sobre a retirada de pauta do PDL 55 de 2021 relativo à flexibilização da aquisição de armas?,484702,Fernando Bezerra Coelho,2021-10-26,MDB,PE,"Defesa de entendimento para retirada de pauta do Projeto de Decreto Legislativo nº 826, de 2021, que susta dispositivos da Portaria nº 131, de 2021, do Ministério da Infraestrutura, referente à Medida Provisória nº 1065, de 2021, que dispõe sobre o marco regulatório das ferrovias, em razão do reconhecimento pelo Poder Executivo da necessidade da sua republicação para priorização da análise de requerimentos de autorização e não de outorga.","O SR. FERNANDO BEZERRA COELHO (Bloco Parlamentar Unidos pelo Brasil/MDB - PE. Pela ordem.) – Sr. Presidente, Sras. e Srs. Senadores, eu peço a palavra pela ordem para tratar de um assunto que consta na Ordem do Dia, que é a apreciação do projeto de decreto legislativo para sustar os efeitos da Portaria 131/2021 do Ministério de Infraestrutura. Após conversa com. V. Exa. e também em entendimentos com o Relator do nosso projeto de lei que trata do marco ferroviário, o Senador Jean Paul, nós chegamos a um entendimento para o qual eu queria pedir a compreensão do Senador José Aníbal, que é o Relator do PDL. Não tive a oportunidade de falar com ele, mas falei com o Líder do PSDB, o Senador Izalci, sobre a tentativa de a gente construir um entendimento, na republicação da portaria, para sustar da portaria a expressão ""outorga"", que estava inscrita no §1º do art. 9°, sobre o que se deu uma polêmica e um debate. Os Senadores têm razão, o Ministro Tarcísio se convenceu, bem como os técnicos do Ministério de Infraestrutura, no sentido de que a prioridade será dada à análise dos requerimentos de autorização, e não na eventual prioridade na outorga. Então, esse foi um entendimento em que conse…",https://www25.senado.leg.br/web/atividade/pronunciamentos/-/p/texto/484702,,
Q09-485415,Q09,Armas e processo legislativo,Qual pronunciamento respondeu questão de ordem sobre a retirada de pauta do PDL 55 de 2021 relativo à flexibilização da aquisição de armas?,485415,Jean-Paul Prates,2021-11-23,PT,RN,"Solicitação da votação do Requerimento nº 2285, de 2021, de oitiva da Comissão de Assuntos Econômicos e da Comissão de Serviços de Infraestrutura sobre o Projeto de Lei Complementar (PLP) n° 147, de 2019 (Substitutivo da Câmara dos Deputados), que ""Altera a Lei Complementar n° 123, de 14 de dezembro de 2006 (Estatuto Nacional da Microempresa e da Empresa de Pequeno Porte), para modificar a composição e o funcionamento do Comitê Gestor do Simples Nacional (CGSN) e ampliar o âmbito de aplicação de seu regime tributário"".","O SR. JEAN PAUL PRATES (Bloco Parlamentar da Resistência Democrática/PT - RN. Pela ordem.) – Apenas para aproveitar o tempo que estão se organizando para a votação e a entrada da Senadora Leila Barros, para solicitar a apreciação do nosso requerimento para votar o requerimento para a ida à CAE, retirada de pauta do item 3. Ao menos para a retirada de pauta do item 3. Hoje temos várias questões aqui que nos chegaram, que nos fazem pensar que é bom ganhar um tempinho ainda para discutir a fase final aqui desse processo em relação ao caminhoneiro autônomo. Obrigado. O SR. PRESIDENTE (Rodrigo Pacheco. PSD - MG) – V. Exa. se refere ao Substitutivo da Câmara dos Deputados ao Projeto de Lei Complementar nº 147, de 2019. O SR. JEAN PAUL PRATES (Bloco Parlamentar da Resistência Democrática/PT - RN) – 147, de 2019, exatamente. O SR. PRESIDENTE (Rodrigo Pacheco. PSD - MG) – V. Exa. pede a retirada de pauta? O SR. JEAN PAUL PRATES (Bloco Parlamentar da Resistência Democrática/PT - RN) – Perfeitamente.",https://www25.senado.leg.br/web/atividade/pronunciamentos/-/p/texto/485415,,
Q09-485416,Q09,Armas e processo legislativo,Qual pronunciamento respondeu questão de ordem sobre a retirada de pauta do PDL 55 de 2021 relativo à flexibilização da aquisição de armas?,485416,Alvaro Dias,2021-11-23,PODEMOS,PR,"Apoio à solicitação de adiamento da apreciação do Projeto de Lei Complementar (PLP) n° 147, de 2019 (Substitutivo da Câmara dos Deputados), que ""Altera a Lei Complementar n° 123, de 14 de dezembro de 2006 (Estatuto Nacional da Microempresa e da Empresa de Pequeno Porte), para modificar a composição e o funcionamento do Comitê Gestor do Simples Nacional (CGSN) e ampliar o âmbito de aplicação de seu regime tributário"".","O SR. ALVARO DIAS (Bloco Parlamentar PODEMOS/PSDB/PSL/PODEMOS - PR. Pela Liderança.) – O Podemos apoia, Presidente, a retirada de pauta.",https://www25.senado.leg.br/web/atividade/pronunciamentos/-/p/texto/485416,,
Q09-489111,Q09,Armas e processo legislativo,Qual pronunciamento respondeu questão de ordem sobre a retirada de pauta do PDL 55 de 2021 relativo à flexibilização da aquisição de armas?,489111,Eduardo Girão,2022-03-10,PODEMOS,CE,"Solidariedade às Senadoras que sofreram ameaças, por meio de redes sociais, em decorrência do adiamento da votação do Projeto de Lei nº 3723, de 2019, que facilita o acesso a armas de fogo, na Comissão de Constituição, Justiça e Cidadania (CCJ) do Senado Federal. Manifestação contrária ao referido Projeto.","O SR. EDUARDO GIRÃO (Bloco Parlamentar PODEMOS/PSDB/PSL/PODEMOS - CE. Pela ordem.) – Sr. Presidente, muito obrigado pela oportunidade. Eu queria, em primeiro lugar, manifestar minha solidariedade com a Senadora Eliziane Gama, a Senadora Simone Tebet, porque nós, muitas vezes até, estamos de outro lado, pensando diferentemente em algumas pautas. Nesta, nós estamos juntos pela paz, pela vida, pelo controle de armas de fogo. Eu também fui ameaçado, já tomei o procedimento junto à Polícia Legislativa, fui muito bem acolhido e o processo já iniciou. E agradeço a sua fala, Presidente, de apoio aos Parlamentares, garantindo o nosso livre exercício do mandato, com voto, com opinião. Mas o que eu queria colocar é que eu tenho convicção absoluta de que foi uma minoria dos CACs. A gente recebe, às vezes – dessa vez foi ameaça –, muito palavrão, certas situações, assim, de agressividade, de constrangimento. Isso é o tempo todo, Senador Nelsinho, o tempo todo, quando se entra nesse assunto de arma – quando se entra nesse assunto de arma –, porque a intolerância está muito grande no país. Por isso que eu acho que não é prioridade absoluta, no momento em que a gente vive, se deliberar sobre esse …",https://www25.senado.leg.br/web/atividade/pronunciamentos/-/p/texto/489111,,
Q09-489228,Q09,Armas e processo legislativo,Qual pronunciamento respondeu questão de ordem sobre a retirada de pauta do PDL 55 de 2021 relativo à flexibilização da aquisição de armas?,489228,Zenaide Maia,2022-03-23,PROS,RN,"Como Relatora - Para proferir parecer sobre o Projeto de Resolução do Senado (PRS) n° 7, de 2022, que ""Altera a Resolução do Senado nº 14, de 2021, para constituir a Frente Parlamentar pelo Controle de Armas, pela Paz e pela Vida"".","…ão, a redação, a alteração e a consolidação das leis, mas a sua redação merece alguns reparos, a fim de evitar interpretações incorretas quanto ao alcance do seu objeto. De fato, o escopo da frente parlamentar em tela abarca não apenas o controle de armas, mas também o de munições, já que o arcabouço normativo relativo às primeiras está intimamente ligado ao dessas últimas. A esse propósito, basta consultar a própria legislação que regulamenta a matéria, a Lei nº 10.826, de 22 de dezembro de 2003, em cuja ementa se lê “dispõe sobre registro, posse e comercialização de armas de fogo e munição”, razão pela qual propomos a apresentação de emendas de redação a fim de reparar esse lapso do texto original do PRS nº 7, de 2022. Quanto ao mérito, concordamos plenamente com a justificação apresentada pelos autores, no sentido da necessidade de se instituir uma frente parlamentar que se proponha a discutir o tema do controle de armas de forma abrangente, respeitando a complexidade do assunto e evitando dogmatismos maniqueístas que buscam enquadrar a matéria como um embate entre os “pró-armas” e os “pró-desarmamento”. Desse modo, entendemos que a criação da Frente Parlamentar pelo Controle de…",https://www25.senado.leg.br/web/atividade/pronunciamentos/-/p/texto/489228,,
Q09-489692,Q09,Armas e processo legislativo,Qual pronunciamento respondeu questão de ordem sobre a retirada de pauta do PDL 55 de 2021 relativo à flexibilização da aquisição de armas?,489692,Carlos Fávaro,2022-03-30,PSD,MT,"Considerações sobre o Projeto de Lei (PL) n° 675, de 2021, que ""Modifica os arts. 138 a 141 e art. 144 do Decreto 2.848, de 7 de dezembro de 1940 – Código Penal"", para aumentar as penas cominadas aos crimes de calúnia, difamação e injúria, bem como criar critérios para a ampliação das respectivas penas pecuniárias.","…saltar aos colegas Senadores que também vou consultar o Relator da matéria, o Exmo. Senador Angelo Coronel, sobre a propositura, mas quero dizer que não há, desta feita, um afogadilho para a votação da matéria. Vejam como foi dito: ela já foi para a pauta do Senado Federal em 14 de julho de 2021, exatamente quando estávamos debatendo os aperfeiçoamentos da legislação eleitoral prevista para 2022. Este tema é muito importante. Nós não podemos deixar sem que seja debatido por esta Casa, para darmos as respostas a todos os brasileiros que sofrem com a banalização dos crimes contra a honra. Eu concordo que a necessidade de discutir o assunto é eminente, tanto que tivemos a participação de 11 Senadores, com emendas – e também as proposituras feitas pelo Senador Angelo Coronel – que melhoraram o texto. Eu consulto o Senador Angelo Coronel quanto à retirada de pauta hoje para que nós possamos ampliar o debate, até porque, diga-se de passagem, não me sinto confortável de levar uma matéria de que sou autor numa sessão em que o Presidente da Casa não está, o Presidente Rodrigo Pacheco. Se o Senador Angelo Coronel concordar, nós retiramos de pauta hoje. Amanhã, também, fica retirada de pauta,…",https://www25.senado.leg.br/web/atividade/pronunciamentos/-/p/texto/489692,,
Q09-492788,Q09,Armas e processo legislativo,Qual pronunciamento respondeu questão de ordem sobre a retirada de pauta do PDL 55 de 2021 relativo à flexibilização da aquisição de armas?,492788,Lafayette de Andrada,2022-07-11,REPUBLICANOS,MG,"Apresentação de Questão de Ordem, com fundamento no § 6º do art. 66 da Constituição Federal, acerca do sobrestamento da pauta de votação por vetos pendentes de deliberação após o prazo fixado, em razão da solicitação de inversão de pauta para votação do Projeto de Lei do Congresso Nacional nº 5, de 2022, PLDO 2023, que ""Dispõe sobre as diretrizes para a elaboração e a execução da Lei Orçamentária de 2023 e dá outras providências"".","O SR. LAFAYETTE DE ANDRADA (REPUBLICANOS - MG. Para questão de ordem. Sem revisão do orador.) – O Republicanos levanta também a mesma questão de ordem sobre a impossibilidade da inversão de pauta, uma vez que o Regimento é claro e a Constituição também, no sentido de que, primeiro, votam-se os vetos – eles estão obstruindo a pauta – e de que, somente depois de votados os vetos, votaremos, então, o projeto da LDO.",https://www25.senado.leg.br/web/atividade/pronunciamentos/-/p/texto/492788,,
Q10-468560,Q10,Proteção de dados,Qual pronunciamento apresentou uma reflexão sobre a proteção de dados pessoais na atualidade?,468560,Izalci Lucas,2020-06-22,PSDB,DF,Sessão de Debates Temáticos destinada a debater sobre o adiamento das eleições municipais durante a pandemia.,"…o sábado e o domingo para a gente poder realmente não deixar aglomerar muita gente. Vou aproveitar a oportunidade para falar sobre um outro tema que me preocupa muito neste momento agora. Tanto na Itália quanto na Hungria, as agências reguladoras de proteção de dados já multaram os partidos políticos em alguns mil reais, respectivamente, por falhas de segurança de dados e de privacidade. Em nosso caso, a Lei Geral de Proteção de Dados Pessoais entra em vigor agora antes de a agência de dados brasileira ser criada. Poderia algum juiz eleitoral ou o próprio Ministério Público aplicar multas que a lei estabelece? Essa lei prevê nove punições para quem descumprir as suas regras, entre elas: o bloqueio de uso dos dados e a proibição da atividade relacionada ao tratamento desses dados. Na prática, se a lei entrar em vigor durante o processo eleitoral agora, de 2020, poderá a agência nacional de proteção de dados suspender uma candidatura, uma convenção partidária, ou o registro de uma candidatura de um partido político ou coligação se houver uso ilegal desses dados pessoais? Será que os partidos políticos estão em conformidade com essa lei de proteção de dados para as eleições, agora, mu…",https://www25.senado.leg.br/web/atividade/pronunciamentos/-/p/texto/468560,,
Q10-481521,Q10,Proteção de dados,Qual pronunciamento apresentou uma reflexão sobre a proteção de dados pessoais na atualidade?,481521,WALDEMAR GONÇALVES ORTUNHO JÚNIOR,2021-07-16,,,"Sessão de Debates Temáticos destinada à análise do Projeto de Lei nº 872, de 2021, que dispõe sobre o uso da Inteligência Artificial.","O SR. WALDEMAR GONÇALVES ORTUNHO JÚNIOR (Para exposição de convidado.) – Obrigado, Senador Eduardo Girão. Antes, eu tenho que agradecer este convite que o Senado fez à Autoridade Nacional de Proteção de Dados. É um assunto bastante relevante para a proteção de dados do titular de dados pessoais no nosso País. Parabenizo, então, a iniciativa do Senado Federal em abrir o debate público, que deve ser o mais amplo possível, efetuado com cautela e considerar a complexidade e a importância que envolvem o tema. Já ouvimos diversas apresentações. Será uma manhã fantástica em que poderemos ver diferentes opiniões envolvendo diferentes atores em termos de Brasil. A inteligência artificial irá produzir profundos impactos em diversos setores da sociedade, com muitas consequências positivas em que poderemos, por exemplo, ver o aumento da produtividade, da inovação, do desenvolvimento de novos negócios. Contudo, também é importante atentar para possíveis consequências negativas decorrentes, por exemplo, do risco de discriminação, do impacto sobre o mercado de trabalho, e isso significa que a regulação da inteligência oficial deve ser orientada a riscos, de forma a aproveitar o que há de melhor p…",https://www25.senado.leg.br/web/atividade/pronunciamentos/-/p/texto/481521,,
Q10-481522,Q10,Proteção de dados,Qual pronunciamento apresentou uma reflexão sobre a proteção de dados pessoais na atualidade?,481522,Eduardo Girão,2021-07-16,PODEMOS,CE,"Sessão de Debates Temáticos destinada à análise do Projeto de Lei nº 872, de 2021, que dispõe sobre o uso da Inteligência Artificial.","…DENTE (Eduardo Girão. Bloco Parlamentar PODEMOS/PSDB/PSL/PODEMOS - CE) – Gratíssimo. Nós é que estamos aqui felizes com a sua participação, Sr. Waldemar Gonçalves Ortunho Júnior, que é diretor-presidente do Conselho Diretor da Autoridade Nacional de Proteção de Dados (ANPD). É interessante esse tema, sim – eu sou um leigo, completamente leigo no assunto, estou aprendendo com vocês aqui, confesso que preciso mergulhar mais nesse assunto –, a inovação, o avanço da inteligência artificial está tão grande a um ponto que chega a assustar a gente. Às vezes, a gente está com o telefone aqui do lado desligado e tudo, fala um tema: ""Ah, essa cadeira não está legal"". Não sei se aconteceu com vocês isso já. E aí, daqui a pouco você vai ver uma rede social sua, alguma coisa, já tem lá um anúncio de cadeira. É um negócio impressionante, é assustador realmente e a gente precisa ter muito cuidado. Tem um documentário, que depois se alguém quiser comentar mais na frente, eu sei que o tempo é muito curto, mas um documentário chamado ""O Dilema das Redes"" que é muito impactante, a manipulação, algumas situações ali em que a gente precisa ter muito cuidado. Essa questão de privacidade, essa questão po…",https://www25.senado.leg.br/web/atividade/pronunciamentos/-/p/texto/481522,,
Q10-481523,Q10,Proteção de dados,Qual pronunciamento apresentou uma reflexão sobre a proteção de dados pessoais na atualidade?,481523,FABRICIO DA MOTA ALVES,2021-07-16,,,"Sessão de Debates Temáticos destinada à análise do Projeto de Lei nº 872, de 2021, que dispõe sobre o uso da Inteligência Artificial.","…que continuará outorgando esse espaço para contribuições. Agradeço ao amigo Gallindo, Sergio Paulo Gallindo, pela gentileza da concessão da inversão de pauta. Sr. Presidente, muito me orgulha representar o Senado Federal como Conselheiro Nacional de Proteção de Dados Pessoais e da Privacidade e me sinto bastante confortável em falar após o nosso Diretor-Presidente, Dr. Waldemar Gonçalves, especialmente pela convergência de opinião. O tema ""inteligência artificial"" é um tema de complexidade. Todos os que me antecederam e certamente os que me sucederão confirmarão, e V. Exa. muito bem trouxe aqui a dimensão exata dessa complexidade. A regulação em si atrai debates até mesmo que partem sobre a própria necessidade da regulação, e está muito claro que há um risco suficiente a justificar uma política legislativa promovida tanto pelo Governo Federal brasileiro como pelo próprio Congresso Nacional, através de suas Casas. Nós temos os projetos de lei tramitando aqui no Senado, como temos os projetos de lei tramitando na Câmara dos Deputados também. Ou seja, há um intuito muito claro das instituições públicas no sentido de propor a regulação sobre essa matéria, o que, de fato, me parece algo…",https://www25.senado.leg.br/web/atividade/pronunciamentos/-/p/texto/481523,,
Q10-481544,Q10,Proteção de dados,Qual pronunciamento apresentou uma reflexão sobre a proteção de dados pessoais na atualidade?,481544,Eduardo Girão,2021-07-16,PODEMOS,CE,"Sessão de Debates Temáticos destinada à análise do Projeto de Lei nº 872, de 2021, que dispõe sobre o uso da Inteligência Artificial. Leitura de pergunta do Relator da matéria, Senador Eduardo Gomes.","…para uma pergunta do Relator. Mais uma vez, muito obrigado, Sr. Sergio Paulo Gallindo. Agora, uma pergunta do Relator, Senador Eduardo Gomes. Um dos elementos básicos da construção de sistemas baseados em inteligência artificial é o processamento de dados, inclusive de dados pessoais. Aliás, neste particular, representando um risco adicional ao cidadão em razão dos impactos à privacidade e a outras liberdades. Quanto a isso, o Brasil recentemente aprovou uma Lei Geral de Proteção de Dados, que entrou em vigor somente ao final de 2020, ou seja, há menos de um ano e que ainda não foi ainda minimamente regulamentada. A Autoridade Nacional de Proteção de Dados, aqui representada por seu presidente, que é o Diretor Waldemar Gonçalves, tem buscado realizar essa regulamentação, mas fato é que não temos ainda um sistema maduro de proteção de dados pessoais implementado. Dito isso, questiono os convidados debatedores... E eu peço que um de vocês, se puder, levante a mão. Já estou até aqui com o Márcio, que pediu para responder. A pergunta é: faz sentido aprovar, neste momento, a regulamentação da inteligência artificial através de uma lei própria, especialmente no contexto de que esse marco…",https://www25.senado.leg.br/web/atividade/pronunciamentos/-/p/texto/481544,,
Q10-481545,Q10,Proteção de dados,Qual pronunciamento apresentou uma reflexão sobre a proteção de dados pessoais na atualidade?,481545,MARCIO NOBRE MIGON,2021-07-16,,,"Sessão de Debates Temáticos destinada à análise do Projeto de Lei nº 872, de 2021, que dispõe sobre o uso da Inteligência Artificial. Resposta à pergunta do Relator da matéria, Senador Eduardo Gomes.","… multissetorial, com 21 pessoas, às vezes é difícil tratar dos temas. Então, nós, lá, adotamos grupos de trabalho para abordar as diversas nuances daquilo que se passa na internet. E a resposta, simples, acho que seria ""não"". De fato, a Lei Geral de Proteção de Dados só está entrando em pleno vigor agora, em agosto, quando as sanções começarão a ser passíveis de aplicação. E, realmente, o caminho que foi preciso trilhar entre a discussão, a feitura da lei, a institucionalização e o avanço disso para a penalização não foi curto e ainda está em pleno progresso. O nosso Conselho Nacional de Proteção de Dados, inclusive, deve se reunir em breve, está sendo povoado por derradeiro agora, eu mesmo represento o nosso Comitê Gestor da Internet também nesse comitê... Então, parece-me que é importante termos bastante parcimônia quanto a esse avanço, conversarmos e discutirmos bastante e também separarmos os debates das aplicações, aquelas aplicações que são voltadas para a Internet das Coisas, cuja política pública já está bastante madura, bastante assentada, que já vem desde o Plano Nacional de Internet das Coisas, editado em 2019, que por sua vez decorre de estudos contratados pelo BNDES en…",https://www25.senado.leg.br/web/atividade/pronunciamentos/-/p/texto/481545,,
Q10-481561,Q10,Proteção de dados,Qual pronunciamento apresentou uma reflexão sobre a proteção de dados pessoais na atualidade?,481561,LOREN SPÍNDOLA,2021-07-16,,,"Sessão de Debates Temáticos destinada à análise do Projeto de Lei nº 872, de 2021, que dispõe sobre o uso da Inteligência Artificial.","A SRA. LOREN SPÍNDOLA (Para exposição de convidado.) – Imagina. Como eu disse, acho que a gente está enviesado, o debate da LGPD foi tão longo – como tem de ser, de fato – que fica com essa ideia de dado pessoal. Temos diversos dados. A inteligência artificial trabalha com os dados, é o que a alimenta. Então, dados geográficos, dados ambientais, dados meteorológicos, enfim, todos os tipos de dados. Aqui a discussão é a gente tomar cuidado para não simplesmente importar o modelo da União Europeia, em que se discute a criação de uma agência reguladora achando que é o certo. Eu acho que a gente tem aqui a oportunidade de debater, como foi dito, de transversar o tema. A Estratégia Nacional de Inteligência Artificial coloca isso. Acho que a gente tem que colocar com muito cuidado, com muita atenção, que não são apenas dados pessoais, não é apenas o setor de tecnologia; são todos os setores – os setores agrícolas, como foi colocado aqui também. Então, enfim, é ter cuidado com o discurso, com o debate, tirar vieses, e a gente conseguir abarcar todos os temas como se deve aqui.",https://www25.senado.leg.br/web/atividade/pronunciamentos/-/p/texto/481561,,
Q10-484476,Q10,Proteção de dados,Qual pronunciamento apresentou uma reflexão sobre a proteção de dados pessoais na atualidade?,484476,Simone Tebet,2021-10-20,MDB,MS,"Como Relator - Para proferir parecer sobre a Proposta de Emenda à Constituição (PEC) n° 17, de 2019, que ""Acrescenta o inciso XII-A, ao art. 5º, e o inciso XXX, ao art. 22, da Constituição Federal para incluir a proteção de dados pessoais entre os direitos fundamentais do cidadão e fixar a competência privativa da União para legislar sobre a matéria"".","…s. Senadores, serei breve, até porque nós já aprovamos esse projeto, que foi alterado pela Câmara dos Deputados. Na realidade, trata-se de uma PEC do ilustre Senador Eduardo Gomes, que, de forma pioneira e já prevendo a importância do tema, inclui a proteção de dados pessoais entre os direitos e garantias fundamentais do cidadão e fixa a competência da União para legislar sobre proteção e tratamento de dados pessoais. Pois bem, o projeto foi aprovado nesta Casa e sofreu duas alterações na Câmara dos Deputados. A primeira, mero ajuste de forma, transformando essa alteração, colocando essa alteração num novo inciso do art. 5º, inciso LXXIX; e a segunda modificação, que é de mérito, atribuindo à União – portanto, acrescentando um dispositivo – as competências de organizar e fiscalizar a proteção e o tratamento de dados pessoais, de acordo com a lei. Pois bem, a PEC atende aos preceitos constitucionais e legais, tanto no aspecto da forma quanto dos limites materiais. E, mais ainda, essa PEC recepciona em âmbito constitucional uma lei infraconstitucional que nós já aprovamos nesta Casa, em 2018, que é a Lei Geral de Proteção de Dados Pessoais (LGPD), que disciplina o tratamento de dados…",https://www25.senado.leg.br/web/atividade/pronunciamentos/-/p/texto/484476,,
Q10-484481,Q10,Proteção de dados,Qual pronunciamento apresentou uma reflexão sobre a proteção de dados pessoais na atualidade?,484481,Nelsinho Trad,2021-10-20,PSD,MS,"Orientação à bancada, pelo Partido PSD, sobre a Proposta de Emenda à Constituição (PEC) n° 17, de 2019, que ""Acrescenta o inciso XII-A, ao art. 5º, e o inciso XXX, ao art. 22, da Constituição Federal para incluir a proteção de dados pessoais entre os direitos fundamentais do cidadão e fixar a competência privativa da União para legislar sobre a matéria"".","…TRAD (PSD - MS. Para orientar a bancada.) – Sr. Presidente, a medida é oportuna e de grande relevância considerando a evolução histórica da própria sociedade na chamada Era da Informação. Sendo assim, entendemos a necessidade valorativa do direito à proteção de dados pessoais em relação à privacidade, o que merece assegurar seu status constitucional. Acompanhando a nobre Relatora, Senadora Simone Tebet, que apresentou um excelente relatório, a Liderança do PSD orienta o voto ""sim"".",https://www25.senado.leg.br/web/atividade/pronunciamentos/-/p/texto/484481,,
Q10-488300,Q10,Proteção de dados,Qual pronunciamento apresentou uma reflexão sobre a proteção de dados pessoais na atualidade?,488300,Rodrigo Pacheco,2022-02-10,PSD,MG,"Abertura da Sessão Solene destinada à promulgação da Emenda Constitucional nº 115, de 2022 (proveniente da Proposta de Emenda à Constituição nº 17, de 2019), que altera a Constituição Federal para incluir a proteção de dados pessoais entre os direitos e garantias fundamentais e para fixar a competência privativa da União para legislar sobre proteção e tratamento de dados pessoais.","O SR. PRESIDENTE (Rodrigo Pacheco. PSD - MG. Fala da Presidência.) – Declaro aberta a sessão solene do Congresso Nacional destinada à promulgação da Emenda Constitucional nº 115, de 2022, que altera a Constituição Federal para incluir a proteção de dados pessoais entre os direitos e garantias fundamentais e para fixar a competência privativa da União para legislar sobre proteção e tratamento de dados pessoais. Informo que se encontra no Plenário delegação da União Europeia no Brasil, composta pela Ministra Ana Beatriz Martins, Chefe de Delegação Adjunta da União Europeia no Brasil, o Ministro Carlos Oliveira, Chefe do Setor de Mercado Digital da União Europeia no Brasil; e Thaylise Bezerra, assessora do Setor de Mercado Digital da União Europeia no Brasil. Foram Relatores da proposta, no Senado Federal, a Senadora Simone Tebet e, na Câmara dos Deputados, o Deputado João Roma e o Deputado Orlando Silva. Convido para compor a Mesa, com esta Presidência, o Exmo. Sr. Senador Eduardo Gomes, primeiro subscritor da proposta de emenda à Constituição; o Deputado Orlando Silva, Relator na Comissão Especial destinada à instrução da proposta na Câmara dos Deputados; o Exmo. Sr. Senador Alexand…",https://www25.senado.leg.br/web/atividade/pronunciamentos/-/p/texto/488300,,
Q10-488301,Q10,Proteção de dados,Qual pronunciamento apresentou uma reflexão sobre a proteção de dados pessoais na atualidade?,488301,Alexandre Silveira,2022-02-10,PSD,MG,"Sessão Solene destinada à promulgação da Emenda Constitucional nº 115, de 2022 (proveniente da Proposta de Emenda à Constituição nº 17, de 2019), que altera a Constituição Federal para incluir a proteção de dados pessoais entre os direitos e garantias fundamentais e para fixar a competência privativa da União para legislar sobre proteção e tratamento de dados pessoais. Leitura dos autógrafos da Emenda Constitucional.","O SR. ALEXANDRE SILVEIRA (PSD - MG) – Emenda Constitucional n° 115, de 2022, que altera a Constituição Federal para incluir a proteção de dados pessoais entre os direitos e garantias fundamentais e para fixar a competência privativa da União para legislar sobre proteção e tratamento de dados pessoais. Brasília, 10 de fevereiro de 2022. (Palmas.)",https://www25.senado.leg.br/web/atividade/pronunciamentos/-/p/texto/488301,,
Q10-488302,Q10,Proteção de dados,Qual pronunciamento apresentou uma reflexão sobre a proteção de dados pessoais na atualidade?,488302,Rodrigo Pacheco,2022-02-10,PSD,MG,"Sessão Solene destinada à promulgação da Emenda Constitucional nº 115, de 2022 (proveniente da Proposta de Emenda à Constituição nº 17, de 2019), que altera a Constituição Federal para incluir a proteção de dados pessoais entre os direitos e garantias fundamentais e para fixar a competência privativa da União para legislar sobre proteção e tratamento de dados pessoais.","…ional n° 115, de 2022. (Palmas.) Srs. e Sras. Parlamentares, Exmo. Sr. Ministro do STJ, demais autoridades presentes, senhoras e senhores, esta sessão do Congresso Nacional destina-se a promulgar a Emenda à Constituição n° 115, de 2022, que trata da proteção de dados pessoais. Para ser mais específico, a referida Emenda à Constituição inclui a proteção de dados pessoais entre os direitos fundamentais do cidadão e fixa a competência privativa da União para legislar sobre esse tema. A matéria aprovada pelo Congresso Nacional, na forma da Proposta de Emenda à Constituição (PEC) n° 17, de 2019, é de autoria de diversos Senadores. Como primeiro signatário, figura o Exmo. Sr. Senador Eduardo Gomes, filiado ao MDB e representante do povo do Estado do Tocantins. Foi aprovada pelo Senado, depois enviada à Câmara dos Deputados, onde sofreu modificações. Retornou ao Senado e foi aprovada, de modo definitivo, no dia 20 de outubro do ano de 2021. Teve, na Câmara, a relatoria do Deputado João Roma, na Comissão de Constituição, Justiça e Cidadania, e do nobre Deputado Orlando Silva, a quem cumprimento, na Comissão Especial. No Senado, a relatoria coube à nobre Senadora Simone Tebet. Promulgamos h…",https://www25.senado.leg.br/web/atividade/pronunciamentos/-/p/texto/488302,,
Q10-488303,Q10,Proteção de dados,Qual pronunciamento apresentou uma reflexão sobre a proteção de dados pessoais na atualidade?,488303,Eduardo Gomes,2022-02-10,MDB,TO,"Sessão Solene destinada à promulgação da Emenda Constitucional nº 115, de 2022 (proveniente da Proposta de Emenda à Constituição nº 17, de 2019), que altera a Constituição Federal para incluir a proteção de dados pessoais entre os direitos e garantias fundamentais e para fixar a competência privativa da União para legislar sobre proteção e tratamento de dados pessoais.","…residente da Câmara dos Deputados; Mesa Diretora da Câmara dos Deputados e do Senado e do Congresso Nacional; Senador Alexandre Silveira... Quero reforçar os cumprimentos feitos pela Mesa, pelo nosso Presidente, a todos os presentes, a todos os convidados, na pessoa do nosso Ministro Ricardo Villas Bôas Cueva, Ministro do Superior Tribunal de Justiça. Meu querido amigo Deputado Orlando Silva, Relator na Câmara dos Deputados, Deputado Julio, Deputado Carlos Gaguim, Senadora Soraya Thronicke, querida Senadora, Senador Lasier, Senadores, Deputados e Deputadas, Sr. Presidente, primeiro, eu queria registrar, como Parlamentar representante do Estado do Tocantins, nascido e gerado no Plenário deste Congresso Nacional através do art. 13 das Disposições Transitórias da Constituição de 1988, representado àquela época pelo Parlamentar Jose Wilson Siqueira Campos, também membro desta Casa, como suplente de Senador e Senador desta Casa, a satisfação de um tocantinense liderar, sob o seu apoio, a aprovação da primeira emenda constitucional brasileira desta legislatura entre Deputados e Senadores, mostrando a agilidade do tema proteção de dados e a sua importância. Portanto, vejamos que é a prime…",https://www25.senado.leg.br/web/atividade/pronunciamentos/-/p/texto/488303,,
Q10-488304,Q10,Proteção de dados,Qual pronunciamento apresentou uma reflexão sobre a proteção de dados pessoais na atualidade?,488304,Orlando Silva,2022-02-10,PCdoB,SP,"Sessão Solene destinada à promulgação da Emenda Constitucional nº 115, de 2022 (proveniente da Proposta de Emenda à Constituição nº 17, de 2019), que altera a Constituição Federal para incluir a proteção de dados pessoais entre os direitos e garantias fundamentais e para fixar a competência privativa da União para legislar sobre proteção e tratamento de dados pessoais.","…al, temas que são tão importantes para a economia, para o desenvolvimento e, como sempre digo, para a cidadania digital num país como o Brasil; segundo, muita sensibilidade ao perceber a importância de estabelecermos um comando constitucional para a proteção de dados pessoais; e, por fim, uma indescritível generosidade ao permitir um diálogo entre o Senado Federal e a Câmara dos Deputados, à medida que foi de mãos dadas, Câmara e Senado, que nós produzimos o texto final que V. Exa., Senador Rodrigo Pacheco, promulga neste momento. De mãos dadas, Câmara e Senado, e eu diria mais: de mãos dadas com a indústria. Se me permitem, eu gostaria de citar a Brasscom, uma associação empresarial que teve um papel muito ativo no debate sobre este tema, sendo que, através da Brasscom, saúdo a indústria; e a Coalizão Direitos na Rede, que articula um conjunto de entidades da sociedade civil, sendo que, através deles, agradeço a alguns intelectuais, especialistas na matéria, que vão desde o representante do Senado Federal no Conselho da ANPD, Dr. Fabricio da Mota, que nos acompanha aqui, até a Profa. Laura Schertel Mendes, o Prof. Danilo Doneda e o Prof. Bruno Bione. Eu vou ser muito injusto ao ci…",https://www25.senado.leg.br/web/atividade/pronunciamentos/-/p/texto/488304,,
Q10-490197,Q10,Proteção de dados,Qual pronunciamento apresentou uma reflexão sobre a proteção de dados pessoais na atualidade?,490197,Daniella Ribeiro,2022-04-27,PP,PB,"Como Relatora sobre a Medida Provisória (MPV) n° 1077, de 2021, que ""Institui o Programa Internet Brasil"".","…entes. V. Exa. bem fala que vem de uma luta desde quando já tinha uma visão futurista em 2004. Essas emendas que foram apresentadas já na Câmara dos Deputados e, sim, a Emenda nº 92 e sua preocupação com relação à questão da transparência... V. Exa. apresentou uma emenda para prever a publicação na internet das informações sobre a execução do programa. E nós reiteramos aqui o entendimento que foi da Câmara dos Deputados no sentido da rejeição e por quê? Porque o art. 3º, inciso III, prevê a transparência nas ações como uma das competências do Ministério das Comunicações. E, além disso, há outras normas que tratam da transparência do poder público, em especial no acesso à Lei de Informação. As formas de concessão de transparência, respeitando a legislação em vigor, se darão em regulamentação específica de competência do ministério, a fim de conformar a questão de maneira mais próxima às exigências do programa, sem necessidade de constar na lei com tanta especificidade a forma de ser dada a transparência. É importante destacar que os gestores do programa deverão realizar estudos próprios, e isso nós devemos acompanhar, para identificar eventuais necessidades em relação à proteção dos…",https://www25.senado.leg.br/web/atividade/pronunciamentos/-/p/texto/490197,,
Q10-491564,Q10,Proteção de dados,Qual pronunciamento apresentou uma reflexão sobre a proteção de dados pessoais na atualidade?,491564,Fabiano Contarato,2022-06-02,PT,ES,"Como Relator - Para proferir parecer sobre a Proposta de Emenda à Constituição (PEC) n° 47, de 2021, que ""Acrescenta o inciso LXXIX ao art. 5º da Constituição Federal, para introduzir a inclusão digital no rol de direitos fundamentais"".","…exclusão digital, ensejará insuplantável empecilho ao exercício dos direitos fundamentais de quarta geração. Dessa forma, entendemos que o direito à inclusão digital precisa ser considerado, ele mesmo, um direito fundamental. Cabe ainda citar alguns dados sobre o acesso à internet do País. Com base em levantamento realizado pela pesquisa sobre Uso das Tecnologias da Informação e Comunicação no Brasil (TIC Domicílios), produzida anualmente pelo Centro Regional de Estudos para o Desenvolvimento da Sociedade da Informação, verificamos que 17% dos domicílios no país ainda não dispõem de acesso à internet. Chama a atenção que a maior parte das residências desatendidas estão nas áreas rurais (em que 35% das casas não contam com conexão à internet), nas famílias com renda de até um salário mínimo (em que 32% não possuem o serviço) e nas classes sociais D e E (em que 36% das pessoas não estão conectadas). No recorte geográfico, a Região Nordeste é a que tem o maior índice de domicílios sem conexão à internet (equivalente a 21%). O grupo de indivíduos que nunca acessou a internet é formado essencialmente por pessoas do sexo masculino (17%), moradores da área rural (26%), sem instrução (72%)…",https://www25.senado.leg.br/web/atividade/pronunciamentos/-/p/texto/491564,,
Q10-494780,Q10,Proteção de dados,Qual pronunciamento apresentou uma reflexão sobre a proteção de dados pessoais na atualidade?,494780,Izalci Lucas,2022-12-15,PSDB,DF,"Como Relator - Para proferir parecer sobre o Projeto de Lei (PL) n° 2076, de 2022, que ""Institui o 'Dia Nacional da Proteção de Dados'"".","…DB - DF. Para proferir parecer.) – Sr. Presidente, peço a V. Exa. para ir direto à análise. Em substituição à Comissão de Educação, Cultura e Esporte, sobre o Projeto de Lei nº 2.076, de 2022, do Senador Eduardo Gomes, que institui o Dia Nacional de Proteção de Dados. A matéria mostra-se consoante às determinações da Constituição Federal, em especial no que toca à competência da União para legislar, privativamente, sobre tratamento e proteção de dados pessoais, conforme o art. 22, inciso XXX, bem como para legislar, concorrentemente com os estados e o Distrito Federal, sobre cultura, em cujo âmbito se insere o estabelecimento de datas comemorativas, conforme o art. 24, inciso IX. Tampouco há óbices relativos à sua juridicidade e técnica legislativa. Cumpre mencionar que a criação do Dia Nacional da Proteção de Dados foi recomendada em audiência pública realizada, no dia 23 de junho do corrente ano, na Comissão de Ciência, Tecnologia, Inovação, Comunicação e Informática do Senado Federal, cumprindo, assim, as exigências estabelecidas pela Lei nº 12.345, de 9 de dezembro de 2010, que fixa critério para instituição de datas comemorativas. A sua apreciação, feita diretamente pelo Plená…",https://www25.senado.leg.br/web/atividade/pronunciamentos/-/p/texto/494780,,
