cod_dtm,s00a1,s02af,age,s02ad,s02a17,s02a21,s02a10,s02a5,s03a2,s03a22,s03a24,attend_now,dropout,p_attend7,if_miss30,grade_now,educ,source,educ_chefe,n_moradores,n_familias,n_comodos,n_dormitorios,n_banheiros,agua_canalizada,mae_resp_le,estrato_amostral
31,11.0,41.0,41.100616016427104,1.0,,,,,,,,,,,,,,,,2.0,1.0,6.0,3.0,1.0,1.0,2.0,
31,11.0,36.0,35.879534565366185,2.0,3.0,3.0,1.0,2.0,5.0,,,,,,,,,1.0,,2.0,1.0,6.0,3.0,1.0,1.0,2.0,beneficiario
31,11.0,10.0,10.617385352498289,1.0,3.0,,2.0,3.0,3.0,7.0,2.0,1.0,0.0,1.0,1.0,,2.0,1.0,,2.0,1.0,6.0,3.0,1.0,1.0,2.0,beneficiario
47,11.0,31.0,31.17864476386037,1.0,3.0,3.0,2.0,1.0,5.0,,,,,,,,,1.0,,4.0,1.0,6.0,2.0,1.0,1.0,2.0,beneficiario
47,11.0,32.0,32.303901437371664,2.0,3.0,4.0,2.0,2.0,5.0,,,,,,,,,1.0,,4.0,1.0,6.0,2.0,1.0,1.0,2.0,beneficiario
47,11.0,11.0,11.597535934291582,2.0,3.0,,2.0,3.0,1.0,,,1.0,0.0,1.0,0.0,,2.0,1.0,,4.0,1.0,6.0,2.0,1.0,1.0,2.0,beneficiario
47,11.0,6.0,6.420260095824777,2.0,3.0,,2.0,3.0,1.0,,,1.0,0.0,0.8,1.0,,1.0,1.0,,4.0,1.0,6.0,2.0,1.0,1.0,2.0,beneficiario
86,11.0,20.0,20.829568788501025,1.0,3.0,3.0,2.0,3.0,3.0,,,0.0,1.0,,,,3.0,1.0,,3.0,1.0,5.0,2.0,1.0,1.0,2.0,beneficiario
86,11.0,19.0,18.93223819301848,1.0,,,,,,,,,,,,,,,,3.0,1.0,5.0,2.0,1.0,1.0,2.0,
130,11.0,34.0,33.58795345653662,1.0,3.0,4.0,2.0,1.0,5.0,,,0.0,,,,,2.0,1.0,2.0,4.0,1.0,5.0,2.0,1.0,1.0,1.0,beneficiario
130,11.0,27.0,27.200547570157426,2.0,3.0,4.0,2.0,2.0,5.0,,,0.0,,,,,2.0,1.0,2.0,4.0,1.0,5.0,2.0,1.0,1.0,1.0,beneficiario
130,11.0,8.0,8.591375770020534,1.0,3.0,,2.0,3.0,2.0,7.0,2.0,1.0,0.0,1.0,0.0,,2.0,1.0,2.0,4.0,1.0,5.0,2.0,1.0,1.0,1.0,beneficiario
130,11.0,1.0,1.645448323066393,2.0,3.0,,2.0,3.0,5.0,,,0.0,,,,,,1.0,2.0,4.0,1.0,5.0,2.0,1.0,1.0,1.0,beneficiario
138,11.0,42.0,42.214921286789874,2.0,1.0,4.0,2.0,1.0,1.0,,,0.0,1.0,,,,,1.0,,2.0,1.0,5.0,2.0,1.0,1.0,1.0,beneficiario
138,11.0,22.0,22.50239561943874,1.0,,,,,,,,,,,,,,1.0,,2.0,1.0,5.0,2.0,1.0,1.0,1.0,beneficiario
138,11.0,20.0,20.763860369609855,2.0,1.0,3.0,,3.0,5.0,,,0.0,,,,,3.0,1.0,,2.0,1.0,5.0,2.0,1.0,1.0,1.0,beneficiario
184,11.0,41.0,40.92539356605065,1.0,,,,,,,,,,,,,,,2.0,4.0,1.0,6.0,3.0,1.0,1.0,2.0,
184,11.0,32.0,32.186173853524984,2.0,1.0,4.0,1.0,1.0,5.0,,,0.0,,,,,2.0,1.0,2.0,4.0,1.0,6.0,3.0,1.0,1.0,2.0,beneficiario
184,11.0,11.0,10.937713894592745,2.0,3.0,,2.0,3.0,3.0,6.0,2.0,1.0,0.0,,0.0,,2.0,1.0,2.0,4.0,1.0,6.0,3.0,1.0,1.0,2.0,beneficiario
184,11.0,8.0,8.375085557837098,1.0,1.0,,2.0,3.0,3.0,6.0,2.0,1.0,0.0,,1.0,,2.0,1.0,2.0,4.0,1.0,6.0,3.0,1.0,1.0,2.0,beneficiario
334,13.0,54.0,13.834360027378509,2.0,3.0,,1.0,1.0,5.0,,,0.0,,,,,2.0,1.0,2.0,2.0,1.0,5.0,2.0,1.0,1.0,1.0,beneficiario
334,13.0,17.0,17.467488021902806,1.0,3.0,,,3.0,3.0,6.0,2.0,1.0,0.0,1.0,0.0,8.0,2.0,1.0,2.0,2.0,1.0,5.0,2.0,1.0,1.0,1.0,beneficiario
379,13.0,58.0,58.1492128678987,1.0,3.0,3.0,1.0,1.0,5.0,,,0.0,,,,,,1.0,,4.0,1.0,6.0,2.0,1.0,1.0,2.0,beneficiario
379,13.0,51.0,51.15674195756332,2.0,,,,,,,,,,,,,,,,4.0,1.0,6.0,2.0,1.0,1.0,2.0,
379,13.0,20.0,23.143052703627653,1.0,3.0,,2.0,3.0,3.0,,,0.0,1.0,,,,2.0,1.0,,4.0,1.0,6.0,2.0,1.0,1.0,2.0,beneficiario
379,13.0,21.0,20.06297056810404,1.0,,,,,,,,,,,,,,,,4.0,1.0,6.0,2.0,1.0,1.0,2.0,
379,13.0,18.0,18.455852156057496,1.0,3.0,,2.0,3.0,3.0,,,0.0,1.0,,,,2.0,1.0,,4.0,1.0,6.0,2.0,1.0,1.0,2.0,beneficiario
379,13.0,16.0,16.435318275154007,2.0,3.0,,2.0,3.0,3.0,7.0,1.0,1.0,0.0,1.0,1.0,,2.0,1.0,,4.0,1.0,6.0,2.0,1.0,1.0,2.0,beneficiario
397,13.0,40.0,40.232717316906225,1.0,3.0,,2.0,1.0,5.0,,,0.0,,,,,2.0,1.0,2.0,4.0,1.0,4.0,2.0,1.0,1.0,1.0,beneficiario
397,13.0,41.0,41.13347022587269,2.0,3.0,,1.0,2.0,5.0,,,0.0,,,,,3.0,1.0,2.0,4.0,1.0,4.0,2.0,1.0,1.0,1.0,beneficiario
397,13.0,16.0,16.643394934976044,2.0,3.0,,2.0,3.0,3.0,7.0,1.0,1.0,0.0,1.0,0.0,8.0,2.0,1.0,2.0,4.0,1.0,4.0,2.0,1.0,1.0,1.0,beneficiario
397,13.0,6.0,6.138261464750171,2.0,3.0,,2.0,3.0,3.0,6.0,2.0,1.0,0.0,1.0,0.0,0.0,1.0,1.0,2.0,4.0,1.0,4.0,2.0,1.0,1.0,1.0,beneficiario
505,26.0,57.0,57.393566050650236,1.0,2.0,1.0,2.0,1.0,5.0,,,0.0,,,,,3.0,0.0,3.0,4.0,1.0,5.0,2.0,1.0,1.0,2.0,controle
505,26.0,47.0,47.624914442162904,2.0,1.0,1.0,1.0,2.0,5.0,,,0.0,,,,,3.0,0.0,3.0,4.0,1.0,5.0,2.0,1.0,1.0,2.0,controle
505,26.0,20.0,20.057494866529773,1.0,3.0,,2.0,3.0,3.0,7.0,1.0,1.0,0.0,0.8333333333333334,1.0,11.0,3.0,0.0,3.0,4.0,1.0,5.0,2.0,1.0,1.0,2.0,controle
505,26.0,19.0,19.09924709103354,1.0,2.0,,2.0,3.0,3.0,6.0,2.0,1.0,0.0,0.7142857142857143,1.0,11.0,3.0,0.0,3.0,4.0,1.0,5.0,2.0,1.0,1.0,2.0,controle
588,13.0,31.0,30.8145106091718,1.0,3.0,3.0,2.0,1.0,5.0,,,0.0,,,,,3.0,1.0,3.0,4.0,1.0,5.0,2.0,1.0,1.0,1.0,beneficiario
588,13.0,38.0,38.47501711156742,2.0,3.0,3.0,2.0,2.0,5.0,,,0.0,,,,,3.0,1.0,3.0,4.0,1.0,5.0,2.0,1.0,1.0,1.0,beneficiario
588,13.0,6.0,5.960301163586585,1.0,3.0,,2.0,3.0,2.0,6.0,2.0,1.0,0.0,1.0,0.0,1.0,2.0,1.0,3.0,4.0,1.0,5.0,2.0,1.0,1.0,1.0,beneficiario
588,13.0,2.0,2.751540041067762,2.0,3.0,,2.0,3.0,5.0,,,0.0,,,,,,1.0,3.0,4.0,1.0,5.0,2.0,1.0,1.0,1.0,beneficiario
618,13.0,46.0,45.86721423682409,2.0,3.0,,1.0,1.0,5.0,,,0.0,,,,,2.0,1.0,2.0,2.0,1.0,,,1.0,1.0,2.0,beneficiario
618,13.0,27.0,27.603011635865847,1.0,3.0,,,3.0,,,,,,,,,,1.0,2.0,2.0,1.0,,,1.0,1.0,2.0,beneficiario
658,13.0,100.0,100.33949349760438,1.0,,4.0,,1.0,5.0,,,0.0,,,,,1.0,1.0,1.0,2.0,1.0,4.0,2.0,1.0,1.0,2.0,beneficiario
658,13.0,67.0,67.27173169062286,2.0,,3.0,,9.0,5.0,,,0.0,,,,,1.0,1.0,1.0,2.0,1.0,4.0,2.0,1.0,1.0,2.0,beneficiario
658,13.0,22.0,22.069815195071868,1.0,,,,,,,,,,,,,,,1.0,2.0,1.0,4.0,2.0,1.0,1.0,2.0,
658,13.0,51.0,51.649555099247095,1.0,,,,,,,,,,,,,,,1.0,2.0,1.0,4.0,2.0,1.0,1.0,2.0,
658,13.0,29.0,29.7741273100616,2.0,,,,,,,,,,,,,,,1.0,2.0,1.0,4.0,2.0,1.0,1.0,2.0,
667,13.0,50.0,49.908281998631075,1.0,3.0,3.0,2.0,2.0,5.0,,,0.0,,,,,,1.0,,8.0,2.0,,4.0,0.0,2.0,1.0,beneficiario
667,13.0,49.0,49.418206707734434,2.0,3.0,3.0,1.0,1.0,5.0,,,0.0,,,,,,1.0,,8.0,2.0,,4.0,0.0,2.0,1.0,beneficiario
667,13.0,22.0,22.034223134839152,2.0,3.0,2.0,2.0,3.0,5.0,,,0.0,,,,,,1.0,,8.0,2.0,,4.0,0.0,2.0,1.0,beneficiario
667,13.0,21.0,21.735797399041754,1.0,3.0,2.0,2.0,3.0,5.0,,,0.0,,,,,,1.0,,8.0,2.0,,4.0,0.0,2.0,1.0,beneficiario
667,13.0,19.0,19.074606433949352,1.0,3.0,2.0,2.0,3.0,5.0,,,0.0,,,,,,1.0,,8.0,2.0,,4.0,0.0,2.0,1.0,beneficiario
667,13.0,,,1.0,3.0,2.0,2.0,5.0,3.0,7.0,2.0,1.0,0.0,1.0,0.0,,3.0,1.0,,8.0,2.0,,4.0,0.0,2.0,1.0,beneficiario
667,13.0,12.0,12.005475701574264,1.0,3.0,,2.0,5.0,3.0,6.0,2.0,1.0,0.0,1.0,0.0,,3.0,1.0,,8.0,2.0,,4.0,0.0,2.0,1.0,beneficiario
667,13.0,10.0,10.455852156057494,1.0,3.0,,2.0,5.0,3.0,6.0,2.0,1.0,0.0,1.0,0.0,5.0,2.0,1.0,,8.0,2.0,,4.0,0.0,2.0,1.0,beneficiario
674,13.0,86.0,86.99520876112251,2.0,1.0,3.0,2.0,1.0,5.0,,,0.0,,,,,,1.0,,1.0,1.0,5.0,2.0,0.0,1.0,2.0,beneficiario
688,13.0,32.0,32.700889801505824,1.0,3.0,2.0,2.0,1.0,5.0,,,0.0,,,,,,0.0,,4.0,1.0,5.0,1.0,1.0,1.0,1.0,controle
688,13.0,28.0,28.68446269678303,2.0,3.0,2.0,1.0,2.0,2.0,,,0.0,1.0,,,,3.0,0.0,,4.0,1.0,5.0,1.0,1.0,1.0,1.0,controle
688,13.0,20.0,20.125941136208077,2.0,,,,,,,,,,,,,,,,4.0,1.0,5.0,1.0,1.0,1.0,1.0,
688,13.0,6.0,6.425735797399041,2.0,3.0,,2.0,3.0,2.0,6.0,2.0,1.0,0.0,1.0,0.0,1.0,2.0,0.0,,4.0,1.0,5.0,1.0,1.0,1.0,1.0,controle
688,13.0,4.0,4.339493497604381,1.0,3.0,,2.0,3.0,2.0,,,1.0,0.0,1.0,0.0,,1.0,0.0,,4.0,1.0,5.0,1.0,1.0,1.0,1.0,controle
693,13.0,35.0,35.67419575633128,1.0,3.0,2.0,,1.0,2.0,,,0.0,1.0,,,,,1.0,,5.0,1.0,5.0,2.0,1.0,1.0,1.0,beneficiario
693,13.0,27.0,26.82546201232033,2.0,3.0,,1.0,2.0,2.0,,,0.0,1.0,,,,,1.0,,5.0,1.0,5.0,2.0,1.0,1.0,1.0,beneficiario
693,13.0,10.0,10.565366187542779,2.0,3.0,,,3.0,1.0,,2.0,1.0,0.0,1.0,0.0,3.0,2.0,1.0,,5.0,1.0,5.0,2.0,1.0,1.0,1.0,beneficiario
693,13.0,8.0,8.281998631074607,1.0,3.0,,,3.0,1.0,,2.0,1.0,0.0,1.0,0.0,1.0,2.0,1.0,,5.0,1.0,5.0,2.0,1.0,1.0,1.0,beneficiario
693,13.0,4.0,4.238193018480493,1.0,3.0,,,3.0,5.0,,,0.0,,,,,,1.0,,5.0,1.0,5.0,2.0,1.0,1.0,1.0,beneficiario
727,13.0,45.0,35.72347707049966,1.0,3.0,,1.0,1.0,5.0,,,0.0,,,,,3.0,1.0,3.0,10.0,7.0,4.0,2.0,0.0,1.0,2.0,beneficiario
727,13.0,45.0,35.290896646132786,2.0,3.0,,2.0,2.0,5.0,,,0.0,,,,,3.0,1.0,3.0,10.0,7.0,4.0,2.0,0.0,1.0,2.0,beneficiario
727,13.0,17.0,17.845311430527037,2.0,3.0,,2.0,3.0,5.0,,,0.0,,,,,3.0,1.0,3.0,10.0,7.0,4.0,2.0,0.0,1.0,2.0,beneficiario
727,13.0,14.0,16.514715947980836,1.0,3.0,,2.0,3.0,5.0,,,0.0,,,,,3.0,1.0,3.0,10.0,7.0,4.0,2.0,0.0,1.0,2.0,beneficiario
727,13.0,13.0,15.123887748117728,1.0,3.0,3.0,2.0,3.0,5.0,,,0.0,,,,,3.0,1.0,3.0,10.0,7.0,4.0,2.0,0.0,1.0,2.0,beneficiario
727,13.0,11.0,14.89390828199863,1.0,3.0,3.0,2.0,3.0,2.0,,2.0,1.0,0.0,1.0,0.0,4.0,2.0,1.0,3.0,10.0,7.0,4.0,2.0,0.0,1.0,2.0,beneficiario
727,13.0,9.0,9.722108145106091,2.0,3.0,,2.0,3.0,2.0,,2.0,1.0,0.0,1.0,0.0,3.0,2.0,1.0,3.0,10.0,7.0,4.0,2.0,0.0,1.0,2.0,beneficiario
727,13.0,2.0,2.3545516769336072,1.0,3.0,,2.0,3.0,2.0,,,0.0,1.0,,,,,1.0,3.0,10.0,7.0,4.0,2.0,0.0,1.0,2.0,beneficiario
727,13.0,0.0,0.6625598904859685,1.0,3.0,,2.0,3.0,2.0,,,0.0,1.0,,,,,1.0,3.0,10.0,7.0,4.0,2.0,0.0,1.0,2.0,beneficiario
727,13.0,0.0,0.42710472279260786,2.0,3.0,,,,,,,,,,,,,1.0,3.0,10.0,7.0,4.0,2.0,0.0,1.0,2.0,beneficiario
739,13.0,41.0,41.30595482546201,2.0,3.0,3.0,1.0,1.0,5.0,,,0.0,,,,,3.0,1.0,3.0,4.0,1.0,5.0,3.0,1.0,1.0,1.0,beneficiario
739,13.0,19.0,19.704312114989733,2.0,3.0,3.0,,3.0,3.0,,,0.0,1.0,,,,,1.0,3.0,4.0,1.0,5.0,3.0,1.0,1.0,1.0,beneficiario
739,13.0,17.0,17.256673511293634,1.0,3.0,3.0,,3.0,3.0,13.0,1.0,1.0,0.0,1.0,0.0,8.0,2.0,1.0,3.0,4.0,1.0,5.0,3.0,1.0,1.0,1.0,beneficiario
739,13.0,14.0,14.338124572210816,1.0,3.0,3.0,,3.0,3.0,12.0,1.0,1.0,0.0,0.5,1.0,2.0,2.0,1.0,3.0,4.0,1.0,5.0,3.0,1.0,1.0,1.0,beneficiario
781,13.0,59.0,59.5564681724846,2.0,3.0,4.0,1.0,1.0,5.0,,,0.0,,,,,,1.0,,5.0,1.0,4.0,3.0,1.0,1.0,1.0,beneficiario
781,13.0,18.0,18.64476386036961,2.0,3.0,1.0,2.0,3.0,2.0,11.0,1.0,1.0,0.0,1.0,1.0,9.0,3.0,1.0,,5.0,1.0,4.0,3.0,1.0,1.0,1.0,beneficiario
781,13.0,28.0,28.495550992470907,1.0,3.0,1.0,2.0,3.0,5.0,,,0.0,,,,,,1.0,,5.0,1.0,4.0,3.0,1.0,1.0,1.0,beneficiario
781,13.0,19.0,19.244353182751542,2.0,,,,,,,,,,,,,,,,5.0,1.0,4.0,3.0,1.0,1.0,1.0,
781,13.0,4.0,4.246406570841889,1.0,3.0,,2.0,5.0,1.0,,,1.0,0.0,1.0,0.0,,1.0,1.0,,5.0,1.0,4.0,3.0,1.0,1.0,1.0,beneficiario
781,13.0,4.0,3.969883641341547,2.0,3.0,,2.0,6.0,1.0,,,1.0,0.0,1.0,0.0,,1.0,1.0,,5.0,1.0,4.0,3.0,1.0,1.0,1.0,beneficiario
820,13.0,53.0,53.0,1.0,2.0,1.0,2.0,1.0,5.0,,,0.0,,,,,,0.0,,10.0,1.0,4.0,2.0,1.0,1.0,1.0,controle
820,13.0,51.0,51.44421629021218,2.0,2.0,1.0,2.0,,5.0,,,0.0,,,,,,0.0,,10.0,1.0,4.0,2.0,1.0,1.0,1.0,controle
820,13.0,30.0,30.0,1.0,2.0,1.0,,,5.0,,,0.0,,,,,,0.0,,10.0,1.0,4.0,2.0,1.0,1.0,1.0,controle
820,13.0,28.0,28.0,2.0,2.0,1.0,2.0,3.0,5.0,,,0.0,,,,,,0.0,,10.0,1.0,4.0,2.0,1.0,1.0,1.0,controle
820,13.0,26.0,26.0,2.0,2.0,1.0,2.0,3.0,2.0,,,1.0,0.0,0.8,1.0,,3.0,0.0,,10.0,1.0,4.0,2.0,1.0,1.0,1.0,controle
820,13.0,26.0,26.0,2.0,2.0,1.0,2.0,3.0,5.0,,,1.0,,0.8,1.0,,3.0,0.0,,10.0,1.0,4.0,2.0,1.0,1.0,1.0,controle
820,13.0,22.0,22.0,1.0,2.0,1.0,2.0,3.0,5.0,,,0.0,,,,,,0.0,,10.0,1.0,4.0,2.0,1.0,1.0,1.0,controle
820,13.0,20.0,20.0,2.0,2.0,1.0,2.0,3.0,5.0,,,0.0,,,,,,0.0,,10.0,1.0,4.0,2.0,1.0,1.0,1.0,controle
820,13.0,19.0,19.03080082135524,1.0,2.0,1.0,2.0,3.0,2.0,,,0.0,1.0,,,,,0.0,,10.0,1.0,4.0,2.0,1.0,1.0,1.0,controle
820,13.0,4.0,4.0,1.0,2.0,,2.0,3.0,2.0,,,1.0,0.0,0.8,1.0,,1.0,0.0,,10.0,1.0,4.0,2.0,1.0,1.0,1.0,controle
830,13.0,34.0,34.14099931553731,1.0,3.0,,2.0,1.0,5.0,,,0.0,,,,,3.0,1.0,3.0,3.0,1.0,6.0,2.0,2.0,1.0,1.0,beneficiario
830,13.0,27.0,27.219712525667347,2.0,3.0,,2.0,2.0,5.0,,,0.0,,,,,3.0,1.0,3.0,3.0,1.0,6.0,2.0,2.0,1.0,1.0,beneficiario
830,13.0,11.0,11.342915811088295,2.0,3.0,,2.0,3.0,3.0,,1.0,1.0,0.0,1.0,0.0,4.0,2.0,1.0,3.0,3.0,1.0,6.0,2.0,2.0,1.0,1.0,beneficiario
842,15.0,44.0,43.885010266940455,1.0,1.0,1.0,2.0,1.0,5.0,,,0.0,,,,,3.0,1.0,3.0,4.0,1.0,5.0,2.0,1.0,1.0,2.0,beneficiario
842,15.0,44.0,43.885010266940455,2.0,1.0,1.0,2.0,2.0,5.0,,,0.0,,,,,3.0,1.0,3.0,4.0,1.0,5.0,2.0,1.0,1.0,2.0,beneficiario
842,15.0,22.0,22.647501711156742,1.0,1.0,1.0,2.0,3.0,5.0,,,0.0,,,,,3.0,1.0,3.0,4.0,1.0,5.0,2.0,1.0,1.0,2.0,beneficiario
842,15.0,18.0,18.472279260780287,2.0,1.0,1.0,2.0,3.0,3.0,7.0,2.0,1.0,0.0,1.0,0.0,,3.0,1.0,3.0,4.0,1.0,5.0,2.0,1.0,1.0,2.0,beneficiario
857,15.0,46.0,46.34907597535934,2.0,3.0,,2.0,1.0,5.0,,,0.0,,,,,,1.0,,7.0,1.0,5.0,2.0,1.0,1.0,2.0,beneficiario
857,15.0,29.0,29.152635181382614,1.0,3.0,,2.0,3.0,5.0,,,0.0,,,,,,1.0,,7.0,1.0,5.0,2.0,1.0,1.0,2.0,beneficiario
857,15.0,28.0,28.2217659137577,2.0,3.0,,2.0,3.0,5.0,,,0.0,,,,,,1.0,,7.0,1.0,5.0,2.0,1.0,1.0,2.0,beneficiario
857,15.0,25.0,26.004106776180702,1.0,3.0,,2.0,3.0,5.0,,,0.0,,,,,,1.0,,7.0,1.0,5.0,2.0,1.0,1.0,2.0,beneficiario
857,15.0,19.0,19.81382614647502,1.0,3.0,,2.0,3.0,5.0,,,0.0,,,,,,1.0,,7.0,1.0,5.0,2.0,1.0,1.0,2.0,beneficiario
857,15.0,18.0,18.053388090349074,2.0,3.0,,2.0,3.0,2.0,7.0,1.0,1.0,0.0,1.0,0.0,,3.0,1.0,,7.0,1.0,5.0,2.0,1.0,1.0,2.0,beneficiario
857,15.0,82.0,82.26146475017111,2.0,3.0,2.0,2.0,4.0,5.0,,,0.0,,,,,,1.0,,7.0,1.0,5.0,2.0,1.0,1.0,2.0,beneficiario
882,15.0,65.0,65.0,1.0,3.0,,2.0,1.0,5.0,,,0.0,,,,,,1.0,,3.0,1.0,4.0,2.0,0.0,1.0,2.0,beneficiario
882,15.0,60.0,60.0,2.0,3.0,,2.0,2.0,5.0,,,0.0,,,,,,1.0,,3.0,1.0,4.0,2.0,0.0,1.0,2.0,beneficiario
882,15.0,11.0,11.351129363449692,1.0,3.0,,2.0,5.0,2.0,7.0,2.0,1.0,0.0,1.0,0.0,5.0,2.0,1.0,,3.0,1.0,4.0,2.0,0.0,1.0,2.0,beneficiario
905,15.0,46.0,46.46406570841889,1.0,1.0,,2.0,1.0,5.0,,,0.0,,,,,,1.0,,4.0,1.0,4.0,2.0,1.0,1.0,1.0,beneficiario
905,15.0,43.0,43.37029431895962,2.0,1.0,,2.0,2.0,5.0,,,0.0,,,,,,1.0,,4.0,1.0,4.0,2.0,1.0,1.0,1.0,beneficiario
905,15.0,24.0,25.39082819986311,1.0,1.0,,2.0,3.0,5.0,,,0.0,,,,,2.0,1.0,,4.0,1.0,4.0,2.0,1.0,1.0,1.0,beneficiario
905,15.0,23.0,23.93429158110883,1.0,1.0,,2.0,3.0,5.0,,,1.0,,1.0,0.0,,4.0,1.0,,4.0,1.0,4.0,2.0,1.0,1.0,1.0,beneficiario
934,15.0,49.0,49.46748802190281,1.0,1.0,3.0,2.0,1.0,5.0,,,0.0,,,,,,1.0,,6.0,1.0,4.0,2.0,1.0,1.0,1.0,beneficiario
934,15.0,36.0,36.67624914442163,2.0,3.0,3.0,1.0,2.0,5.0,,,0.0,,,,,2.0,1.0,,6.0,1.0,4.0,2.0,1.0,1.0,1.0,beneficiario
934,15.0,17.0,17.322381930184804,1.0,3.0,3.0,2.0,3.0,3.0,8.0,2.0,1.0,0.0,1.0,1.0,9.0,3.0,1.0,,6.0,1.0,4.0,2.0,1.0,1.0,1.0,beneficiario
934,15.0,16.0,16.03832991101985,2.0,3.0,3.0,2.0,3.0,3.0,8.0,2.0,1.0,0.0,,0.0,9.0,3.0,1.0,,6.0,1.0,4.0,2.0,1.0,1.0,1.0,beneficiario
934,15.0,25.0,14.310746064339492,2.0,3.0,,2.0,3.0,2.0,8.0,2.0,1.0,0.0,,0.0,8.0,2.0,1.0,,6.0,1.0,4.0,2.0,1.0,1.0,1.0,beneficiario
934,15.0,9.0,9.048596851471595,1.0,3.0,,2.0,3.0,2.0,7.0,2.0,1.0,0.0,,0.0,2.0,2.0,1.0,,6.0,1.0,4.0,2.0,1.0,1.0,1.0,beneficiario
950,15.0,35.0,35.73990417522245,1.0,2.0,,1.0,1.0,5.0,,,0.0,,,,,4.0,0.0,4.0,7.0,1.0,6.0,3.0,1.0,1.0,2.0,controle
950,15.0,34.0,34.36824093086927,2.0,1.0,4.0,2.0,2.0,2.0,,,0.0,1.0,,,,2.0,0.0,4.0,7.0,1.0,6.0,3.0,1.0,1.0,2.0,controle
950,15.0,14.0,14.992470910335385,1.0,2.0,,2.0,3.0,2.0,7.0,1.0,1.0,0.0,1.0,0.0,6.0,2.0,0.0,4.0,7.0,1.0,6.0,3.0,1.0,1.0,2.0,controle
950,15.0,13.0,13.122518822724162,1.0,1.0,,2.0,3.0,2.0,7.0,2.0,1.0,0.0,1.0,0.0,5.0,2.0,0.0,4.0,7.0,1.0,6.0,3.0,1.0,1.0,2.0,controle
950,15.0,11.0,11.843942505133471,2.0,1.0,,2.0,3.0,2.0,7.0,1.0,1.0,0.0,1.0,0.0,4.0,2.0,0.0,4.0,7.0,1.0,6.0,3.0,1.0,1.0,2.0,controle
950,15.0,10.0,15.572895277207392,2.0,2.0,,2.0,3.0,2.0,7.0,2.0,1.0,0.0,1.0,0.0,4.0,2.0,0.0,4.0,7.0,1.0,6.0,3.0,1.0,1.0,2.0,controle
950,15.0,19.0,19.260780287474333,2.0,,,,,,,,,,,,,,,4.0,7.0,1.0,6.0,3.0,1.0,1.0,2.0,
950,15.0,8.0,8.9637234770705,2.0,3.0,,2.0,8.0,2.0,7.0,2.0,1.0,0.0,1.0,0.0,3.0,2.0,0.0,4.0,7.0,1.0,6.0,3.0,1.0,1.0,2.0,controle
952,15.0,58.0,58.28336755646817,1.0,3.0,4.0,2.0,1.0,5.0,,,0.0,,,,,2.0,0.0,2.0,13.0,1.0,6.0,3.0,0.0,1.0,1.0,controle
952,15.0,49.0,49.437371663244356,2.0,3.0,4.0,1.0,2.0,5.0,,,0.0,,,,,2.0,0.0,2.0,13.0,1.0,6.0,3.0,0.0,1.0,1.0,controle
952,15.0,23.0,23.315537303216974,1.0,3.0,4.0,2.0,3.0,2.0,,,0.0,1.0,,,,2.0,0.0,2.0,13.0,1.0,6.0,3.0,0.0,1.0,1.0,controle
952,15.0,21.0,21.100616016427107,1.0,3.0,3.0,2.0,3.0,3.0,5.0,2.0,1.0,0.0,1.0,1.0,9.0,3.0,0.0,2.0,13.0,1.0,6.0,3.0,0.0,1.0,1.0,controle
952,15.0,19.0,19.668720054757017,1.0,1.0,3.0,2.0,3.0,3.0,5.0,1.0,1.0,0.0,1.0,1.0,9.0,3.0,0.0,2.0,13.0,1.0,6.0,3.0,0.0,1.0,1.0,controle
952,15.0,16.0,16.39151266255989,1.0,1.0,3.0,2.0,3.0,3.0,5.0,1.0,1.0,0.0,1.0,1.0,9.0,3.0,0.0,2.0,13.0,1.0,6.0,3.0,0.0,1.0,1.0,controle
952,15.0,15.0,15.460643394934976,2.0,,3.0,2.0,3.0,3.0,5.0,2.0,1.0,0.0,1.0,1.0,9.0,3.0,0.0,2.0,13.0,1.0,6.0,3.0,0.0,1.0,1.0,controle
952,15.0,12.0,12.511978097193703,2.0,,,2.0,3.0,2.0,5.0,1.0,1.0,0.0,1.0,1.0,6.0,2.0,0.0,2.0,13.0,1.0,6.0,3.0,0.0,1.0,1.0,controle
952,15.0,11.0,11.071868583162217,1.0,,,2.0,3.0,2.0,5.0,1.0,1.0,0.0,1.0,1.0,2.0,2.0,0.0,2.0,13.0,1.0,6.0,3.0,0.0,1.0,1.0,controle
952,15.0,88.0,88.49281314168378,2.0,3.0,3.0,2.0,4.0,5.0,,,0.0,,,,,,0.0,2.0,13.0,1.0,6.0,3.0,0.0,1.0,1.0,controle
952,15.0,25.0,25.259411362080765,2.0,1.0,4.0,,3.0,3.0,,,0.0,1.0,,,,2.0,0.0,2.0,13.0,1.0,6.0,3.0,0.0,1.0,1.0,controle
952,15.0,6.0,6.212183436002738,2.0,,,,5.0,2.0,,,0.0,1.0,,,,,0.0,2.0,13.0,1.0,6.0,3.0,0.0,1.0,1.0,controle
952,15.0,1.0,1.0130047912388773,2.0,2.0,,,5.0,5.0,,,0.0,,,,,,0.0,2.0,13.0,1.0,6.0,3.0,0.0,1.0,1.0,controle
982,15.0,23.0,23.791923340177963,1.0,3.0,,2.0,3.0,2.0,,,0.0,1.0,,,,,1.0,2.0,7.0,1.0,4.0,4.0,1.0,1.0,1.0,beneficiario
982,15.0,17.0,17.492128678986994,2.0,3.0,,2.0,3.0,2.0,7.0,,1.0,0.0,1.0,0.0,8.0,2.0,1.0,2.0,7.0,1.0,4.0,4.0,1.0,1.0,1.0,beneficiario
982,15.0,21.0,21.982203969883642,2.0,3.0,,2.0,3.0,2.0,,,0.0,1.0,,,,,1.0,2.0,7.0,1.0,4.0,4.0,1.0,1.0,1.0,beneficiario
982,15.0,20.0,20.96919917864476,1.0,1.0,,2.0,3.0,2.0,,,0.0,1.0,,,,,1.0,2.0,7.0,1.0,4.0,4.0,1.0,1.0,1.0,beneficiario
982,15.0,46.0,46.8829568788501,1.0,,,,,,,,,,,,,,,2.0,7.0,1.0,4.0,4.0,1.0,1.0,1.0,
982,15.0,40.0,40.139630390143736,2.0,3.0,2.0,1.0,1.0,5.0,,,0.0,,,,,2.0,1.0,2.0,7.0,1.0,4.0,4.0,1.0,1.0,1.0,beneficiario
982,15.0,25.0,25.48665297741273,2.0,3.0,,2.0,3.0,2.0,,,1.0,0.0,1.0,0.0,,3.0,1.0,2.0,7.0,1.0,4.0,4.0,1.0,1.0,1.0,beneficiario
982,15.0,2.0,2.28062970568104,2.0,3.0,,2.0,5.0,5.0,,,0.0,,,,,,1.0,2.0,7.0,1.0,4.0,4.0,1.0,1.0,1.0,beneficiario
1008,15.0,57.0,57.28952772073922,1.0,3.0,1.0,2.0,1.0,5.0,,,0.0,,,,,,1.0,,7.0,1.0,5.0,2.0,1.0,1.0,1.0,beneficiario
1008,15.0,32.0,32.407939767282684,2.0,3.0,1.0,2.0,2.0,5.0,,,0.0,,,,,,1.0,,7.0,1.0,5.0,2.0,1.0,1.0,1.0,beneficiario
1008,15.0,19.0,13.212867898699521,2.0,3.0,,2.0,3.0,3.0,7.0,2.0,1.0,0.0,1.0,0.0,,3.0,1.0,,7.0,1.0,5.0,2.0,1.0,1.0,1.0,beneficiario
1008,15.0,11.0,11.550992470910336,1.0,3.0,,2.0,3.0,3.0,7.0,2.0,1.0,0.0,1.0,0.0,,2.0,1.0,,7.0,1.0,5.0,2.0,1.0,1.0,1.0,beneficiario
1008,15.0,6.0,6.694045174537988,2.0,3.0,,2.0,3.0,5.0,,,0.0,,,,,,1.0,,7.0,1.0,5.0,2.0,1.0,1.0,1.0,beneficiario
1008,15.0,4.0,4.440793976728268,1.0,3.0,,2.0,3.0,5.0,,,0.0,,,,,,1.0,,7.0,1.0,5.0,2.0,1.0,1.0,1.0,beneficiario
1008,15.0,4.0,4.440793976728268,2.0,3.0,,2.0,3.0,5.0,,,0.0,,,,,,1.0,,7.0,1.0,5.0,2.0,1.0,1.0,1.0,beneficiario
1009,15.0,56.0,56.04654346338125,1.0,1.0,1.0,2.0,4.0,5.0,,,0.0,,,,,,1.0,,4.0,1.0,5.0,2.0,1.0,1.0,1.0,beneficiario
1009,15.0,56.0,56.651608487337434,2.0,1.0,1.0,1.0,4.0,5.0,,,0.0,,,,,,1.0,,4.0,1.0,5.0,2.0,1.0,1.0,1.0,beneficiario
1009,15.0,28.0,28.23819301848049,1.0,1.0,1.0,,,,,,,,,,,,,,4.0,1.0,5.0,2.0,1.0,1.0,1.0,
1009,15.0,32.0,32.870636550308014,2.0,1.0,1.0,2.0,3.0,5.0,,,0.0,,,,,,1.0,,4.0,1.0,5.0,2.0,1.0,1.0,1.0,beneficiario
1009,15.0,15.0,15.50444900752909,1.0,1.0,1.0,2.0,5.0,1.0,5.0,2.0,1.0,0.0,,,7.0,2.0,1.0,,4.0,1.0,5.0,2.0,1.0,1.0,1.0,beneficiario
1009,15.0,4.0,4.396988364134154,1.0,1.0,,2.0,5.0,1.0,,,1.0,0.0,,,,1.0,1.0,,4.0,1.0,5.0,2.0,1.0,1.0,1.0,beneficiario
1070,15.0,47.0,48.11225188227242,1.0,,,,1.0,5.0,,,0.0,,,,,,1.0,,3.0,1.0,6.0,3.0,2.0,1.0,2.0,beneficiario
1070,15.0,46.0,46.51882272416153,2.0,,,,2.0,5.0,,,0.0,,,,,,1.0,,3.0,1.0,6.0,3.0,2.0,1.0,2.0,beneficiario
1070,15.0,27.0,27.175906913073234,1.0,,,,,,,,,,,,,,,,3.0,1.0,6.0,3.0,2.0,1.0,2.0,
1070,15.0,26.0,26.193018480492814,1.0,,,,,,,,,,,,,,,,3.0,1.0,6.0,3.0,2.0,1.0,2.0,
1070,15.0,24.0,24.862422997946613,2.0,,,,3.0,5.0,,,0.0,,,,,,1.0,,3.0,1.0,6.0,3.0,2.0,1.0,2.0,beneficiario
1070,15.0,22.0,23.33196440793977,1.0,,,,,,,,,,,,,,,,3.0,1.0,6.0,3.0,2.0,1.0,2.0,
1070,15.0,20.0,20.947296372347704,1.0,,,,,5.0,,,0.0,,,,,,,,3.0,1.0,6.0,3.0,2.0,1.0,2.0,
1092,15.0,44.0,44.07939767282683,1.0,3.0,2.0,2.0,1.0,5.0,,,0.0,,,,,2.0,0.0,2.0,6.0,1.0,3.0,1.0,1.0,1.0,2.0,controle
1092,15.0,34.0,35.644079397672826,2.0,3.0,2.0,,,5.0,,,0.0,,,,,2.0,0.0,2.0,6.0,1.0,3.0,1.0,1.0,1.0,2.0,controle
1092,15.0,18.0,20.041067761806982,1.0,3.0,2.0,2.0,3.0,5.0,,,0.0,,,,,2.0,0.0,2.0,6.0,1.0,3.0,1.0,1.0,1.0,2.0,controle
1092,15.0,17.0,17.850787132101303,1.0,3.0,2.0,2.0,3.0,2.0,89.0,1.0,1.0,0.0,1.0,0.0,,2.0,0.0,2.0,6.0,1.0,3.0,1.0,1.0,1.0,2.0,controle
1092,15.0,16.0,16.46817248459959,2.0,3.0,2.0,,,2.0,89.0,1.0,1.0,0.0,1.0,0.0,,2.0,0.0,2.0,6.0,1.0,3.0,1.0,1.0,1.0,2.0,controle
1092,15.0,11.0,11.764544832306639,2.0,3.0,,2.0,3.0,2.0,,,0.0,1.0,,,,,0.0,2.0,6.0,1.0,3.0,1.0,1.0,1.0,2.0,controle
1097,15.0,55.0,55.46611909650924,2.0,3.0,1.0,1.0,4.0,5.0,,,0.0,,,,,2.0,0.0,,6.0,1.0,6.0,3.0,1.0,1.0,2.0,controle
1097,15.0,34.0,34.52703627652293,1.0,3.0,1.0,2.0,3.0,5.0,,,0.0,,,,,2.0,0.0,,6.0,1.0,6.0,3.0,1.0,1.0,2.0,controle
1097,15.0,31.0,31.085557837097877,1.0,3.0,1.0,2.0,3.0,5.0,,,0.0,,,,,2.0,0.0,,6.0,1.0,6.0,3.0,1.0,1.0,2.0,controle
1097,15.0,37.0,37.45653661875428,1.0,3.0,1.0,2.0,3.0,5.0,,,0.0,,,,,2.0,0.0,,6.0,1.0,6.0,3.0,1.0,1.0,2.0,controle
1097,15.0,13.0,13.311430527036277,2.0,3.0,,2.0,5.0,2.0,7.0,2.0,1.0,0.0,1.0,0.0,6.0,2.0,0.0,,6.0,1.0,6.0,3.0,1.0,1.0,2.0,controle
1097,15.0,11.0,11.110198494182066,1.0,3.0,,,5.0,2.0,7.0,2.0,1.0,0.0,1.0,0.0,4.0,2.0,0.0,,6.0,1.0,6.0,3.0,1.0,1.0,2.0,controle
1127,15.0,53.0,52.95003422313484,1.0,3.0,3.0,1.0,1.0,5.0,,,0.0,,,,,,1.0,,2.0,1.0,3.0,1.0,1.0,2.0,1.0,beneficiario
1127,15.0,,,2.0,,,,,,,,,,,,,,,,2.0,1.0,3.0,1.0,1.0,2.0,1.0,
1127,15.0,,,2.0,3.0,,,2.0,5.0,,,0.0,,,,,,1.0,,2.0,1.0,3.0,1.0,1.0,2.0,1.0,beneficiario
1166,15.0,33.0,33.76043805612594,1.0,3.0,,2.0,1.0,5.0,,,0.0,,,,,3.0,1.0,3.0,4.0,1.0,4.0,2.0,1.0,1.0,1.0,beneficiario
1166,15.0,29.0,29.5523613963039,2.0,3.0,,2.0,2.0,5.0,,,0.0,,,,,2.0,1.0,3.0,4.0,1.0,4.0,2.0,1.0,1.0,1.0,beneficiario
1166,15.0,13.0,12.939082819986309,2.0,3.0,,2.0,3.0,2.0,7.0,2.0,1.0,0.0,1.0,0.0,7.0,2.0,1.0,3.0,4.0,1.0,4.0,2.0,1.0,1.0,1.0,beneficiario
1166,15.0,8.0,8.295687885010267,1.0,3.0,,2.0,3.0,2.0,7.0,2.0,1.0,0.0,1.0,0.0,2.0,2.0,1.0,3.0,4.0,1.0,4.0,2.0,1.0,1.0,1.0,beneficiario
1304,15.0,63.0,63.15674195756332,2.0,3.0,1.0,2.0,1.0,5.0,,,0.0,,,,,3.0,1.0,3.0,6.0,1.0,6.0,3.0,1.0,1.0,1.0,beneficiario
1304,15.0,32.0,31.926078028747433,2.0,3.0,1.0,2.0,3.0,5.0,,,0.0,,,,,3.0,1.0,3.0,6.0,1.0,6.0,3.0,1.0,1.0,1.0,beneficiario
1304,15.0,39.0,39.058179329226554,1.0,3.0,1.0,2.0,3.0,5.0,,,0.0,,,,,3.0,1.0,3.0,6.0,1.0,6.0,3.0,1.0,1.0,1.0,beneficiario
1304,15.0,28.0,28.503764544832304,2.0,3.0,1.0,2.0,3.0,2.0,,,1.0,0.0,1.0,0.0,11.0,3.0,1.0,3.0,6.0,1.0,6.0,3.0,1.0,1.0,1.0,beneficiario
1304,15.0,18.0,18.42299794661191,1.0,3.0,1.0,2.0,3.0,2.0,,,0.0,1.0,,,,,1.0,3.0,6.0,1.0,6.0,3.0,1.0,1.0,1.0,beneficiario
1304,15.0,7.0,7.687885010266941,1.0,3.0,,2.0,3.0,2.0,5.0,2.0,1.0,0.0,,,2.0,2.0,1.0,3.0,6.0,1.0,6.0,3.0,1.0,1.0,1.0,beneficiario
1319,15.0,65.0,65.48665297741273,1.0,2.0,,2.0,1.0,5.0,,,0.0,,,,,,1.0,,14.0,2.0,6.0,3.0,1.0,1.0,1.0,beneficiario
1319,15.0,59.0,59.46611909650924,2.0,2.0,,2.0,2.0,5.0,,,0.0,,,,,,1.0,,14.0,2.0,6.0,3.0,1.0,1.0,1.0,beneficiario
1319,15.0,35.0,35.14031485284052,1.0,2.0,,2.0,3.0,5.0,,,0.0,,,,,,1.0,,14.0,2.0,6.0,3.0,1.0,1.0,1.0,beneficiario
1319,15.0,32.0,32.54209445585215,1.0,2.0,,2.0,3.0,5.0,,,0.0,,,,,,1.0,,14.0,2.0,6.0,3.0,1.0,1.0,1.0,beneficiario
1319,15.0,29.0,29.519507186858316,2.0,2.0,,2.0,3.0,5.0,,,0.0,,,,,,1.0,,14.0,2.0,6.0,3.0,1.0,1.0,1.0,beneficiario
1319,15.0,28.0,28.15605749486653,2.0,2.0,,2.0,3.0,5.0,,,0.0,,,,,,1.0,,14.0,2.0,6.0,3.0,1.0,1.0,1.0,beneficiario
1319,15.0,26.0,25.949349760438054,1.0,2.0,,2.0,3.0,5.0,,,0.0,,,,,,1.0,,14.0,2.0,6.0,3.0,1.0,1.0,1.0,beneficiario
1319,15.0,22.0,22.269678302532512,2.0,2.0,,2.0,3.0,5.0,,,0.0,,,,,,1.0,,14.0,2.0,6.0,3.0,1.0,1.0,1.0,beneficiario
1319,15.0,20.0,20.6652977412731,2.0,2.0,,2.0,3.0,3.0,,,0.0,1.0,,,,,1.0,,14.0,2.0,6.0,3.0,1.0,1.0,1.0,beneficiario
1319,15.0,17.0,16.843258042436688,1.0,2.0,,2.0,5.0,5.0,,,0.0,,,,,,1.0,,14.0,2.0,6.0,3.0,1.0,1.0,1.0,beneficiario
1319,15.0,39.0,39.06091718001369,2.0,2.0,,2.0,3.0,5.0,,,0.0,,,,,,1.0,,14.0,2.0,6.0,3.0,1.0,1.0,1.0,beneficiario
1319,15.0,22.0,21.93839835728953,2.0,2.0,,2.0,3.0,5.0,,,0.0,,,,,,1.0,,14.0,2.0,6.0,3.0,1.0,1.0,1.0,beneficiario
1319,15.0,19.0,19.98904859685147,2.0,2.0,,2.0,3.0,3.0,,,0.0,1.0,,,,,1.0,,14.0,2.0,6.0,3.0,1.0,1.0,1.0,beneficiario
1319,15.0,13.0,13.366187542778919,1.0,2.0,,2.0,5.0,3.0,7.0,2.0,1.0,0.0,1.0,0.0,7.0,2.0,1.0,,14.0,2.0,6.0,3.0,1.0,1.0,1.0,beneficiario
1326,15.0,69.0,68.87611225188228,1.0,,,2.0,1.0,5.0,,,0.0,,,,,,1.0,,6.0,2.0,5.0,1.0,1.0,1.0,1.0,beneficiario
1326,15.0,36.0,36.42436687200547,1.0,,,2.0,3.0,5.0,,,0.0,,,,,,1.0,,6.0,2.0,5.0,1.0,1.0,1.0,1.0,beneficiario
1326,15.0,40.0,39.94798083504449,1.0,,,2.0,7.0,5.0,,,0.0,,,,,,1.0,,6.0,2.0,5.0,1.0,1.0,1.0,1.0,beneficiario
1326,15.0,41.0,41.79329226557152,2.0,,,2.0,3.0,3.0,,,0.0,1.0,,,,,1.0,,6.0,2.0,5.0,1.0,1.0,1.0,1.0,beneficiario
1326,15.0,18.0,18.809034907597535,2.0,,,2.0,3.0,3.0,7.0,2.0,1.0,0.0,1.0,0.0,11.0,3.0,1.0,,6.0,2.0,5.0,1.0,1.0,1.0,1.0,beneficiario
1326,15.0,17.0,17.733059548254623,2.0,,,2.0,3.0,,7.0,2.0,,,1.0,0.0,10.0,,1.0,,6.0,2.0,5.0,1.0,1.0,1.0,1.0,beneficiario
1327,15.0,37.0,37.10609171800137,2.0,3.0,,2.0,1.0,5.0,,,0.0,,,,,3.0,1.0,3.0,3.0,1.0,6.0,2.0,1.0,1.0,1.0,beneficiario
1327,15.0,20.0,20.153319644079396,2.0,3.0,,2.0,3.0,5.0,,,0.0,,,,,3.0,1.0,3.0,3.0,1.0,6.0,2.0,1.0,1.0,1.0,beneficiario
1327,15.0,15.0,15.019849418206709,1.0,3.0,,,3.0,3.0,7.0,2.0,1.0,0.0,1.0,0.0,9.0,3.0,1.0,3.0,3.0,1.0,6.0,2.0,1.0,1.0,1.0,beneficiario
1357,15.0,43.0,43.414099931553736,1.0,3.0,,,1.0,5.0,,,0.0,,,,,2.0,1.0,2.0,4.0,1.0,4.0,2.0,1.0,1.0,1.0,beneficiario
1357,15.0,43.0,43.67419575633128,2.0,3.0,,,2.0,5.0,,,0.0,,,,,3.0,1.0,2.0,4.0,1.0,4.0,2.0,1.0,1.0,1.0,beneficiario
1357,15.0,20.0,20.139630390143736,1.0,3.0,,,3.0,1.0,,,0.0,1.0,,,,,1.0,2.0,4.0,1.0,4.0,2.0,1.0,1.0,1.0,beneficiario
1357,15.0,12.0,12.098562628336754,2.0,3.0,,,3.0,2.0,6.0,2.0,1.0,0.0,1.0,0.0,,2.0,1.0,2.0,4.0,1.0,4.0,2.0,1.0,1.0,1.0,beneficiario
1448,15.0,30.0,30.570841889117045,1.0,,1.0,2.0,1.0,5.0,,,0.0,,,,,2.0,1.0,2.0,5.0,1.0,3.0,1.0,1.0,1.0,2.0,beneficiario
1448,15.0,31.0,31.731690622861056,2.0,3.0,1.0,1.0,2.0,5.0,,,0.0,,,,,,1.0,2.0,5.0,1.0,3.0,1.0,1.0,1.0,2.0,beneficiario
1448,15.0,11.0,11.326488706365502,1.0,3.0,,2.0,3.0,2.0,7.0,1.0,1.0,0.0,,,4.0,2.0,1.0,2.0,5.0,1.0,3.0,1.0,1.0,1.0,2.0,beneficiario
1448,15.0,7.0,7.783709787816563,1.0,3.0,,2.0,3.0,2.0,6.0,2.0,1.0,0.0,1.0,0.0,2.0,2.0,1.0,2.0,5.0,1.0,3.0,1.0,1.0,1.0,2.0,beneficiario
1448,15.0,3.0,3.1485284052019167,1.0,3.0,,2.0,3.0,5.0,,,0.0,,,,,,1.0,2.0,5.0,1.0,3.0,1.0,1.0,1.0,2.0,beneficiario
1462,15.0,29.0,27.805612594113622,1.0,1.0,1.0,2.0,1.0,5.0,,,0.0,,,,,,0.0,,6.0,1.0,,,1.0,1.0,1.0,controle
1462,15.0,27.0,27.5564681724846,2.0,1.0,1.0,1.0,2.0,5.0,,,0.0,,,,,,0.0,,6.0,1.0,,,1.0,1.0,1.0,controle
1462,15.0,8.0,8.101300479123887,1.0,1.0,,2.0,3.0,3.0,6.0,2.0,1.0,0.0,1.0,0.0,0.0,1.0,0.0,,6.0,1.0,,,1.0,1.0,1.0,controle
1462,15.0,6.0,6.568104038329912,2.0,1.0,,2.0,3.0,3.0,5.0,2.0,1.0,0.0,1.0,0.0,0.0,1.0,0.0,,6.0,1.0,,,1.0,1.0,1.0,controle
1462,15.0,5.0,5.196440793976728,1.0,1.0,,2.0,3.0,3.0,,2.0,1.0,0.0,1.0,0.0,,1.0,0.0,,6.0,1.0,,,1.0,1.0,1.0,controle
1462,15.0,1.0,1.8644763860369609,2.0,,,2.0,3.0,5.0,,,0.0,,,,,,0.0,,6.0,1.0,,,1.0,1.0,1.0,controle
1499,15.0,94.0,94.51060917180013,2.0,3.0,,2.0,4.0,,,,0.0,,,,,,1.0,,5.0,1.0,4.0,1.0,1.0,2.0,2.0,beneficiario
1499,15.0,58.0,58.60369609856262,2.0,3.0,,1.0,1.0,,,,,,,,,,1.0,,5.0,1.0,4.0,1.0,1.0,2.0,2.0,beneficiario
1499,15.0,26.0,26.576317590691307,1.0,3.0,,2.0,3.0,5.0,,,0.0,,,,,,1.0,,5.0,1.0,4.0,1.0,1.0,2.0,2.0,beneficiario
1499,15.0,22.0,22.157426420260094,1.0,3.0,,2.0,3.0,2.0,,,1.0,0.0,1.0,0.0,,,1.0,,5.0,1.0,4.0,1.0,1.0,2.0,2.0,beneficiario
1499,15.0,20.0,12.30116358658453,2.0,,,,,,,,,,,,,,,,5.0,1.0,4.0,1.0,1.0,2.0,2.0,
1499,15.0,17.0,18.2258726899384,1.0,3.0,,2.0,3.0,2.0,,,0.0,1.0,,,,,1.0,,5.0,1.0,4.0,1.0,1.0,2.0,2.0,beneficiario
1503,15.0,37.0,39.32101300479123,1.0,,,,,,,,,,,,,,,,4.0,1.0,,,0.0,,2.0,
1503,15.0,33.0,33.63723477070499,2.0,,,1.0,1.0,2.0,,,0.0,1.0,,,,,1.0,,4.0,1.0,,,0.0,,2.0,beneficiario
1503,15.0,15.0,15.75085557837098,1.0,,,2.0,3.0,2.0,9.0,1.0,1.0,0.0,0.6,1.0,3.0,2.0,1.0,,4.0,1.0,,,0.0,,2.0,beneficiario
1503,15.0,12.0,13.886379192334019,1.0,,,2.0,3.0,2.0,5.0,1.0,1.0,0.0,0.6,1.0,3.0,2.0,1.0,,4.0,1.0,,,0.0,,2.0,beneficiario
1503,15.0,14.0,12.747433264887063,2.0,,,2.0,3.0,2.0,6.0,1.0,1.0,0.0,0.6,1.0,3.0,2.0,1.0,,4.0,1.0,,,0.0,,2.0,beneficiario
1525,15.0,43.0,43.058179329226554,1.0,1.0,1.0,2.0,1.0,5.0,,,0.0,,,,,,0.0,,4.0,1.0,,,0.0,1.0,1.0,controle
1525,15.0,42.0,42.59822039698837,2.0,1.0,1.0,1.0,2.0,5.0,,,0.0,,,,,,0.0,,4.0,1.0,,,0.0,1.0,1.0,controle
1525,15.0,18.0,18.17932922655715,1.0,1.0,1.0,2.0,3.0,2.0,,,0.0,1.0,,,,,0.0,,4.0,1.0,,,0.0,1.0,1.0,controle
1525,15.0,15.0,15.356605065023956,2.0,1.0,1.0,2.0,3.0,2.0,7.0,1.0,1.0,0.0,1.0,0.0,8.0,2.0,0.0,,4.0,1.0,,,0.0,1.0,1.0,controle
1592,15.0,54.0,54.006844626967826,2.0,3.0,1.0,1.0,1.0,5.0,,,0.0,,,,,,1.0,,2.0,1.0,7.0,3.0,1.0,1.0,1.0,beneficiario
1592,15.0,20.0,20.711841204654345,2.0,3.0,1.0,,8.0,3.0,6.0,2.0,1.0,0.0,1.0,0.0,,3.0,1.0,,2.0,1.0,7.0,3.0,1.0,1.0,1.0,beneficiario
1601,15.0,56.0,56.0,2.0,2.0,1.0,2.0,1.0,5.0,,,0.0,,,,,2.0,1.0,2.0,6.0,1.0,5.0,2.0,0.0,1.0,1.0,beneficiario
1601,15.0,32.0,32.0,2.0,2.0,1.0,1.0,3.0,5.0,,,0.0,,,,,2.0,1.0,2.0,6.0,1.0,5.0,2.0,0.0,1.0,1.0,beneficiario
1601,15.0,27.0,27.0,1.0,1.0,1.0,2.0,3.0,5.0,,,0.0,,,,,3.0,1.0,2.0,6.0,1.0,5.0,2.0,0.0,1.0,1.0,beneficiario
1601,15.0,10.0,10.0,1.0,3.0,,2.0,5.0,2.0,,2.0,1.0,0.0,1.0,0.0,4.0,2.0,1.0,2.0,6.0,1.0,5.0,2.0,0.0,1.0,1.0,beneficiario
1601,15.0,10.0,10.0,1.0,3.0,,2.0,5.0,2.0,,1.0,1.0,0.0,1.0,1.0,3.0,2.0,1.0,2.0,6.0,1.0,5.0,2.0,0.0,1.0,1.0,beneficiario
1601,15.0,5.0,5.0,1.0,3.0,,2.0,5.0,2.0,0.0,,1.0,0.0,1.0,1.0,,1.0,1.0,2.0,6.0,1.0,5.0,2.0,0.0,1.0,1.0,beneficiario
1629,15.0,57.0,57.399041752224505,1.0,,,,,,,,,,,,,,,3.0,4.0,1.0,4.0,2.0,0.0,1.0,1.0,
1629,15.0,60.0,60.56673511293635,2.0,3.0,4.0,1.0,,5.0,,,0.0,,,,,2.0,0.0,3.0,4.0,1.0,4.0,2.0,0.0,1.0,1.0,controle
1629,15.0,25.0,25.374401095140314,2.0,,,,,,,,,,,,,,,3.0,4.0,1.0,4.0,2.0,0.0,1.0,1.0,
1629,15.0,22.0,22.442162902121837,2.0,3.0,4.0,2.0,1.0,5.0,,,0.0,,,,,3.0,0.0,3.0,4.0,1.0,4.0,2.0,0.0,1.0,1.0,controle
1629,15.0,13.0,13.568788501026694,1.0,,,,,,,,,,,,,,,3.0,4.0,1.0,4.0,2.0,0.0,1.0,1.0,
1629,15.0,13.0,13.568788501026694,1.0,,,,,,,,,,,,,,,3.0,4.0,1.0,4.0,2.0,0.0,1.0,1.0,
1629,15.0,9.0,9.037645448323067,1.0,3.0,,2.0,3.0,2.0,8.0,2.0,1.0,0.0,1.0,0.0,2.0,2.0,0.0,3.0,4.0,1.0,4.0,2.0,0.0,1.0,1.0,controle
1629,15.0,0.0,0.8651608487337441,1.0,3.0,,2.0,3.0,5.0,,,0.0,,,,,,0.0,3.0,4.0,1.0,4.0,2.0,0.0,1.0,1.0,controle
1639,15.0,59.0,59.241615331964404,1.0,3.0,,,1.0,5.0,,,0.0,,,,,,1.0,,8.0,1.0,8.0,3.0,1.0,1.0,2.0,beneficiario
1639,15.0,58.0,58.6611909650924,2.0,3.0,,1.0,2.0,5.0,,,0.0,,,,,,1.0,,8.0,1.0,8.0,3.0,1.0,1.0,2.0,beneficiario
1639,15.0,41.0,40.761122518822724,1.0,3.0,,,8.0,5.0,,,0.0,,,,,2.0,1.0,,8.0,1.0,8.0,3.0,1.0,1.0,2.0,beneficiario
1639,15.0,26.0,26.06707734428474,2.0,3.0,,,3.0,5.0,,,0.0,,,,,3.0,1.0,,8.0,1.0,8.0,3.0,1.0,1.0,2.0,beneficiario
1639,15.0,22.0,22.099931553730322,1.0,3.0,,,3.0,2.0,,,0.0,1.0,,,,2.0,1.0,,8.0,1.0,8.0,3.0,1.0,1.0,2.0,beneficiario
1639,15.0,15.0,15.425051334702259,1.0,,,,5.0,,,,,,,,,,,,8.0,1.0,8.0,3.0,1.0,1.0,2.0,
1639,15.0,7.0,7.203285420944559,1.0,3.0,,,5.0,5.0,6.0,2.0,1.0,,0.6666666666666666,1.0,1.0,2.0,1.0,,8.0,1.0,8.0,3.0,1.0,1.0,2.0,beneficiario
1639,15.0,33.0,33.45653661875428,1.0,3.0,,,3.0,5.0,,,0.0,,,,,,1.0,,8.0,1.0,8.0,3.0,1.0,1.0,2.0,beneficiario
1645,15.0,57.0,57.30869267624914,1.0,3.0,3.0,2.0,1.0,5.0,,,0.0,,,,,2.0,1.0,2.0,6.0,1.0,5.0,2.0,1.0,2.0,1.0,beneficiario
1645,15.0,51.0,51.02258726899384,2.0,3.0,3.0,2.0,2.0,5.0,,,0.0,,,,,2.0,1.0,2.0,6.0,1.0,5.0,2.0,1.0,2.0,1.0,beneficiario
1645,15.0,26.0,26.02600958247776,1.0,3.0,,2.0,3.0,5.0,,,0.0,,,,,2.0,1.0,2.0,6.0,1.0,5.0,2.0,1.0,2.0,1.0,beneficiario
1645,15.0,24.0,24.594113620807665,1.0,3.0,,2.0,3.0,5.0,,,0.0,,,,,2.0,1.0,2.0,6.0,1.0,5.0,2.0,1.0,2.0,1.0,beneficiario
1645,15.0,21.0,21.535934291581107,2.0,3.0,,2.0,3.0,3.0,,,0.0,1.0,,,,,1.0,2.0,6.0,1.0,5.0,2.0,1.0,2.0,1.0,beneficiario
1645,15.0,11.0,11.132101300479123,1.0,3.0,,,5.0,3.0,7.0,2.0,1.0,0.0,1.0,0.0,6.0,2.0,1.0,2.0,6.0,1.0,5.0,2.0,1.0,2.0,1.0,beneficiario
1706,15.0,28.0,28.150581793292265,2.0,1.0,3.0,1.0,1.0,5.0,,,0.0,,,,,2.0,1.0,2.0,4.0,1.0,6.0,2.0,0.0,2.0,1.0,beneficiario
1706,15.0,8.0,8.394250513347023,2.0,1.0,,2.0,3.0,1.0,7.0,2.0,1.0,0.0,1.0,0.0,2.0,2.0,1.0,2.0,4.0,1.0,6.0,2.0,0.0,2.0,1.0,beneficiario
1706,15.0,5.0,5.3497604380561254,1.0,1.0,,2.0,3.0,5.0,,,0.0,,,,,,1.0,2.0,4.0,1.0,6.0,2.0,0.0,2.0,1.0,beneficiario
1706,15.0,48.0,48.2299794661191,2.0,,,,,,,,,,,,,,,2.0,4.0,1.0,6.0,2.0,0.0,2.0,1.0,
1706,15.0,41.0,41.63175906913073,1.0,,,,,,,,,,,,,,,2.0,4.0,1.0,6.0,2.0,0.0,2.0,1.0,
1706,15.0,1.0,1.0924024640657084,2.0,1.0,,2.0,3.0,5.0,,,0.0,,,,,,1.0,2.0,4.0,1.0,6.0,2.0,0.0,2.0,1.0,beneficiario
1774,15.0,48.0,48.898015058179325,1.0,3.0,,2.0,1.0,5.0,,,0.0,,,,,2.0,1.0,2.0,5.0,1.0,3.0,1.0,0.0,1.0,1.0,beneficiario
1774,15.0,39.0,39.88227241615332,2.0,3.0,,1.0,2.0,5.0,,,0.0,,,,,2.0,1.0,2.0,5.0,1.0,3.0,1.0,0.0,1.0,1.0,beneficiario
1774,15.0,26.0,26.60369609856263,1.0,1.0,,2.0,3.0,5.0,,,0.0,,,,,2.0,1.0,2.0,5.0,1.0,3.0,1.0,0.0,1.0,1.0,beneficiario
1774,15.0,20.0,20.692676249144423,2.0,1.0,,2.0,3.0,5.0,,,0.0,,,,,3.0,1.0,2.0,5.0,1.0,3.0,1.0,0.0,1.0,1.0,beneficiario
1774,15.0,11.0,11.255304585900069,2.0,1.0,,2.0,3.0,1.0,7.0,2.0,1.0,0.0,1.0,0.0,,2.0,1.0,2.0,5.0,1.0,3.0,1.0,0.0,1.0,1.0,beneficiario
1786,15.0,60.0,60.0,1.0,1.0,,2.0,2.0,5.0,,,0.0,,,,,,1.0,,6.0,2.0,5.0,3.0,1.0,2.0,1.0,beneficiario
1786,15.0,64.0,64.0,2.0,3.0,,2.0,1.0,5.0,,,0.0,,,,,,1.0,,6.0,2.0,5.0,3.0,1.0,2.0,1.0,beneficiario
1786,15.0,43.0,43.0,1.0,3.0,,2.0,3.0,5.0,,,0.0,,,,,2.0,1.0,,6.0,2.0,5.0,3.0,1.0,2.0,1.0,beneficiario
1786,15.0,39.0,39.0,2.0,3.0,,1.0,7.0,5.0,,,0.0,,,,,2.0,1.0,,6.0,2.0,5.0,3.0,1.0,2.0,1.0,beneficiario
1786,15.0,14.0,14.0,1.0,3.0,,2.0,5.0,2.0,5.0,2.0,1.0,0.0,1.0,0.0,,2.0,1.0,,6.0,2.0,5.0,3.0,1.0,2.0,1.0,beneficiario
1786,15.0,12.0,12.0,2.0,2.0,,2.0,5.0,2.0,5.0,2.0,1.0,0.0,1.0,0.0,,2.0,1.0,,6.0,2.0,5.0,3.0,1.0,2.0,1.0,beneficiario
1803,15.0,55.0,55.6249144421629,2.0,3.0,,1.0,1.0,5.0,,,0.0,,,,,,1.0,,7.0,1.0,4.0,2.0,0.0,2.0,1.0,beneficiario
1803,15.0,32.0,32.16974674880219,1.0,3.0,,2.0,3.0,5.0,,,0.0,,,,,,1.0,,7.0,1.0,4.0,2.0,0.0,2.0,1.0,beneficiario
1803,15.0,22.0,22.028747433264886,2.0,3.0,,2.0,3.0,2.0,,,1.0,0.0,1.0,1.0,,3.0,1.0,,7.0,1.0,4.0,2.0,0.0,2.0,1.0,beneficiario
1803,15.0,20.0,20.54757015742642,1.0,3.0,,2.0,3.0,2.0,7.0,1.0,1.0,0.0,1.0,0.0,,3.0,1.0,,7.0,1.0,4.0,2.0,0.0,2.0,1.0,beneficiario
1803,15.0,16.0,16.95003422313484,1.0,3.0,,2.0,3.0,2.0,7.0,2.0,1.0,0.0,1.0,0.0,,2.0,1.0,,7.0,1.0,4.0,2.0,0.0,2.0,1.0,beneficiario
1803,15.0,14.0,14.198494182067076,1.0,3.0,,2.0,3.0,2.0,7.0,2.0,1.0,0.0,1.0,1.0,,2.0,1.0,,7.0,1.0,4.0,2.0,0.0,2.0,1.0,beneficiario
1803,15.0,11.0,11.742642026009582,2.0,1.0,,2.0,3.0,2.0,7.0,2.0,1.0,0.0,1.0,1.0,,2.0,1.0,,7.0,1.0,4.0,2.0,0.0,2.0,1.0,beneficiario
1827,15.0,43.0,42.87748117727584,1.0,3.0,3.0,2.0,1.0,5.0,,,0.0,,,,,2.0,1.0,2.0,4.0,1.0,3.0,1.0,1.0,1.0,,beneficiario
1827,15.0,36.0,36.23545516769336,2.0,3.0,3.0,1.0,2.0,5.0,,,0.0,,,,,3.0,1.0,2.0,4.0,1.0,3.0,1.0,1.0,1.0,,beneficiario
1827,15.0,9.0,8.906228610540726,2.0,3.0,,2.0,3.0,3.0,,2.0,1.0,0.0,1.0,1.0,2.0,2.0,1.0,2.0,4.0,1.0,3.0,1.0,1.0,1.0,,beneficiario
1827,15.0,8.0,8.02737850787132,1.0,3.0,,2.0,3.0,3.0,,,1.0,0.0,1.0,1.0,2.0,2.0,1.0,2.0,4.0,1.0,3.0,1.0,1.0,1.0,,beneficiario
1827,,,,,,,,,,,,,,,,,,,2.0,4.0,1.0,3.0,1.0,1.0,1.0,,
1889,15.0,36.0,36.53661875427789,2.0,3.0,3.0,,1.0,5.0,,,1.0,,1.0,1.0,,1.0,1.0,1.0,5.0,1.0,5.0,3.0,1.0,1.0,2.0,beneficiario
1889,15.0,40.0,41.14442162902122,1.0,3.0,3.0,,2.0,5.0,,,0.0,,,,,2.0,1.0,1.0,5.0,1.0,5.0,3.0,1.0,1.0,2.0,beneficiario
1889,15.0,16.0,17.467488021902806,2.0,,,,,,,,,,,,,,,1.0,5.0,1.0,5.0,3.0,1.0,1.0,2.0,
1889,15.0,14.0,15.132101300479125,1.0,3.0,,,3.0,2.0,7.0,1.0,1.0,0.0,1.0,0.0,,2.0,1.0,1.0,5.0,1.0,5.0,3.0,1.0,1.0,2.0,beneficiario
1889,15.0,12.0,12.531143052703628,1.0,3.0,,,3.0,2.0,6.0,2.0,1.0,0.0,1.0,0.0,,2.0,1.0,1.0,5.0,1.0,5.0,3.0,1.0,1.0,2.0,beneficiario
1889,15.0,10.0,10.261464750171116,2.0,3.0,,,3.0,2.0,6.0,2.0,1.0,0.0,1.0,0.0,,2.0,1.0,1.0,5.0,1.0,5.0,3.0,1.0,1.0,2.0,beneficiario
1890,15.0,34.0,33.596167008898014,2.0,1.0,,2.0,1.0,5.0,,,0.0,,,,,3.0,1.0,3.0,6.0,1.0,5.0,2.0,1.0,1.0,2.0,beneficiario
1890,15.0,36.0,26.882956878850102,1.0,3.0,,2.0,2.0,5.0,,,0.0,,,,,2.0,1.0,3.0,6.0,1.0,5.0,2.0,1.0,1.0,2.0,beneficiario
1890,15.0,15.0,15.345653661875428,2.0,3.0,,2.0,3.0,2.0,6.0,2.0,1.0,0.0,1.0,0.0,,2.0,1.0,3.0,6.0,1.0,5.0,2.0,1.0,1.0,2.0,beneficiario
1890,15.0,8.0,9.117043121149896,1.0,3.0,,2.0,3.0,2.0,5.0,2.0,1.0,0.0,1.0,0.0,,2.0,1.0,3.0,6.0,1.0,5.0,2.0,1.0,1.0,2.0,beneficiario
1890,15.0,7.0,8.0,2.0,1.0,,2.0,3.0,2.0,5.0,2.0,1.0,0.0,1.0,0.0,,2.0,1.0,3.0,6.0,1.0,5.0,2.0,1.0,1.0,2.0,beneficiario
1890,15.0,7.0,4.9664613278576315,1.0,1.0,,,3.0,5.0,,,1.0,,,,0.0,1.0,1.0,3.0,6.0,1.0,5.0,2.0,1.0,1.0,2.0,beneficiario
1904,15.0,26.0,26.872005475701574,1.0,3.0,,2.0,1.0,5.0,,,0.0,,,,,2.0,1.0,2.0,4.0,1.0,5.0,2.0,1.0,2.0,1.0,beneficiario
1904,15.0,35.0,35.27173169062286,2.0,3.0,,2.0,2.0,5.0,,,0.0,,,,,3.0,1.0,2.0,4.0,1.0,5.0,2.0,1.0,2.0,1.0,beneficiario
1904,15.0,12.0,12.87337440109514,2.0,3.0,,2.0,3.0,2.0,6.0,2.0,1.0,0.0,1.0,0.0,,2.0,1.0,2.0,4.0,1.0,5.0,2.0,1.0,2.0,1.0,beneficiario
1904,15.0,11.0,11.457905544147843,1.0,3.0,,2.0,3.0,2.0,6.0,2.0,1.0,0.0,1.0,0.0,,2.0,1.0,2.0,4.0,1.0,5.0,2.0,1.0,2.0,1.0,beneficiario
1928,15.0,49.0,49.14168377823409,2.0,3.0,2.0,1.0,1.0,2.0,,,0.0,1.0,,,,,0.0,,3.0,1.0,6.0,2.0,2.0,2.0,2.0,controle
1928,15.0,24.0,24.495550992470907,1.0,,,,,,,,,,,,,,,,3.0,1.0,6.0,2.0,2.0,2.0,2.0,
1928,15.0,23.0,23.21423682409309,2.0,,,,,,,,,,,,,,,,3.0,1.0,6.0,2.0,2.0,2.0,2.0,
1928,15.0,22.0,22.201232032854207,1.0,3.0,1.0,,3.0,2.0,,,1.0,0.0,0.2,1.0,,3.0,0.0,,3.0,1.0,6.0,2.0,2.0,2.0,2.0,controle
1974,15.0,47.0,47.123887748117724,2.0,1.0,3.0,1.0,1.0,5.0,,,0.0,,,,,,1.0,,3.0,1.0,5.0,1.0,1.0,1.0,1.0,beneficiario
1974,15.0,23.0,22.746064339493497,1.0,1.0,3.0,2.0,3.0,5.0,,,0.0,,,,,,1.0,,3.0,1.0,5.0,1.0,1.0,1.0,1.0,beneficiario
1974,15.0,20.0,20.37234770704997,1.0,1.0,3.0,2.0,3.0,5.0,,,0.0,,,,,,1.0,,3.0,1.0,5.0,1.0,1.0,1.0,1.0,beneficiario
1974,15.0,18.0,18.220396988364133,2.0,1.0,3.0,2.0,3.0,2.0,,,0.0,1.0,,,,,1.0,,3.0,1.0,5.0,1.0,1.0,1.0,1.0,beneficiario
1974,15.0,15.0,15.97535934291581,2.0,1.0,3.0,2.0,3.0,2.0,7.0,1.0,1.0,0.0,1.0,0.0,5.0,2.0,1.0,,3.0,1.0,5.0,1.0,1.0,1.0,1.0,beneficiario
1982,15.0,35.0,35.84394250513347,1.0,3.0,3.0,2.0,1.0,5.0,,,0.0,,,,,3.0,1.0,3.0,6.0,1.0,5.0,3.0,0.0,1.0,1.0,beneficiario
1982,15.0,33.0,33.275838466803556,2.0,3.0,3.0,1.0,2.0,2.0,,,0.0,1.0,,,,3.0,1.0,3.0,6.0,1.0,5.0,3.0,0.0,1.0,1.0,beneficiario
1982,15.0,8.0,8.383299110198495,1.0,3.0,,2.0,3.0,2.0,,2.0,1.0,0.0,0.8,1.0,2.0,2.0,1.0,3.0,6.0,1.0,5.0,3.0,0.0,1.0,1.0,beneficiario
1982,15.0,4.0,4.884325804243669,2.0,3.0,,2.0,3.0,2.0,,,1.0,0.0,1.0,0.0,,2.0,1.0,3.0,6.0,1.0,5.0,3.0,0.0,1.0,1.0,beneficiario
1982,15.0,3.0,3.033538672142368,1.0,3.0,,2.0,3.0,2.0,,,,,,,,,1.0,3.0,6.0,1.0,5.0,3.0,0.0,1.0,1.0,beneficiario
1982,15.0,12.0,11.93429158110883,2.0,3.0,,2.0,6.0,2.0,6.0,2.0,1.0,0.0,1.0,1.0,5.0,2.0,1.0,3.0,6.0,1.0,5.0,3.0,0.0,1.0,1.0,beneficiario
2007,15.0,63.0,62.091718001368925,2.0,2.0,4.0,1.0,1.0,5.0,,,0.0,,,,,,0.0,,2.0,1.0,5.0,2.0,1.0,2.0,2.0,controle
2007,15.0,24.0,24.668035592060235,1.0,,,,,,,,,,,,,,,,2.0,1.0,5.0,2.0,1.0,2.0,2.0,
2007,15.0,16.0,15.895961670088981,1.0,2.0,1.0,,5.0,2.0,,2.0,1.0,0.0,1.0,0.0,8.0,2.0,0.0,,2.0,1.0,5.0,2.0,1.0,2.0,2.0,controle
2021,15.0,47.0,41.5523613963039,1.0,2.0,1.0,2.0,1.0,5.0,,,0.0,,,,,,0.0,,3.0,1.0,,,0.0,1.0,2.0,controle
2021,15.0,46.0,46.379192334017795,2.0,2.0,1.0,2.0,2.0,3.0,,,0.0,1.0,,,,,0.0,,3.0,1.0,,,0.0,1.0,2.0,controle
2021,15.0,18.0,17.900068446269678,2.0,2.0,1.0,2.0,3.0,3.0,,,0.0,1.0,,,,,0.0,,3.0,1.0,,,0.0,1.0,2.0,controle
2028,15.0,49.0,50.203969883641335,1.0,3.0,4.0,2.0,1.0,5.0,,,0.0,,,,,,1.0,,8.0,3.0,6.0,3.0,2.0,1.0,2.0,beneficiario
2028,15.0,49.0,49.935660506502394,2.0,3.0,4.0,2.0,2.0,5.0,,,0.0,,,,,,1.0,,8.0,3.0,6.0,3.0,2.0,1.0,2.0,beneficiario
2028,15.0,24.0,23.800136892539356,2.0,3.0,4.0,2.0,3.0,5.0,,,0.0,,,,,,1.0,,8.0,3.0,6.0,3.0,2.0,1.0,2.0,beneficiario
2028,15.0,13.0,13.623545516769335,1.0,3.0,,2.0,3.0,2.0,7.0,2.0,1.0,0.0,1.0,0.0,7.0,2.0,1.0,,8.0,3.0,6.0,3.0,2.0,1.0,2.0,beneficiario
2028,15.0,11.0,11.718001368925393,1.0,3.0,,2.0,5.0,2.0,7.0,2.0,1.0,0.0,1.0,0.0,3.0,2.0,1.0,,8.0,3.0,6.0,3.0,2.0,1.0,2.0,beneficiario
2028,15.0,5.0,4.851471594798084,1.0,3.0,,2.0,5.0,2.0,,,1.0,0.0,1.0,0.0,1.0,2.0,1.0,,8.0,3.0,6.0,3.0,2.0,1.0,2.0,beneficiario
2028,15.0,27.0,27.241615331964404,2.0,3.0,4.0,2.0,3.0,5.0,,,0.0,,,,,,1.0,,8.0,3.0,6.0,3.0,2.0,1.0,2.0,beneficiario
2028,15.0,0.0,0.25735797399041754,2.0,3.0,,2.0,5.0,5.0,,,0.0,,,,,,1.0,,8.0,3.0,6.0,3.0,2.0,1.0,2.0,beneficiario
2050,50.0,41.0,41.634496919917865,2.0,3.0,1.0,1.0,1.0,5.0,,,0.0,,,,,2.0,0.0,2.0,3.0,1.0,4.0,2.0,1.0,1.0,2.0,controle
2050,50.0,18.0,18.494182067077347,2.0,,,,,,,,,,,,,,,2.0,3.0,1.0,4.0,2.0,1.0,1.0,2.0,
2050,50.0,14.0,14.633812457221081,1.0,3.0,1.0,2.0,3.0,2.0,7.0,2.0,1.0,0.0,1.0,0.0,8.0,2.0,0.0,2.0,3.0,1.0,4.0,2.0,1.0,1.0,2.0,controle
2050,50.0,12.0,12.714579055441478,2.0,3.0,,2.0,3.0,2.0,7.0,2.0,1.0,0.0,1.0,0.0,6.0,2.0,0.0,2.0,3.0,1.0,4.0,2.0,1.0,1.0,2.0,controle
2136,15.0,36.0,36.251882272416154,2.0,3.0,1.0,2.0,1.0,5.0,,,0.0,,,,,2.0,1.0,2.0,4.0,1.0,2.0,1.0,1.0,2.0,2.0,beneficiario
2136,15.0,14.0,14.428473648186175,2.0,3.0,1.0,2.0,3.0,2.0,7.0,1.0,1.0,0.0,0.6,1.0,6.0,2.0,1.0,2.0,4.0,1.0,2.0,1.0,1.0,2.0,2.0,beneficiario
2136,15.0,5.0,5.390828199863107,2.0,3.0,,2.0,3.0,2.0,,,0.0,1.0,,,,,1.0,2.0,4.0,1.0,2.0,1.0,1.0,2.0,2.0,beneficiario
2136,15.0,1.0,1.111567419575633,1.0,3.0,,2.0,3.0,5.0,,,0.0,,,,,,1.0,2.0,4.0,1.0,2.0,1.0,1.0,2.0,2.0,beneficiario
2142,15.0,35.0,35.26899383983573,1.0,3.0,1.0,2.0,1.0,5.0,,,0.0,,,,,,0.0,,5.0,1.0,5.0,3.0,1.0,1.0,1.0,controle
2142,15.0,32.0,32.167008898015055,2.0,3.0,3.0,2.0,2.0,5.0,,,0.0,,,,,,0.0,,5.0,1.0,5.0,3.0,1.0,1.0,1.0,controle
2142,15.0,12.0,11.797399041752223,2.0,3.0,,2.0,3.0,2.0,7.0,,1.0,0.0,,0.0,5.0,2.0,0.0,,5.0,1.0,5.0,3.0,1.0,1.0,1.0,controle
2142,15.0,3.0,3.0,1.0,3.0,,2.0,3.0,2.0,,,1.0,0.0,1.0,0.0,7.0,2.0,0.0,,5.0,1.0,5.0,3.0,1.0,1.0,1.0,controle
2142,15.0,9.0,9.596167008898016,1.0,3.0,,2.0,3.0,2.0,0.0,2.0,1.0,0.0,,0.0,3.0,2.0,0.0,,5.0,1.0,5.0,3.0,1.0,1.0,1.0,controle
2219,15.0,66.0,66.34907597535934,2.0,3.0,,2.0,4.0,5.0,,,0.0,,,,,,1.0,3.0,7.0,1.0,5.0,3.0,2.0,2.0,2.0,beneficiario
2219,15.0,37.0,37.4072553045859,1.0,3.0,,2.0,1.0,5.0,,,0.0,,,,,3.0,1.0,3.0,7.0,1.0,5.0,3.0,2.0,2.0,2.0,beneficiario
2219,15.0,42.0,41.960301163586585,2.0,3.0,,2.0,2.0,5.0,,,0.0,,,,,3.0,1.0,3.0,7.0,1.0,5.0,3.0,2.0,2.0,2.0,beneficiario
2219,15.0,17.0,17.27310061601643,1.0,3.0,1.0,,3.0,3.0,7.0,1.0,1.0,0.0,1.0,0.0,6.0,2.0,1.0,3.0,7.0,1.0,5.0,3.0,2.0,2.0,2.0,beneficiario
2219,15.0,25.0,25.201916495550993,1.0,3.0,,2.0,3.0,1.0,,,1.0,0.0,,1.0,,4.0,1.0,3.0,7.0,1.0,5.0,3.0,2.0,2.0,2.0,beneficiario
2219,15.0,24.0,24.435318275154003,1.0,3.0,,2.0,3.0,5.0,,,0.0,,,,,3.0,1.0,3.0,7.0,1.0,5.0,3.0,2.0,2.0,2.0,beneficiario
2219,15.0,14.0,14.277891854893907,2.0,3.0,,2.0,3.0,3.0,7.0,2.0,1.0,0.0,1.0,0.0,,2.0,1.0,3.0,7.0,1.0,5.0,3.0,2.0,2.0,2.0,beneficiario
2258,15.0,51.0,51.35934291581109,2.0,3.0,,2.0,1.0,5.0,,,0.0,,,,,3.0,1.0,3.0,4.0,1.0,6.0,3.0,1.0,1.0,2.0,beneficiario
2258,15.0,29.0,29.09514031485284,2.0,3.0,,2.0,3.0,5.0,,,0.0,,,,,4.0,1.0,3.0,4.0,1.0,6.0,3.0,1.0,1.0,2.0,beneficiario
2258,15.0,26.0,26.60643394934976,1.0,3.0,,2.0,3.0,2.0,,,0.0,1.0,,,,,1.0,3.0,4.0,1.0,6.0,3.0,1.0,1.0,2.0,beneficiario
2258,15.0,22.0,22.428473648186174,1.0,3.0,,,,,,,,,,,,,,3.0,4.0,1.0,6.0,3.0,1.0,1.0,2.0,
2258,15.0,20.0,20.342231348391515,2.0,3.0,,,,,,,,,,,,,,3.0,4.0,1.0,6.0,3.0,1.0,1.0,2.0,
2258,15.0,16.0,16.711841204654345,2.0,3.0,,,,,,,,,,,,,,3.0,4.0,1.0,6.0,3.0,1.0,1.0,2.0,
2258,15.0,65.0,65.7905544147844,2.0,3.0,1.0,2.0,4.0,5.0,,,0.0,,,,,2.0,1.0,3.0,4.0,1.0,6.0,3.0,1.0,1.0,2.0,beneficiario
2310,15.0,38.0,37.98494182067077,2.0,3.0,1.0,2.0,1.0,5.0,,,0.0,,,,,2.0,1.0,2.0,3.0,1.0,5.0,3.0,1.0,1.0,1.0,beneficiario
2310,15.0,20.0,19.964407939767284,1.0,3.0,1.0,2.0,3.0,3.0,7.0,1.0,1.0,0.0,,,10.0,3.0,1.0,2.0,3.0,1.0,5.0,3.0,1.0,1.0,1.0,beneficiario
2310,15.0,23.0,23.690622861054074,1.0,3.0,1.0,2.0,9.0,5.0,,,0.0,,,,,2.0,1.0,2.0,3.0,1.0,5.0,3.0,1.0,1.0,1.0,beneficiario
2313,15.0,42.0,42.71594798083505,1.0,3.0,,2.0,1.0,5.0,,,0.0,,,,,2.0,1.0,2.0,5.0,1.0,3.0,1.0,1.0,1.0,1.0,beneficiario
2313,15.0,39.0,39.186858316221766,2.0,3.0,,1.0,2.0,5.0,,,0.0,,,,,2.0,1.0,2.0,5.0,1.0,3.0,1.0,1.0,1.0,1.0,beneficiario
2313,15.0,29.0,23.537303216974674,1.0,3.0,,,,,,,,,,,,,,2.0,5.0,1.0,3.0,1.0,1.0,1.0,1.0,
2313,15.0,18.0,18.77344284736482,2.0,3.0,,2.0,3.0,3.0,7.0,2.0,1.0,0.0,1.0,0.0,11.0,3.0,1.0,2.0,5.0,1.0,3.0,1.0,1.0,1.0,1.0,beneficiario
2313,15.0,17.0,16.95277207392197,2.0,3.0,,2.0,3.0,5.0,,,0.0,,,,,2.0,1.0,2.0,5.0,1.0,3.0,1.0,1.0,1.0,1.0,beneficiario
2313,15.0,15.0,15.471594798083505,2.0,3.0,,2.0,3.0,2.0,7.0,2.0,1.0,0.0,1.0,0.0,8.0,2.0,1.0,2.0,5.0,1.0,3.0,1.0,1.0,1.0,1.0,beneficiario
2359,15.0,63.0,63.19780971937029,2.0,3.0,1.0,2.0,1.0,5.0,,,0.0,,,,,,0.0,,2.0,1.0,3.0,1.0,1.0,2.0,2.0,controle
2359,15.0,33.0,33.973990417522245,2.0,3.0,3.0,2.0,3.0,5.0,,,0.0,,,,,,0.0,,2.0,1.0,3.0,1.0,1.0,2.0,2.0,controle
2376,15.0,39.0,39.279945242984255,1.0,3.0,1.0,2.0,1.0,5.0,,,0.0,,,,,,0.0,,5.0,1.0,3.0,1.0,0.0,1.0,1.0,controle
2376,15.0,43.0,43.931553730321696,2.0,3.0,1.0,2.0,2.0,5.0,,,0.0,,,,,,0.0,,5.0,1.0,3.0,1.0,0.0,1.0,1.0,controle
2376,15.0,22.0,22.12183436002738,1.0,3.0,1.0,,,,,,,,,,,,,,5.0,1.0,3.0,1.0,0.0,1.0,1.0,
2376,15.0,21.0,21.27310061601643,1.0,3.0,1.0,,,,,,,,,,,,,,5.0,1.0,3.0,1.0,0.0,1.0,1.0,
2376,15.0,18.0,18.934976043805612,2.0,3.0,1.0,2.0,3.0,2.0,7.0,1.0,1.0,0.0,1.0,0.0,,3.0,0.0,,5.0,1.0,3.0,1.0,0.0,1.0,1.0,controle
2376,15.0,3.0,3.2580424366872007,1.0,3.0,,2.0,5.0,5.0,,,0.0,,,,,,0.0,,5.0,1.0,3.0,1.0,0.0,1.0,1.0,controle
2376,15.0,13.0,13.763175906913075,1.0,3.0,,2.0,3.0,2.0,7.0,2.0,1.0,0.0,1.0,0.0,4.0,2.0,0.0,,5.0,1.0,3.0,1.0,0.0,1.0,1.0,controle
2377,15.0,33.0,33.111567419575636,1.0,1.0,4.0,2.0,1.0,5.0,,,0.0,,,,,,0.0,,3.0,1.0,3.0,1.0,1.0,1.0,2.0,controle
2377,15.0,31.0,31.928815879534564,2.0,3.0,4.0,1.0,2.0,5.0,,,0.0,,,,,,0.0,,3.0,1.0,3.0,1.0,1.0,1.0,2.0,controle
2377,15.0,6.0,6.699520876112252,1.0,3.0,,2.0,3.0,2.0,6.0,2.0,1.0,0.0,1.0,0.0,1.0,2.0,0.0,,3.0,1.0,3.0,1.0,1.0,1.0,2.0,controle
2449,21.0,56.0,56.120465434633815,2.0,3.0,,1.0,1.0,5.0,,,0.0,,,,,2.0,1.0,2.0,2.0,1.0,5.0,2.0,1.0,1.0,1.0,beneficiario
2449,21.0,7.0,7.438740588637919,2.0,3.0,,2.0,3.0,2.0,7.0,2.0,1.0,0.0,1.0,0.0,1.0,2.0,1.0,2.0,2.0,1.0,5.0,2.0,1.0,1.0,1.0,beneficiario
2453,21.0,68.0,67.83025325119782,2.0,3.0,,2.0,1.0,5.0,,,0.0,,,,,,1.0,,2.0,1.0,3.0,2.0,0.0,1.0,2.0,beneficiario
2453,21.0,36.0,36.054757015742645,1.0,3.0,,2.0,3.0,5.0,,,0.0,,,,,3.0,1.0,,2.0,1.0,3.0,2.0,0.0,1.0,2.0,beneficiario
2459,21.0,28.0,28.944558521560577,1.0,1.0,1.0,2.0,1.0,2.0,,,0.0,1.0,,,,2.0,1.0,2.0,2.0,1.0,4.0,1.0,0.0,1.0,2.0,beneficiario
2459,21.0,16.0,16.687200547570157,2.0,3.0,1.0,2.0,2.0,5.0,,,1.0,,1.0,0.0,1.0,2.0,1.0,2.0,2.0,1.0,4.0,1.0,0.0,1.0,2.0,beneficiario
2468,21.0,53.0,54.25872689938398,2.0,3.0,3.0,2.0,1.0,5.0,,,0.0,,,,,2.0,1.0,2.0,2.0,1.0,7.0,2.0,0.0,1.0,1.0,beneficiario
2468,21.0,21.0,21.352498288843258,1.0,3.0,,2.0,2.0,5.0,,,0.0,,,,,3.0,1.0,2.0,2.0,1.0,7.0,2.0,0.0,1.0,1.0,beneficiario
2477,21.0,29.0,29.90828199863107,1.0,3.0,3.0,2.0,1.0,5.0,,,0.0,,,,,2.0,0.0,2.0,4.0,1.0,4.0,2.0,0.0,2.0,1.0,controle
2477,21.0,25.0,25.31690622861054,2.0,3.0,3.0,1.0,2.0,5.0,,,0.0,,,,,2.0,0.0,2.0,4.0,1.0,4.0,2.0,0.0,2.0,1.0,controle
2477,21.0,7.0,7.526351813826147,2.0,3.0,,2.0,3.0,3.0,6.0,2.0,1.0,0.0,1.0,0.0,2.0,2.0,0.0,2.0,4.0,1.0,4.0,2.0,0.0,2.0,1.0,controle
2477,21.0,1.0,1.7522245037645447,2.0,3.0,,2.0,3.0,5.0,,,0.0,,,,,,0.0,2.0,4.0,1.0,4.0,2.0,0.0,2.0,1.0,controle
2498,21.0,83.0,83.26351813826146,2.0,3.0,3.0,2.0,1.0,5.0,,,0.0,,,,,,0.0,,2.0,1.0,4.0,2.0,0.0,2.0,2.0,controle
2498,21.0,63.0,63.01163586584531,1.0,3.0,3.0,2.0,3.0,5.0,,,0.0,,,,,,0.0,,2.0,1.0,4.0,2.0,0.0,2.0,2.0,controle
2527,21.0,37.0,37.889117043121146,1.0,2.0,2.0,2.0,1.0,5.0,,,0.0,,,,,2.0,0.0,2.0,4.0,1.0,6.0,2.0,1.0,1.0,1.0,controle
2527,21.0,32.0,32.90075290896646,2.0,2.0,2.0,1.0,2.0,5.0,,,0.0,,,,,2.0,0.0,2.0,4.0,1.0,6.0,2.0,1.0,1.0,1.0,controle
2527,21.0,15.0,15.827515400410679,1.0,2.0,,2.0,3.0,2.0,7.0,1.0,1.0,0.0,1.0,0.0,6.0,2.0,0.0,2.0,4.0,1.0,6.0,2.0,1.0,1.0,1.0,controle
2527,21.0,14.0,14.926762491444215,2.0,2.0,,2.0,3.0,3.0,7.0,2.0,1.0,0.0,0.75,1.0,8.0,2.0,0.0,2.0,4.0,1.0,6.0,2.0,1.0,1.0,1.0,controle
2599,21.0,41.0,41.00479123887748,2.0,3.0,3.0,1.0,1.0,3.0,,,0.0,1.0,,,,2.0,0.0,2.0,4.0,1.0,5.0,2.0,1.0,1.0,2.0,controle
2599,21.0,58.0,48.96919917864476,1.0,,,,,,,,,,,,,,,2.0,4.0,1.0,5.0,2.0,1.0,1.0,2.0,
2599,21.0,9.0,9.88911704312115,2.0,3.0,,2.0,3.0,3.0,7.0,2.0,1.0,0.0,1.0,1.0,3.0,2.0,0.0,2.0,4.0,1.0,5.0,2.0,1.0,1.0,2.0,controle
2599,21.0,7.0,7.611225188227242,1.0,3.0,,2.0,3.0,3.0,7.0,2.0,1.0,0.0,1.0,1.0,1.0,2.0,0.0,2.0,4.0,1.0,5.0,2.0,1.0,1.0,2.0,controle
2599,21.0,27.0,27.18412046543463,1.0,,,,,,,,,,,,,,,2.0,4.0,1.0,5.0,2.0,1.0,1.0,2.0,
2599,21.0,21.0,21.798767967145793,2.0,3.0,3.0,2.0,6.0,5.0,,,0.0,,,,,3.0,0.0,2.0,4.0,1.0,5.0,2.0,1.0,1.0,2.0,controle
2664,21.0,35.0,35.474332648870636,2.0,3.0,1.0,1.0,1.0,5.0,,,0.0,,,,,,0.0,,3.0,1.0,3.0,0.0,0.0,1.0,2.0,controle
2664,21.0,43.0,42.79260780287474,1.0,,,,,,,,,,,,,,,,3.0,1.0,3.0,0.0,0.0,1.0,2.0,
2664,21.0,15.0,15.832991101984943,1.0,3.0,1.0,2.0,3.0,3.0,7.0,2.0,1.0,0.0,1.0,0.0,9.0,3.0,0.0,,3.0,1.0,3.0,0.0,0.0,1.0,2.0,controle
2664,21.0,14.0,14.505133470225873,1.0,3.0,1.0,2.0,3.0,3.0,7.0,1.0,1.0,0.0,0.8,1.0,4.0,2.0,0.0,,3.0,1.0,3.0,0.0,0.0,1.0,2.0,controle
2686,21.0,36.0,36.12867898699521,2.0,3.0,3.0,1.0,1.0,5.0,,,0.0,,,,,3.0,1.0,3.0,3.0,1.0,5.0,2.0,1.0,2.0,1.0,beneficiario
2686,21.0,12.0,12.969199178644763,1.0,3.0,,2.0,3.0,2.0,7.0,1.0,1.0,0.0,1.0,0.0,5.0,2.0,1.0,3.0,3.0,1.0,5.0,2.0,1.0,2.0,1.0,beneficiario
2686,21.0,11.0,11.307323750855579,1.0,3.0,,2.0,3.0,2.0,7.0,1.0,1.0,0.0,1.0,0.0,4.0,2.0,1.0,3.0,3.0,1.0,5.0,2.0,1.0,2.0,1.0,beneficiario
2695,21.0,41.0,41.89459274469541,1.0,3.0,1.0,1.0,1.0,5.0,,,,,,,,,1.0,,4.0,1.0,7.0,2.0,1.0,1.0,1.0,beneficiario
2695,21.0,39.0,39.07734428473648,2.0,3.0,1.0,2.0,2.0,5.0,,,,,,,,,1.0,,4.0,1.0,7.0,2.0,1.0,1.0,1.0,beneficiario
2695,21.0,16.0,16.525667351129364,2.0,3.0,1.0,2.0,3.0,1.0,7.0,2.0,1.0,0.0,1.0,0.0,10.0,3.0,1.0,,4.0,1.0,7.0,2.0,1.0,1.0,1.0,beneficiario
2695,21.0,14.0,14.042436687200547,2.0,3.0,1.0,2.0,3.0,1.0,7.0,2.0,1.0,0.0,1.0,0.0,7.0,2.0,1.0,,4.0,1.0,7.0,2.0,1.0,1.0,1.0,beneficiario
2695,21.0,31.0,37.93018480492813,1.0,,,,,,,,,,,,,,,,4.0,1.0,7.0,2.0,1.0,1.0,1.0,
2717,21.0,48.0,48.993839835728956,1.0,3.0,3.0,2.0,1.0,5.0,,,0.0,,,,,2.0,0.0,2.0,6.0,2.0,7.0,4.0,1.0,1.0,1.0,controle
2717,21.0,40.0,41.275838466803556,2.0,3.0,3.0,2.0,2.0,5.0,,,0.0,,,,,2.0,0.0,2.0,6.0,2.0,7.0,4.0,1.0,1.0,1.0,controle
2717,21.0,26.0,26.31348391512663,1.0,3.0,1.0,2.0,3.0,5.0,,,0.0,,,,,3.0,0.0,2.0,6.0,2.0,7.0,4.0,1.0,1.0,1.0,controle
2717,21.0,24.0,24.903490759753595,2.0,4.0,1.0,2.0,3.0,5.0,,,0.0,,,,,3.0,0.0,2.0,6.0,2.0,7.0,4.0,1.0,1.0,1.0,controle
2717,21.0,23.0,23.83025325119781,2.0,,,,,,,,,,,,,,,2.0,6.0,2.0,7.0,4.0,1.0,1.0,1.0,
2717,21.0,45.0,46.77344284736482,1.0,,,,,,,,,,,,,,,2.0,6.0,2.0,7.0,4.0,1.0,1.0,1.0,
2717,21.0,3.0,3.6960985626283365,2.0,3.0,,2.0,5.0,5.0,,,1.0,,,,,1.0,0.0,2.0,6.0,2.0,7.0,4.0,1.0,1.0,1.0,controle
2717,21.0,0.0,0.12046543463381246,2.0,3.0,,1.0,5.0,,,,,,,,,,0.0,2.0,6.0,2.0,7.0,4.0,1.0,1.0,1.0,controle
2721,21.0,46.0,46.8829568788501,2.0,3.0,4.0,2.0,1.0,5.0,,,0.0,,,,,3.0,1.0,3.0,5.0,1.0,6.0,3.0,1.0,1.0,1.0,beneficiario
2721,21.0,34.0,34.5845311430527,1.0,,,,,,,,,,,,,,1.0,3.0,5.0,1.0,6.0,3.0,1.0,1.0,1.0,beneficiario
2721,21.0,23.0,23.731690622861056,1.0,2.0,,2.0,3.0,5.0,,,0.0,,,,,3.0,1.0,3.0,5.0,1.0,6.0,3.0,1.0,1.0,1.0,beneficiario
2721,21.0,22.0,22.55715263518138,2.0,3.0,4.0,2.0,7.0,5.0,,,0.0,,,,,3.0,1.0,3.0,5.0,1.0,6.0,3.0,1.0,1.0,1.0,beneficiario
2721,21.0,5.0,5.4866529774127315,1.0,3.0,,2.0,5.0,2.0,0.0,2.0,1.0,0.0,1.0,1.0,,1.0,1.0,3.0,5.0,1.0,6.0,3.0,1.0,1.0,1.0,beneficiario
2721,21.0,25.0,25.06776180698152,2.0,3.0,1.0,,3.0,5.0,,,0.0,,,,,3.0,1.0,3.0,5.0,1.0,6.0,3.0,1.0,1.0,1.0,beneficiario
2736,21.0,28.0,28.87337440109514,1.0,3.0,1.0,2.0,1.0,5.0,,,0.0,,,,,2.0,0.0,2.0,3.0,1.0,2.0,1.0,0.0,2.0,1.0,controle
2736,21.0,35.0,37.785078713210126,2.0,3.0,1.0,2.0,2.0,5.0,,,0.0,,,,,2.0,0.0,2.0,3.0,1.0,2.0,1.0,0.0,2.0,1.0,controle
2736,21.0,11.0,13.749486652977414,2.0,3.0,,2.0,3.0,3.0,7.0,2.0,1.0,0.0,1.0,0.0,5.0,2.0,0.0,2.0,3.0,1.0,2.0,1.0,0.0,2.0,1.0,controle
2763,22.0,63.0,65.42094455852155,1.0,1.0,4.0,2.0,1.0,5.0,,,0.0,,,,,,0.0,,4.0,1.0,6.0,3.0,0.0,1.0,2.0,controle
2763,22.0,57.0,57.5003422313484,2.0,1.0,4.0,1.0,2.0,3.0,,,1.0,0.0,1.0,0.0,,1.0,0.0,,4.0,1.0,6.0,3.0,0.0,1.0,2.0,controle
2763,22.0,30.0,30.680355920602327,1.0,1.0,,2.0,3.0,5.0,,,0.0,,,,,,0.0,,4.0,1.0,6.0,3.0,0.0,1.0,2.0,controle
2763,22.0,27.0,27.942505133470227,1.0,1.0,,2.0,3.0,5.0,,,0.0,,,,,,0.0,,4.0,1.0,6.0,3.0,0.0,1.0,2.0,controle
2765,22.0,81.0,81.37440109514031,1.0,1.0,4.0,2.0,1.0,5.0,,,0.0,,,,,2.0,0.0,2.0,4.0,1.0,6.0,3.0,1.0,1.0,2.0,controle
2765,22.0,80.0,80.78850102669404,2.0,,,,,,,,,,,,,,,2.0,4.0,1.0,6.0,3.0,1.0,1.0,2.0,
2765,22.0,43.0,43.58658453114305,1.0,,,2.0,7.0,,,,,,,,,,,2.0,4.0,1.0,6.0,3.0,1.0,1.0,2.0,
2765,22.0,83.0,82.85284052019165,2.0,,,,,,,,,,,,,,,2.0,4.0,1.0,6.0,3.0,1.0,1.0,2.0,
2765,22.0,60.0,60.02190280629706,2.0,1.0,4.0,2.0,3.0,5.0,,,0.0,,,,,,0.0,2.0,4.0,1.0,6.0,3.0,1.0,1.0,2.0,controle
2765,22.0,69.0,69.34154688569474,1.0,1.0,4.0,,,5.0,,,0.0,,,,,,0.0,2.0,4.0,1.0,6.0,3.0,1.0,1.0,2.0,controle
2765,22.0,30.0,30.869267624914443,2.0,1.0,4.0,2.0,5.0,5.0,,,0.0,,,,,3.0,0.0,2.0,4.0,1.0,6.0,3.0,1.0,1.0,2.0,controle
2777,22.0,27.0,27.720739219712527,1.0,3.0,4.0,2.0,1.0,5.0,,,0.0,,,,,2.0,0.0,2.0,1.0,1.0,4.0,2.0,0.0,2.0,2.0,controle
2783,22.0,39.0,39.123887748117724,1.0,3.0,4.0,,1.0,5.0,,,0.0,,,,,2.0,0.0,2.0,4.0,1.0,5.0,2.0,1.0,2.0,2.0,controle
2783,22.0,39.0,39.60574948665298,2.0,1.0,4.0,1.0,2.0,5.0,,,0.0,,,,,3.0,0.0,2.0,4.0,1.0,5.0,2.0,1.0,2.0,2.0,controle
2783,22.0,19.0,19.3347022587269,1.0,3.0,,,3.0,3.0,,,0.0,1.0,,,,3.0,0.0,2.0,4.0,1.0,5.0,2.0,1.0,2.0,2.0,controle
2783,22.0,16.0,16.859685147159478,1.0,3.0,,,3.0,2.0,7.0,1.0,1.0,0.0,1.0,1.0,,3.0,0.0,2.0,4.0,1.0,5.0,2.0,1.0,2.0,2.0,controle
2784,22.0,32.0,32.6735112936345,1.0,3.0,4.0,,1.0,5.0,,,0.0,,,,,,0.0,,3.0,1.0,5.0,2.0,1.0,2.0,2.0,controle
2784,22.0,31.0,31.603011635865847,2.0,3.0,4.0,1.0,2.0,5.0,,,0.0,,,,,3.0,0.0,,3.0,1.0,5.0,2.0,1.0,2.0,2.0,controle
2784,22.0,6.0,6.6036960985626285,2.0,3.0,,,3.0,2.0,6.0,2.0,1.0,0.0,1.0,0.0,1.0,2.0,0.0,,3.0,1.0,5.0,2.0,1.0,2.0,2.0,controle
2803,22.0,53.0,53.84531143052704,1.0,3.0,4.0,,1.0,5.0,,,0.0,,,,,2.0,0.0,2.0,3.0,1.0,6.0,2.0,2.0,1.0,2.0,controle
2803,22.0,50.0,50.338124572210816,2.0,3.0,4.0,1.0,2.0,5.0,,,0.0,,,,,3.0,0.0,2.0,3.0,1.0,6.0,2.0,2.0,1.0,2.0,controle
2803,22.0,26.0,26.858316221765914,1.0,,,,,,,,,,,,,,,2.0,3.0,1.0,6.0,2.0,2.0,1.0,2.0,
2803,22.0,5.0,5.377138945927447,2.0,1.0,,,5.0,2.0,0.0,2.0,1.0,0.0,,,0.0,1.0,0.0,2.0,3.0,1.0,6.0,2.0,2.0,1.0,2.0,controle
2814,22.0,40.0,40.05749486652977,1.0,1.0,4.0,2.0,1.0,5.0,,,0.0,,,,,2.0,0.0,2.0,3.0,1.0,5.0,2.0,0.0,2.0,2.0,controle
2814,22.0,37.0,37.3305954825462,2.0,1.0,4.0,1.0,2.0,5.0,,,0.0,,,,,2.0,0.0,2.0,3.0,1.0,5.0,2.0,0.0,2.0,2.0,controle
2814,22.0,14.0,14.327173169062284,2.0,1.0,,2.0,3.0,2.0,7.0,1.0,1.0,0.0,1.0,1.0,5.0,2.0,0.0,2.0,3.0,1.0,5.0,2.0,0.0,2.0,2.0,controle
2815,22.0,46.0,46.02053388090349,1.0,1.0,4.0,2.0,1.0,5.0,,,0.0,,,,,2.0,0.0,2.0,4.0,2.0,8.0,2.0,2.0,1.0,1.0,controle
2815,22.0,46.0,46.30800821355236,2.0,3.0,4.0,1.0,2.0,5.0,,,0.0,,,,,1.0,0.0,2.0,4.0,2.0,8.0,2.0,2.0,1.0,1.0,controle
2815,22.0,21.0,20.342231348391515,2.0,1.0,4.0,1.0,3.0,5.0,,,0.0,,,,,3.0,0.0,2.0,4.0,2.0,8.0,2.0,2.0,1.0,1.0,controle
2815,22.0,16.0,16.145106091718002,2.0,1.0,3.0,2.0,3.0,2.0,6.0,2.0,1.0,0.0,1.0,1.0,10.0,3.0,0.0,2.0,4.0,2.0,8.0,2.0,2.0,1.0,1.0,controle
2815,22.0,28.0,28.465434633812457,1.0,1.0,1.0,2.0,7.0,5.0,,,0.0,,,,,2.0,0.0,2.0,4.0,2.0,8.0,2.0,2.0,1.0,1.0,controle
2819,22.0,,,,,,,,5.0,,,0.0,,,,,2.0,0.0,,3.0,1.0,5.0,2.0,0.0,2.0,1.0,controle
2819,,,,,,,,,5.0,,,0.0,,,,,2.0,0.0,,3.0,1.0,5.0,2.0,0.0,2.0,1.0,controle
2819,,,,,,,,,2.0,0.0,,1.0,0.0,1.0,0.0,0.0,1.0,0.0,,3.0,1.0,5.0,2.0,0.0,2.0,1.0,controle
2881,22.0,67.0,67.47433264887064,2.0,3.0,4.0,,1.0,5.0,,,0.0,,,,,2.0,0.0,2.0,3.0,1.0,6.0,3.0,1.0,1.0,2.0,controle
2881,22.0,76.0,76.39151266255989,1.0,3.0,4.0,1.0,2.0,5.0,,,0.0,,,,,2.0,0.0,2.0,3.0,1.0,6.0,3.0,1.0,1.0,2.0,controle
2881,22.0,15.0,15.813826146475018,2.0,3.0,4.0,,3.0,2.0,7.0,1.0,1.0,0.0,1.0,0.0,8.0,2.0,0.0,2.0,3.0,1.0,6.0,3.0,1.0,1.0,2.0,controle
2892,27.0,28.0,28.56399726214921,1.0,1.0,4.0,2.0,1.0,3.0,,,1.0,0.0,1.0,0.0,,1.0,0.0,1.0,4.0,1.0,5.0,1.0,0.0,2.0,1.0,controle
2892,27.0,26.0,26.60369609856263,2.0,1.0,4.0,1.0,2.0,3.0,,,1.0,0.0,1.0,0.0,,1.0,0.0,1.0,4.0,1.0,5.0,1.0,0.0,2.0,1.0,controle
2892,27.0,10.0,10.543463381245722,2.0,1.0,,2.0,3.0,2.0,6.0,2.0,1.0,0.0,1.0,0.0,4.0,2.0,0.0,1.0,4.0,1.0,5.0,1.0,0.0,2.0,1.0,controle
2892,27.0,2.0,2.3627652292950034,1.0,1.0,,2.0,3.0,5.0,,,0.0,,,,,,0.0,1.0,4.0,1.0,5.0,1.0,0.0,2.0,1.0,controle
2944,22.0,41.0,41.0,1.0,3.0,,2.0,1.0,5.0,,,0.0,,,,,3.0,1.0,3.0,14.0,1.0,9.0,4.0,1.0,1.0,1.0,beneficiario
2944,22.0,36.0,36.0,2.0,3.0,1.0,1.0,2.0,5.0,,,0.0,,,,,2.0,1.0,3.0,14.0,1.0,9.0,4.0,1.0,1.0,1.0,beneficiario
2944,22.0,15.0,15.0,2.0,3.0,,2.0,3.0,3.0,6.0,2.0,1.0,0.0,1.0,0.0,9.0,3.0,1.0,3.0,14.0,1.0,9.0,4.0,1.0,1.0,1.0,beneficiario
2944,22.0,14.0,14.0,2.0,3.0,,2.0,3.0,3.0,6.0,1.0,1.0,0.0,0.6,1.0,,2.0,1.0,3.0,14.0,1.0,9.0,4.0,1.0,1.0,1.0,beneficiario
2944,22.0,12.0,12.0,2.0,3.0,,2.0,3.0,3.0,,,1.0,0.0,1.0,0.0,6.0,2.0,1.0,3.0,14.0,1.0,9.0,4.0,1.0,1.0,1.0,beneficiario
2944,22.0,37.0,37.0,1.0,3.0,,2.0,6.0,5.0,,,0.0,,,,,2.0,1.0,3.0,14.0,1.0,9.0,4.0,1.0,1.0,1.0,beneficiario
2944,22.0,32.0,32.0,2.0,3.0,,2.0,8.0,5.0,,,0.0,,,,,2.0,1.0,3.0,14.0,1.0,9.0,4.0,1.0,1.0,1.0,beneficiario
2944,22.0,11.0,11.0,1.0,3.0,,2.0,8.0,2.0,5.0,2.0,1.0,0.0,1.0,0.0,5.0,2.0,1.0,3.0,14.0,1.0,9.0,4.0,1.0,1.0,1.0,beneficiario
2944,22.0,9.0,9.0,1.0,,,2.0,,5.0,,,0.0,,,,,,1.0,3.0,14.0,1.0,9.0,4.0,1.0,1.0,1.0,beneficiario
2944,22.0,41.0,41.0,2.0,3.0,,2.0,8.0,5.0,,,0.0,,,,,3.0,1.0,3.0,14.0,1.0,9.0,4.0,1.0,1.0,1.0,beneficiario
2944,22.0,12.0,12.0,2.0,3.0,,2.0,3.0,2.0,,,1.0,0.0,1.0,0.0,6.0,2.0,1.0,3.0,14.0,1.0,9.0,4.0,1.0,1.0,1.0,beneficiario
2944,22.0,40.0,40.0,1.0,3.0,,2.0,6.0,5.0,,,0.0,,,,,,1.0,3.0,14.0,1.0,9.0,4.0,1.0,1.0,1.0,beneficiario
2944,22.0,34.0,34.0,1.0,3.0,,2.0,6.0,5.0,,,0.0,,,,,,1.0,3.0,14.0,1.0,9.0,4.0,1.0,1.0,1.0,beneficiario
2944,22.0,34.0,34.0,1.0,3.0,,2.0,6.0,5.0,,,,,,,,,1.0,3.0,14.0,1.0,9.0,4.0,1.0,1.0,1.0,beneficiario
2955,22.0,39.0,39.02258726899384,1.0,3.0,1.0,2.0,1.0,3.0,,,0.0,1.0,,,,2.0,0.0,2.0,6.0,1.0,6.0,3.0,1.0,1.0,1.0,controle
2955,22.0,34.0,34.351813826146476,2.0,3.0,1.0,2.0,2.0,3.0,,,0.0,1.0,,,,,0.0,2.0,6.0,1.0,6.0,3.0,1.0,1.0,1.0,controle
2955,22.0,17.0,17.880903490759753,2.0,3.0,1.0,2.0,3.0,3.0,6.0,2.0,1.0,0.0,1.0,0.0,,3.0,0.0,2.0,6.0,1.0,6.0,3.0,1.0,1.0,1.0,controle
2955,22.0,12.0,12.396988364134156,1.0,3.0,,2.0,3.0,4.0,6.0,2.0,1.0,0.0,1.0,0.0,,2.0,0.0,2.0,6.0,1.0,6.0,3.0,1.0,1.0,1.0,controle
2955,22.0,7.0,7.145790554414784,1.0,3.0,,2.0,3.0,2.0,,,0.0,1.0,,,,1.0,0.0,2.0,6.0,1.0,6.0,3.0,1.0,1.0,1.0,controle
2955,22.0,5.0,5.3990417522245036,1.0,3.0,,2.0,3.0,1.0,,,0.0,1.0,,,,,0.0,2.0,6.0,1.0,6.0,3.0,1.0,1.0,1.0,controle
2965,22.0,47.0,47.15947980835044,2.0,2.0,1.0,2.0,1.0,5.0,,,0.0,,,,,,0.0,,3.0,1.0,5.0,1.0,1.0,1.0,2.0,controle
2965,22.0,,,,,,,,,,,,,,,,,,,3.0,1.0,5.0,1.0,1.0,1.0,2.0,
2965,22.0,23.0,23.132101300479125,2.0,2.0,1.0,2.0,3.0,3.0,,,0.0,1.0,,,,2.0,0.0,,3.0,1.0,5.0,1.0,1.0,1.0,2.0,controle
2965,22.0,21.0,21.111567419575636,1.0,1.0,1.0,2.0,3.0,3.0,,,0.0,1.0,,,,2.0,0.0,,3.0,1.0,5.0,1.0,1.0,1.0,2.0,controle
2965,,,,,,,,,,,,,,,,,,,,3.0,1.0,5.0,1.0,1.0,1.0,2.0,
2985,22.0,49.0,49.71937029431896,1.0,3.0,1.0,2.0,1.0,5.0,,,0.0,,,,,2.0,0.0,2.0,4.0,1.0,6.0,3.0,1.0,1.0,1.0,controle
2985,22.0,47.0,46.77344284736482,2.0,,,,,,,,,,,,,,,2.0,4.0,1.0,6.0,3.0,1.0,1.0,1.0,
2985,22.0,23.0,23.633127994524298,1.0,3.0,1.0,2.0,3.0,3.0,,,0.0,1.0,,,,3.0,0.0,2.0,4.0,1.0,6.0,3.0,1.0,1.0,1.0,controle
2985,22.0,14.0,15.233401779603012,1.0,3.0,1.0,2.0,3.0,3.0,7.0,2.0,1.0,0.0,1.0,0.0,8.0,2.0,0.0,2.0,4.0,1.0,6.0,3.0,1.0,1.0,1.0,controle
2985,22.0,13.0,14.338124572210816,1.0,3.0,,2.0,3.0,3.0,7.0,1.0,1.0,0.0,1.0,0.0,5.0,2.0,0.0,2.0,4.0,1.0,6.0,3.0,1.0,1.0,1.0,controle
2996,22.0,43.0,43.0,2.0,1.0,1.0,1.0,1.0,5.0,,,0.0,,,,,2.0,1.0,2.0,4.0,1.0,4.0,1.0,1.0,1.0,2.0,beneficiario
2996,22.0,21.0,21.0,2.0,3.0,1.0,2.0,3.0,5.0,,,0.0,,,,,3.0,1.0,2.0,4.0,1.0,4.0,1.0,1.0,1.0,2.0,beneficiario
2996,22.0,16.0,16.0,1.0,3.0,1.0,2.0,3.0,3.0,5.0,2.0,1.0,0.0,1.0,0.0,10.0,3.0,1.0,2.0,4.0,1.0,4.0,1.0,1.0,1.0,2.0,beneficiario
2996,22.0,13.0,13.0,1.0,2.0,,2.0,3.0,3.0,5.0,1.0,1.0,0.0,1.0,0.0,6.0,2.0,1.0,2.0,4.0,1.0,4.0,1.0,1.0,1.0,2.0,beneficiario
3013,22.0,50.0,50.06160164271047,2.0,3.0,4.0,2.0,1.0,5.0,,,0.0,,,,,2.0,0.0,2.0,4.0,2.0,5.0,2.0,1.0,1.0,1.0,controle
3013,22.0,27.0,27.31279945242984,1.0,,,,,,,,,,,,,,,2.0,4.0,2.0,5.0,2.0,1.0,1.0,1.0,
3013,22.0,19.0,19.679671457905545,1.0,3.0,,1.0,3.0,5.0,,,0.0,,,,,2.0,0.0,2.0,4.0,2.0,5.0,2.0,1.0,1.0,1.0,controle
3013,22.0,16.0,16.487337440109513,2.0,1.0,1.0,2.0,7.0,5.0,,,0.0,,,,,2.0,0.0,2.0,4.0,2.0,5.0,2.0,1.0,1.0,1.0,controle
3013,22.0,2.0,2.113620807665982,1.0,3.0,,2.0,5.0,5.0,,,0.0,,,,,,0.0,2.0,4.0,2.0,5.0,2.0,1.0,1.0,1.0,controle
3016,22.0,39.0,39.83572895277207,2.0,3.0,1.0,1.0,1.0,5.0,,,0.0,,,,,2.0,0.0,2.0,5.0,1.0,4.0,2.0,0.0,1.0,1.0,controle
3016,22.0,37.0,36.271047227926076,1.0,3.0,1.0,2.0,2.0,5.0,,,0.0,,,,,2.0,0.0,2.0,5.0,1.0,4.0,2.0,0.0,1.0,1.0,controle
3016,22.0,11.0,11.15400410677618,1.0,3.0,,2.0,3.0,2.0,7.0,1.0,1.0,0.0,1.0,0.0,4.0,2.0,0.0,2.0,5.0,1.0,4.0,2.0,0.0,1.0,1.0,controle
3016,22.0,8.0,8.895277207392198,1.0,3.0,,2.0,3.0,2.0,7.0,1.0,1.0,0.0,1.0,0.0,2.0,2.0,0.0,2.0,5.0,1.0,4.0,2.0,0.0,1.0,1.0,controle
3016,22.0,7.0,7.156741957563312,2.0,3.0,,2.0,3.0,2.0,0.0,1.0,1.0,0.0,1.0,0.0,0.0,1.0,0.0,2.0,5.0,1.0,4.0,2.0,0.0,1.0,1.0,controle
3019,22.0,,,,,,,,5.0,,,0.0,,,,,3.0,0.0,,4.0,1.0,4.0,1.0,1.0,1.0,1.0,controle
3019,,,,,,,,,5.0,,,0.0,,,,,3.0,0.0,,4.0,1.0,4.0,1.0,1.0,1.0,1.0,controle
3019,,,,,,,,,1.0,6.0,2.0,1.0,0.0,1.0,0.0,0.0,1.0,0.0,,4.0,1.0,4.0,1.0,1.0,1.0,1.0,controle
3019,,,,,,,,,2.0,0.0,,1.0,0.0,1.0,0.0,,1.0,0.0,,4.0,1.0,4.0,1.0,1.0,1.0,1.0,controle
3023,22.0,61.0,61.53593429158111,2.0,1.0,1.0,1.0,1.0,5.0,,,0.0,,,,,,0.0,,6.0,1.0,4.0,2.0,1.0,1.0,2.0,controle
3023,22.0,55.0,55.79739904175223,1.0,1.0,,2.0,2.0,5.0,,,0.0,,,,,2.0,0.0,,6.0,1.0,4.0,2.0,1.0,1.0,2.0,controle
3023,22.0,41.0,31.304585900068442,1.0,3.0,,2.0,3.0,5.0,,,0.0,,,,,,0.0,,6.0,1.0,4.0,2.0,1.0,1.0,2.0,controle
3023,22.0,17.0,17.53867214236824,2.0,3.0,,2.0,5.0,5.0,,,0.0,,,,,2.0,0.0,,6.0,1.0,4.0,2.0,1.0,1.0,2.0,controle
3023,22.0,15.0,15.589322381930184,2.0,2.0,,2.0,5.0,5.0,,,0.0,,,,,2.0,0.0,,6.0,1.0,4.0,2.0,1.0,1.0,2.0,controle
3023,22.0,9.0,9.982203969883642,2.0,2.0,,2.0,5.0,2.0,6.0,2.0,1.0,0.0,1.0,0.0,4.0,2.0,0.0,,6.0,1.0,4.0,2.0,1.0,1.0,2.0,controle
3064,22.0,40.0,40.0,2.0,1.0,1.0,1.0,1.0,3.0,,,0.0,1.0,,,,3.0,0.0,3.0,4.0,1.0,4.0,2.0,1.0,1.0,,controle
3064,22.0,40.0,40.35318275154004,1.0,1.0,1.0,2.0,2.0,5.0,,,0.0,,,,,2.0,0.0,3.0,4.0,1.0,4.0,2.0,1.0,1.0,,controle
3064,22.0,18.0,18.182067077344286,1.0,1.0,1.0,2.0,8.0,3.0,,,0.0,1.0,,,,2.0,0.0,3.0,4.0,1.0,4.0,2.0,1.0,1.0,,controle
3064,22.0,16.0,16.632443531827516,2.0,1.0,1.0,2.0,8.0,3.0,7.0,2.0,1.0,0.0,1.0,0.0,10.0,3.0,0.0,3.0,4.0,1.0,4.0,2.0,1.0,1.0,,controle
3078,22.0,46.0,46.32443531827516,1.0,,,,,,,,,,,,,,,,5.0,2.0,5.0,1.0,1.0,1.0,2.0,
3078,22.0,32.0,32.71184120465435,2.0,3.0,1.0,1.0,5.0,5.0,,,0.0,,,,,2.0,0.0,,5.0,2.0,5.0,1.0,1.0,1.0,2.0,controle
3078,22.0,18.0,18.453114305270365,1.0,,,,,,,,,,,,,,,,5.0,2.0,5.0,1.0,1.0,1.0,2.0,
3078,22.0,10.0,10.726899383983573,2.0,,,2.0,5.0,1.0,7.0,2.0,1.0,0.0,1.0,0.0,4.0,2.0,0.0,,5.0,2.0,5.0,1.0,1.0,1.0,2.0,controle
3078,22.0,103.0,102.8145106091718,1.0,3.0,3.0,2.0,2.0,,,,,,,,,,0.0,,5.0,2.0,5.0,1.0,1.0,1.0,2.0,controle
3078,22.0,65.0,64.85147159479808,2.0,3.0,4.0,2.0,3.0,,,,,,,,,,0.0,,5.0,2.0,5.0,1.0,1.0,1.0,2.0,controle
3078,22.0,104.0,104.0,2.0,3.0,4.0,2.0,1.0,,,,,,,,,,0.0,,5.0,2.0,5.0,1.0,1.0,1.0,2.0,controle
3101,23.0,79.0,78.00136892539356,1.0,3.0,4.0,2.0,1.0,5.0,,,0.0,,,,,,0.0,,2.0,1.0,7.0,2.0,1.0,1.0,2.0,controle
3101,23.0,72.0,72.5366187542779,2.0,3.0,4.0,2.0,2.0,5.0,,,0.0,,,,,,0.0,,2.0,1.0,7.0,2.0,1.0,1.0,2.0,controle
3101,23.0,,,1.0,,,,,,,,,,,,,,,,2.0,1.0,7.0,2.0,1.0,1.0,2.0,
3109,23.0,41.0,41.713894592744694,1.0,3.0,4.0,2.0,1.0,5.0,,,0.0,,,,,,0.0,,4.0,1.0,5.0,2.0,1.0,1.0,2.0,controle
3109,23.0,37.0,37.817932922655714,2.0,3.0,4.0,1.0,2.0,5.0,,,0.0,,,,,2.0,0.0,,4.0,1.0,5.0,2.0,1.0,1.0,2.0,controle
3109,23.0,12.0,12.167008898015057,1.0,3.0,,2.0,3.0,2.0,7.0,1.0,1.0,0.0,1.0,0.0,3.0,2.0,0.0,,4.0,1.0,5.0,2.0,1.0,1.0,2.0,controle
3109,23.0,5.0,5.117043121149898,2.0,3.0,,2.0,3.0,5.0,0.0,,1.0,,1.0,0.0,,1.0,0.0,,4.0,1.0,5.0,2.0,1.0,1.0,2.0,controle
3119,23.0,67.0,66.92676249144422,1.0,,4.0,2.0,1.0,5.0,,,0.0,,,,,,1.0,,3.0,1.0,7.0,3.0,1.0,1.0,2.0,beneficiario
3119,23.0,62.0,62.78165639972622,2.0,,4.0,2.0,2.0,5.0,,,0.0,,,,,,1.0,,3.0,1.0,7.0,3.0,1.0,1.0,2.0,beneficiario
3119,23.0,25.0,25.68104038329911,1.0,,3.0,2.0,3.0,5.0,,,0.0,,,,,,1.0,,3.0,1.0,7.0,3.0,1.0,1.0,2.0,beneficiario
3145,23.0,33.0,33.71663244353183,1.0,,1.0,2.0,1.0,5.0,,,0.0,,,,,,0.0,,3.0,1.0,5.0,1.0,1.0,1.0,2.0,controle
3145,23.0,28.0,28.251882272416154,2.0,,4.0,1.0,2.0,5.0,,,0.0,,,,,,0.0,,3.0,1.0,5.0,1.0,1.0,1.0,2.0,controle
3145,23.0,4.0,4.65160848733744,1.0,2.0,,2.0,3.0,5.0,,,1.0,,1.0,1.0,,1.0,0.0,,3.0,1.0,5.0,1.0,1.0,1.0,2.0,controle
3163,23.0,73.0,71.93702943189595,1.0,3.0,1.0,1.0,1.0,5.0,,,0.0,,,,,,1.0,,3.0,1.0,6.0,2.0,1.0,1.0,1.0,beneficiario
3163,23.0,67.0,67.28542094455852,2.0,3.0,,2.0,2.0,5.0,,,0.0,,,,,,1.0,,3.0,1.0,6.0,2.0,1.0,1.0,1.0,beneficiario
3163,23.0,10.0,10.392881587953456,2.0,3.0,,2.0,5.0,1.0,,,0.0,1.0,,,,,1.0,,3.0,1.0,6.0,2.0,1.0,1.0,1.0,beneficiario
3206,23.0,32.0,32.84325804243669,1.0,2.0,4.0,2.0,1.0,5.0,,,0.0,,,,,2.0,1.0,2.0,4.0,1.0,4.0,2.0,1.0,2.0,2.0,beneficiario
3206,23.0,34.0,35.66598220396988,2.0,3.0,4.0,1.0,2.0,5.0,,,0.0,,,,,3.0,1.0,2.0,4.0,1.0,4.0,2.0,1.0,2.0,2.0,beneficiario
3206,23.0,11.0,11.4798083504449,2.0,3.0,,2.0,3.0,2.0,6.0,2.0,1.0,0.0,1.0,0.0,5.0,2.0,1.0,2.0,4.0,1.0,4.0,2.0,1.0,2.0,2.0,beneficiario
3206,23.0,3.0,3.6632443531827517,2.0,3.0,,2.0,3.0,2.0,,,1.0,0.0,1.0,0.0,,1.0,1.0,2.0,4.0,1.0,4.0,2.0,1.0,2.0,2.0,beneficiario
3252,23.0,32.0,32.257357973990416,2.0,1.0,1.0,2.0,1.0,5.0,,,0.0,,,,,2.0,1.0,2.0,2.0,1.0,5.0,1.0,1.0,1.0,1.0,beneficiario
3252,23.0,,,2.0,,,,,,,,,,,,,,,2.0,2.0,1.0,5.0,1.0,1.0,1.0,1.0,
3252,23.0,22.0,22.064339493497606,2.0,1.0,1.0,2.0,9.0,1.0,,,1.0,0.0,1.0,0.0,,4.0,1.0,2.0,2.0,1.0,5.0,1.0,1.0,1.0,1.0,beneficiario
3257,23.0,62.0,72.44900752908967,2.0,1.0,1.0,1.0,1.0,5.0,,,0.0,,,,,2.0,0.0,2.0,4.0,1.0,6.0,3.0,1.0,1.0,1.0,controle
3257,23.0,27.0,27.5564681724846,2.0,1.0,,2.0,3.0,5.0,,,0.0,,,,,3.0,0.0,2.0,4.0,1.0,6.0,3.0,1.0,1.0,1.0,controle
3257,23.0,26.0,26.27789185489391,2.0,1.0,,2.0,3.0,5.0,,,0.0,,,,,3.0,0.0,2.0,4.0,1.0,6.0,3.0,1.0,1.0,1.0,controle
3257,23.0,22.0,22.305270362765228,1.0,1.0,,2.0,3.0,5.0,,,0.0,,,,,3.0,0.0,2.0,4.0,1.0,6.0,3.0,1.0,1.0,1.0,controle
3287,23.0,29.0,29.0,2.0,,,,,,,,,,,,,,,1.0,5.0,1.0,4.0,3.0,1.0,1.0,2.0,
3287,23.0,10.0,10.0,1.0,,,2.0,5.0,2.0,5.0,1.0,1.0,0.0,,,4.0,2.0,1.0,1.0,5.0,1.0,4.0,3.0,1.0,1.0,2.0,beneficiario
3287,23.0,60.0,60.0,2.0,3.0,4.0,1.0,1.0,5.0,,,0.0,,,,,1.0,1.0,1.0,5.0,1.0,4.0,3.0,1.0,1.0,2.0,beneficiario
3287,23.0,31.0,31.0,1.0,,,,,,,,,,,,,,,1.0,5.0,1.0,4.0,3.0,1.0,1.0,2.0,
3287,23.0,27.0,27.0,1.0,3.0,1.0,2.0,3.0,2.0,,,0.0,1.0,,,,3.0,1.0,1.0,5.0,1.0,4.0,3.0,1.0,1.0,2.0,beneficiario
3287,23.0,19.0,19.0,2.0,,,,,,,,,,,,,,,1.0,5.0,1.0,4.0,3.0,1.0,1.0,2.0,
3287,23.0,10.0,10.0,2.0,3.0,,2.0,5.0,2.0,10.0,2.0,1.0,0.0,1.0,1.0,1.0,2.0,1.0,1.0,5.0,1.0,4.0,3.0,1.0,1.0,2.0,beneficiario
3287,23.0,8.0,8.0,1.0,3.0,,2.0,5.0,2.0,10.0,2.0,1.0,0.0,1.0,1.0,1.0,2.0,1.0,1.0,5.0,1.0,4.0,3.0,1.0,1.0,2.0,beneficiario
3288,23.0,51.0,51.19780971937029,1.0,3.0,4.0,2.0,1.0,5.0,,,0.0,,,,,2.0,0.0,2.0,4.0,1.0,4.0,1.0,1.0,1.0,2.0,controle
3288,23.0,50.0,50.94592744695414,2.0,3.0,4.0,1.0,2.0,5.0,,,0.0,,,,,2.0,0.0,2.0,4.0,1.0,4.0,1.0,1.0,1.0,2.0,controle
3288,23.0,29.0,29.45927446954141,1.0,,,,,,,,,,,,,,,2.0,4.0,1.0,4.0,1.0,1.0,1.0,2.0,
3288,23.0,17.0,17.023956194387406,2.0,3.0,1.0,2.0,3.0,2.0,9.0,1.0,1.0,0.0,1.0,0.0,8.0,2.0,0.0,2.0,4.0,1.0,4.0,1.0,1.0,1.0,2.0,controle
3288,23.0,17.0,17.023956194387406,2.0,3.0,1.0,2.0,3.0,2.0,9.0,1.0,1.0,0.0,1.0,0.0,8.0,2.0,0.0,2.0,4.0,1.0,4.0,1.0,1.0,1.0,2.0,controle
3293,23.0,51.0,51.5564681724846,2.0,3.0,1.0,1.0,1.0,5.0,,,0.0,,,,,2.0,1.0,2.0,6.0,2.0,4.0,2.0,1.0,1.0,2.0,beneficiario
3293,23.0,23.0,23.71252566735113,2.0,1.0,1.0,2.0,3.0,5.0,,,0.0,,,,,2.0,1.0,2.0,6.0,2.0,4.0,2.0,1.0,1.0,2.0,beneficiario
3293,23.0,18.0,18.28062970568104,2.0,3.0,1.0,2.0,3.0,3.0,7.0,1.0,1.0,0.0,1.0,1.0,10.0,3.0,1.0,2.0,6.0,2.0,4.0,2.0,1.0,1.0,2.0,beneficiario
3293,23.0,15.0,15.915126625598905,1.0,3.0,1.0,2.0,3.0,3.0,6.0,1.0,1.0,0.0,1.0,0.0,,2.0,1.0,2.0,6.0,2.0,4.0,2.0,1.0,1.0,2.0,beneficiario
3293,23.0,37.0,37.81245722108145,1.0,3.0,4.0,2.0,7.0,5.0,,,0.0,,,,,2.0,1.0,2.0,6.0,2.0,4.0,2.0,1.0,1.0,2.0,beneficiario
3293,23.0,1.0,2.004106776180698,1.0,3.0,,2.0,5.0,5.0,,,0.0,,,,,,1.0,2.0,6.0,2.0,4.0,2.0,1.0,1.0,2.0,beneficiario
3306,23.0,44.0,44.90622861054073,1.0,3.0,1.0,1.0,1.0,5.0,,,0.0,,,,,2.0,0.0,2.0,5.0,1.0,8.0,2.0,2.0,1.0,1.0,controle
3306,23.0,43.0,43.318275154004105,2.0,3.0,1.0,2.0,2.0,5.0,,,0.0,,,,,2.0,0.0,2.0,5.0,1.0,8.0,2.0,2.0,1.0,1.0,controle
3306,23.0,21.0,21.51403148528405,1.0,3.0,1.0,,3.0,5.0,,,0.0,,,,,3.0,0.0,2.0,5.0,1.0,8.0,2.0,2.0,1.0,1.0,controle
3306,23.0,19.0,19.430527036276523,1.0,3.0,1.0,,3.0,5.0,,,0.0,,,,,2.0,0.0,2.0,5.0,1.0,8.0,2.0,2.0,1.0,1.0,controle
3306,23.0,16.0,16.755646817248458,2.0,1.0,,,3.0,1.0,7.0,2.0,1.0,0.0,1.0,1.0,9.0,3.0,0.0,2.0,5.0,1.0,8.0,2.0,2.0,1.0,1.0,controle
3327,23.0,37.0,37.0,2.0,3.0,,1.0,1.0,5.0,,,0.0,,,,,2.0,1.0,2.0,4.0,1.0,5.0,2.0,1.0,1.0,2.0,beneficiario
3327,23.0,16.0,16.0,2.0,3.0,,2.0,3.0,2.0,7.0,2.0,1.0,0.0,1.0,1.0,10.0,3.0,1.0,2.0,4.0,1.0,5.0,2.0,1.0,1.0,2.0,beneficiario
3327,23.0,65.0,65.0,2.0,3.0,,2.0,4.0,5.0,,,0.0,,,,,,1.0,2.0,4.0,1.0,5.0,2.0,1.0,1.0,2.0,beneficiario
3327,23.0,40.0,40.0,1.0,1.0,1.0,2.0,2.0,5.0,,,0.0,,,,,,1.0,2.0,4.0,1.0,5.0,2.0,1.0,1.0,2.0,beneficiario
3337,23.0,39.0,39.15674195756331,1.0,3.0,1.0,2.0,1.0,5.0,,,0.0,,,,,2.0,1.0,2.0,3.0,1.0,3.0,1.0,1.0,1.0,2.0,beneficiario
3337,23.0,37.0,37.152635181382614,2.0,3.0,,1.0,2.0,5.0,,,0.0,,,,,2.0,1.0,2.0,3.0,1.0,3.0,1.0,1.0,1.0,2.0,beneficiario
3337,23.0,21.0,21.360711841204655,1.0,,,,,,,,,,,,,,,2.0,3.0,1.0,3.0,1.0,1.0,1.0,2.0,
3337,23.0,18.0,18.63107460643395,2.0,,,,,,,,,,,,,,,2.0,3.0,1.0,3.0,1.0,1.0,1.0,2.0,
3337,23.0,17.0,17.664613278576315,1.0,,,,,,,,,,,,,,,2.0,3.0,1.0,3.0,1.0,1.0,1.0,2.0,
3337,23.0,14.0,14.496919917864478,2.0,,,,,,,,,,,,,,,2.0,3.0,1.0,3.0,1.0,1.0,1.0,2.0,
3337,23.0,13.0,13.483915126625599,2.0,3.0,,2.0,3.0,3.0,7.0,1.0,1.0,0.0,0.8,1.0,6.0,2.0,1.0,2.0,3.0,1.0,3.0,1.0,1.0,1.0,2.0,beneficiario
3416,23.0,59.0,59.46338124572211,1.0,2.0,4.0,2.0,1.0,5.0,,,0.0,,,,,2.0,1.0,2.0,2.0,1.0,3.0,1.0,0.0,2.0,2.0,beneficiario
3416,23.0,20.0,20.325804243668717,1.0,,,,,,,,,,,,,,,2.0,2.0,1.0,3.0,1.0,0.0,2.0,2.0,
3441,23.0,58.0,58.039698836413415,1.0,1.0,1.0,1.0,1.0,5.0,,,0.0,,,,,,0.0,,3.0,1.0,5.0,2.0,1.0,1.0,2.0,controle
3441,23.0,43.0,43.66872005475702,2.0,,,,,,,,,,,,,,,,3.0,1.0,5.0,2.0,1.0,1.0,2.0,
3452,23.0,33.0,31.89596167008898,1.0,3.0,4.0,2.0,1.0,5.0,,,1.0,,1.0,0.0,,2.0,0.0,2.0,3.0,1.0,,,0.0,2.0,2.0,controle
3452,23.0,27.0,28.678986995208763,1.0,1.0,4.0,1.0,2.0,5.0,,,1.0,,1.0,0.0,,2.0,0.0,2.0,3.0,1.0,,,0.0,2.0,2.0,controle
3452,23.0,8.0,8.569472963723477,1.0,3.0,,2.0,3.0,2.0,6.0,2.0,1.0,0.0,1.0,0.0,3.0,2.0,0.0,2.0,3.0,1.0,,,0.0,2.0,2.0,controle
3455,23.0,32.0,32.068446269678304,1.0,,,,,,,,,,,,,,,,5.0,2.0,4.0,1.0,1.0,1.0,2.0,
3455,23.0,25.0,26.732375085557837,2.0,1.0,4.0,1.0,2.0,,,,,,,,,,0.0,,5.0,2.0,4.0,1.0,1.0,1.0,2.0,controle
3455,23.0,6.0,6.365503080082135,2.0,1.0,,,3.0,2.0,,,0.0,1.0,,,,,0.0,,5.0,2.0,4.0,1.0,1.0,1.0,2.0,controle
3455,23.0,4.0,4.971937029431896,1.0,,,,,,,,,,,,,,,,5.0,2.0,4.0,1.0,1.0,1.0,2.0,
3455,23.0,2.0,2.8227241615331966,2.0,1.0,,,3.0,2.0,,,0.0,1.0,,,,,0.0,,5.0,2.0,4.0,1.0,1.0,1.0,2.0,controle
3455,23.0,60.0,60.0,2.0,3.0,4.0,,4.0,,,,,,,,,,0.0,,5.0,2.0,4.0,1.0,1.0,1.0,2.0,controle
3455,23.0,70.0,70.0,2.0,2.0,4.0,,4.0,,,,,,,,,,0.0,,5.0,2.0,4.0,1.0,1.0,1.0,2.0,controle
3463,23.0,39.0,39.23340177960301,1.0,1.0,4.0,2.0,3.0,2.0,,,0.0,1.0,,,,2.0,1.0,,5.0,1.0,9.0,2.0,0.0,1.0,2.0,beneficiario
3463,23.0,31.0,31.635865845311432,2.0,1.0,4.0,1.0,7.0,2.0,,,0.0,1.0,,,,2.0,1.0,,5.0,1.0,9.0,2.0,0.0,1.0,2.0,beneficiario
3463,23.0,11.0,11.132101300479123,1.0,1.0,,2.0,5.0,2.0,7.0,2.0,1.0,0.0,1.0,1.0,4.0,2.0,1.0,,5.0,1.0,9.0,2.0,0.0,1.0,2.0,beneficiario
3463,23.0,8.0,7.816563997262149,1.0,1.0,,2.0,5.0,2.0,7.0,2.0,1.0,0.0,1.0,1.0,2.0,2.0,1.0,,5.0,1.0,9.0,2.0,0.0,1.0,2.0,beneficiario
3463,23.0,69.0,69.49486652977413,2.0,1.0,4.0,2.0,1.0,5.0,,,0.0,,,,,,1.0,,5.0,1.0,9.0,2.0,0.0,1.0,2.0,beneficiario
3519,23.0,81.0,81.46201232032854,1.0,3.0,4.0,2.0,1.0,5.0,,,0.0,,,,,,1.0,,3.0,1.0,5.0,2.0,1.0,1.0,2.0,beneficiario
3519,23.0,80.0,80.27652292950035,2.0,3.0,4.0,2.0,2.0,5.0,,,0.0,,,,,2.0,1.0,,3.0,1.0,5.0,2.0,1.0,1.0,2.0,beneficiario
3519,23.0,39.0,39.794661190965094,2.0,3.0,4.0,2.0,3.0,5.0,,,0.0,,,,,2.0,1.0,,3.0,1.0,5.0,2.0,1.0,1.0,2.0,beneficiario
3613,23.0,44.0,44.427104722792606,1.0,3.0,4.0,2.0,1.0,5.0,,,,,,,,,0.0,,3.0,1.0,6.0,2.0,1.0,1.0,2.0,controle
3613,23.0,34.0,34.77891854893908,2.0,3.0,4.0,1.0,2.0,5.0,,,,,,,,,0.0,,3.0,1.0,6.0,2.0,1.0,1.0,2.0,controle
3613,23.0,14.0,14.90759753593429,2.0,3.0,4.0,2.0,3.0,2.0,6.0,2.0,1.0,0.0,1.0,0.0,9.0,3.0,0.0,,3.0,1.0,6.0,2.0,1.0,1.0,2.0,controle
3618,23.0,40.0,40.238193018480494,2.0,3.0,4.0,1.0,1.0,5.0,,,0.0,,,,,,0.0,,3.0,1.0,4.0,2.0,0.0,1.0,2.0,controle
3618,23.0,20.0,20.95277207392197,1.0,,,,,,,,,,,,,,,,3.0,1.0,4.0,2.0,0.0,1.0,2.0,
3618,23.0,19.0,19.37303216974675,2.0,3.0,,2.0,3.0,2.0,6.0,2.0,1.0,0.0,1.0,0.0,,4.0,0.0,,3.0,1.0,4.0,2.0,0.0,1.0,2.0,controle
3618,23.0,3.0,3.8603696098562628,2.0,3.0,,2.0,3.0,5.0,,,1.0,,1.0,0.0,,1.0,0.0,,3.0,1.0,4.0,2.0,0.0,1.0,2.0,controle
3637,23.0,,,,,,,,5.0,,,0.0,,,,,,0.0,,5.0,1.0,4.0,2.0,0.0,2.0,2.0,controle
3637,,,,,,,,,5.0,,,0.0,,,,,3.0,0.0,,5.0,1.0,4.0,2.0,0.0,2.0,2.0,controle
3637,,,,,,,,,2.0,7.0,2.0,1.0,0.0,1.0,0.0,7.0,2.0,0.0,,5.0,1.0,4.0,2.0,0.0,2.0,2.0,controle
3637,,,,,,,,,2.0,,,1.0,0.0,1.0,0.0,4.0,2.0,0.0,,5.0,1.0,4.0,2.0,0.0,2.0,2.0,controle
3637,,,,,,,,,2.0,7.0,2.0,1.0,0.0,1.0,0.0,3.0,2.0,0.0,,5.0,1.0,4.0,2.0,0.0,2.0,2.0,controle
3657,23.0,39.0,39.767282683093775,1.0,,4.0,2.0,1.0,5.0,,,0.0,,,,,2.0,0.0,2.0,4.0,1.0,5.0,2.0,1.0,1.0,2.0,controle
3657,23.0,29.0,29.79876796714579,2.0,3.0,4.0,1.0,2.0,5.0,,,0.0,,,,,2.0,0.0,2.0,4.0,1.0,5.0,2.0,1.0,1.0,2.0,controle
3657,23.0,13.0,13.952087611225188,2.0,3.0,,2.0,3.0,3.0,,2.0,1.0,0.0,1.0,0.0,9.0,3.0,0.0,2.0,4.0,1.0,5.0,2.0,1.0,1.0,2.0,controle
3657,23.0,9.0,9.995893223819301,1.0,3.0,,2.0,3.0,2.0,,2.0,1.0,0.0,1.0,0.0,4.0,2.0,0.0,2.0,4.0,1.0,5.0,2.0,1.0,1.0,2.0,controle
3683,23.0,73.0,72.0082135523614,1.0,3.0,4.0,2.0,1.0,5.0,,,0.0,,,,,,1.0,,4.0,1.0,5.0,2.0,1.0,1.0,2.0,beneficiario
3683,23.0,67.0,66.59822039698835,2.0,3.0,4.0,2.0,2.0,5.0,,,0.0,,,,,,1.0,,4.0,1.0,5.0,2.0,1.0,1.0,2.0,beneficiario
3683,23.0,38.0,38.0,1.0,3.0,3.0,2.0,3.0,5.0,,,0.0,,,,,2.0,1.0,,4.0,1.0,5.0,2.0,1.0,1.0,2.0,beneficiario
3683,23.0,14.0,14.0,1.0,3.0,3.0,2.0,3.0,2.0,6.0,1.0,1.0,0.0,1.0,0.0,7.0,2.0,1.0,,4.0,1.0,5.0,2.0,1.0,1.0,2.0,beneficiario
3685,23.0,80.0,80.49281314168378,2.0,,,,,,,,,,,,,,,2.0,3.0,1.0,3.0,1.0,0.0,1.0,2.0,
3685,23.0,32.0,32.50376454483231,1.0,3.0,,2.0,1.0,5.0,,,0.0,,,,,2.0,1.0,2.0,3.0,1.0,3.0,1.0,0.0,1.0,2.0,beneficiario
3685,23.0,22.0,21.93839835728953,2.0,3.0,,1.0,2.0,5.0,,,0.0,,,,,2.0,1.0,2.0,3.0,1.0,3.0,1.0,0.0,1.0,2.0,beneficiario
3685,23.0,4.0,4.65160848733744,1.0,1.0,,2.0,3.0,2.0,,,1.0,0.0,1.0,0.0,,1.0,1.0,2.0,3.0,1.0,3.0,1.0,0.0,1.0,2.0,beneficiario
3725,23.0,37.0,37.738535249828885,2.0,3.0,3.0,1.0,1.0,5.0,,,0.0,,,,,2.0,0.0,2.0,3.0,1.0,7.0,2.0,1.0,1.0,1.0,controle
3725,23.0,14.0,14.004106776180699,2.0,3.0,3.0,2.0,3.0,2.0,7.0,2.0,1.0,0.0,0.6,1.0,7.0,2.0,0.0,2.0,3.0,1.0,7.0,2.0,1.0,1.0,1.0,controle
3725,23.0,10.0,10.986995208761122,2.0,3.0,,2.0,3.0,2.0,7.0,2.0,1.0,0.0,0.6,1.0,4.0,2.0,0.0,2.0,3.0,1.0,7.0,2.0,1.0,1.0,1.0,controle
3759,23.0,55.0,55.0,1.0,1.0,3.0,1.0,2.0,5.0,,,0.0,,,,,,1.0,,4.0,1.0,4.0,1.0,1.0,1.0,2.0,beneficiario
3759,23.0,50.0,50.0,2.0,2.0,3.0,2.0,1.0,5.0,,,0.0,,,,,,1.0,,4.0,1.0,4.0,1.0,1.0,1.0,2.0,beneficiario
3759,23.0,12.0,12.0,1.0,1.0,,2.0,3.0,2.0,7.0,1.0,1.0,0.0,1.0,1.0,3.0,2.0,1.0,,4.0,1.0,4.0,1.0,1.0,1.0,2.0,beneficiario
3759,23.0,24.0,24.0,1.0,1.0,3.0,2.0,3.0,5.0,,,0.0,,,,,3.0,1.0,,4.0,1.0,4.0,1.0,1.0,1.0,2.0,beneficiario
3782,23.0,42.0,42.639288158795345,2.0,3.0,,1.0,2.0,5.0,,,0.0,,,,,2.0,1.0,2.0,4.0,1.0,3.0,1.0,1.0,1.0,1.0,beneficiario
3782,23.0,46.0,46.51334702258727,1.0,3.0,,2.0,1.0,5.0,,,0.0,,,,,2.0,1.0,2.0,4.0,1.0,3.0,1.0,1.0,1.0,1.0,beneficiario
3782,23.0,24.0,24.33949349760438,2.0,3.0,,2.0,3.0,5.0,,,0.0,,,,,3.0,1.0,2.0,4.0,1.0,3.0,1.0,1.0,1.0,1.0,beneficiario
3782,23.0,20.0,20.522929500342233,1.0,3.0,,2.0,3.0,5.0,,,0.0,,,,,3.0,1.0,2.0,4.0,1.0,3.0,1.0,1.0,1.0,1.0,beneficiario
3807,24.0,61.0,61.63997262149213,1.0,,,,,,,,,,,,,,,3.0,2.0,1.0,6.0,2.0,2.0,1.0,1.0,
3807,24.0,58.0,58.63107460643394,2.0,,,,,,,,,,,,,,,3.0,2.0,1.0,6.0,2.0,2.0,1.0,1.0,
3807,24.0,36.0,36.69815195071869,1.0,,,,,,,,,,,,,,,3.0,2.0,1.0,6.0,2.0,2.0,1.0,1.0,
3807,24.0,22.0,22.576317590691307,2.0,1.0,3.0,2.0,2.0,1.0,,,1.0,0.0,1.0,0.0,11.0,3.0,0.0,3.0,2.0,1.0,6.0,2.0,2.0,1.0,1.0,controle
3807,24.0,27.0,27.43874058863792,1.0,3.0,3.0,2.0,1.0,5.0,,,0.0,,,,,3.0,0.0,3.0,2.0,1.0,6.0,2.0,2.0,1.0,1.0,controle
3822,24.0,33.0,33.0,1.0,1.0,1.0,2.0,1.0,5.0,,,0.0,,,,,3.0,1.0,3.0,5.0,1.0,6.0,3.0,1.0,1.0,1.0,beneficiario
3822,24.0,31.0,31.0,2.0,1.0,1.0,1.0,2.0,5.0,,,0.0,,,,,2.0,1.0,3.0,5.0,1.0,6.0,3.0,1.0,1.0,1.0,beneficiario
3822,24.0,10.0,10.0,2.0,1.0,,2.0,3.0,1.0,6.0,2.0,1.0,0.0,1.0,0.0,4.0,2.0,1.0,3.0,5.0,1.0,6.0,3.0,1.0,1.0,1.0,beneficiario
3822,24.0,7.0,7.0,1.0,1.0,,2.0,3.0,1.0,0.0,,1.0,0.0,1.0,0.0,,1.0,1.0,3.0,5.0,1.0,6.0,3.0,1.0,1.0,1.0,beneficiario
3822,24.0,4.0,4.0,2.0,1.0,,2.0,3.0,1.0,,,1.0,0.0,1.0,0.0,,1.0,1.0,3.0,5.0,1.0,6.0,3.0,1.0,1.0,1.0,beneficiario
3822,24.0,53.0,53.0,2.0,,,,,,,,,,,,,,,3.0,5.0,1.0,6.0,3.0,1.0,1.0,1.0,
3822,24.0,30.0,30.0,1.0,,,,,,,,,,,,,,,3.0,5.0,1.0,6.0,3.0,1.0,1.0,1.0,
3849,24.0,50.0,50.143737166324435,1.0,3.0,1.0,2.0,2.0,5.0,,,0.0,,,,,2.0,0.0,2.0,8.0,1.0,6.0,2.0,1.0,1.0,2.0,controle
3849,24.0,48.0,48.284736481861735,2.0,3.0,3.0,1.0,1.0,5.0,,,0.0,,,,,2.0,0.0,2.0,8.0,1.0,6.0,2.0,1.0,1.0,2.0,controle
3849,24.0,24.0,23.641341546885695,2.0,,,,,,,,,,,,,,,2.0,8.0,1.0,6.0,2.0,1.0,1.0,2.0,
3849,24.0,23.0,22.203969883641342,2.0,,,,,,,,,,,,,,,2.0,8.0,1.0,6.0,2.0,1.0,1.0,2.0,
3849,24.0,12.0,12.306639288158793,1.0,3.0,,2.0,3.0,2.0,6.0,2.0,1.0,0.0,0.7142857142857143,1.0,5.0,2.0,0.0,2.0,8.0,1.0,6.0,2.0,1.0,1.0,2.0,controle
3849,24.0,12.0,12.213552361396303,1.0,3.0,,2.0,3.0,2.0,6.0,2.0,1.0,0.0,0.7142857142857143,1.0,6.0,2.0,0.0,2.0,8.0,1.0,6.0,2.0,1.0,1.0,2.0,controle
3849,24.0,10.0,11.41409993155373,2.0,3.0,,2.0,3.0,2.0,6.0,1.0,1.0,0.0,0.7142857142857143,1.0,5.0,2.0,0.0,2.0,8.0,1.0,6.0,2.0,1.0,1.0,2.0,controle
3849,24.0,10.0,11.323750855578371,2.0,3.0,,2.0,3.0,2.0,6.0,2.0,1.0,0.0,0.7142857142857143,1.0,4.0,2.0,0.0,2.0,8.0,1.0,6.0,2.0,1.0,1.0,2.0,controle
3849,24.0,8.0,8.635181382614647,2.0,3.0,,2.0,3.0,2.0,6.0,2.0,1.0,0.0,0.7142857142857143,1.0,4.0,2.0,0.0,2.0,8.0,1.0,6.0,2.0,1.0,1.0,2.0,controle
3849,24.0,5.0,5.47296372347707,1.0,3.0,,2.0,3.0,2.0,,,0.0,1.0,,,,,0.0,2.0,8.0,1.0,6.0,2.0,1.0,1.0,2.0,controle
3905,24.0,50.0,50.04243668720055,2.0,,,,,,,,,,,,,,,4.0,2.0,2.0,8.0,1.0,1.0,1.0,1.0,
3905,24.0,29.0,29.136208076659823,1.0,,,,,,,,,,,,,,,4.0,2.0,2.0,8.0,1.0,1.0,1.0,1.0,
3905,24.0,20.0,20.65160848733744,2.0,3.0,1.0,2.0,1.0,4.0,6.0,2.0,1.0,0.0,1.0,1.0,,4.0,0.0,4.0,2.0,2.0,8.0,1.0,1.0,1.0,1.0,controle
3905,24.0,26.0,26.453114305270365,1.0,3.0,1.0,2.0,2.0,5.0,,,0.0,,,,,3.0,0.0,4.0,2.0,2.0,8.0,1.0,1.0,1.0,1.0,controle
3934,24.0,45.0,45.40177960301163,2.0,3.0,1.0,1.0,1.0,5.0,,,0.0,,,,,2.0,0.0,2.0,3.0,2.0,6.0,2.0,0.0,1.0,2.0,controle
3934,24.0,20.0,20.240930869267626,2.0,3.0,1.0,2.0,3.0,5.0,,,0.0,,,,,2.0,0.0,2.0,3.0,2.0,6.0,2.0,0.0,1.0,2.0,controle
3934,24.0,24.0,23.975359342915812,1.0,,,,,,,,,,,,,,,2.0,3.0,2.0,6.0,2.0,0.0,1.0,2.0,
3934,24.0,23.0,23.329226557152634,1.0,,,,,,,,,,,,,,,2.0,3.0,2.0,6.0,2.0,0.0,1.0,2.0,
3934,24.0,22.0,22.4476386036961,2.0,,,,,,,,,,,,,,,2.0,3.0,2.0,6.0,2.0,0.0,1.0,2.0,
3934,24.0,6.0,6.206707734428474,1.0,,,,,,,,,,,,,,,2.0,3.0,2.0,6.0,2.0,0.0,1.0,2.0,
3934,24.0,20.0,20.772073921971252,1.0,3.0,1.0,2.0,7.0,5.0,,,0.0,,,,,2.0,0.0,2.0,3.0,2.0,6.0,2.0,0.0,1.0,2.0,controle
3938,24.0,33.0,33.34154688569473,1.0,3.0,1.0,2.0,2.0,5.0,,,0.0,,,,,2.0,0.0,3.0,6.0,1.0,6.0,2.0,1.0,1.0,1.0,controle
3938,24.0,38.0,38.234086242299796,2.0,3.0,1.0,1.0,1.0,5.0,,,0.0,,,,,3.0,0.0,3.0,6.0,1.0,6.0,2.0,1.0,1.0,1.0,controle
3938,24.0,20.0,20.736481861738536,1.0,1.0,1.0,2.0,3.0,3.0,,,0.0,1.0,,,,3.0,0.0,3.0,6.0,1.0,6.0,2.0,1.0,1.0,1.0,controle
3938,24.0,17.0,17.31690622861054,2.0,1.0,1.0,2.0,3.0,3.0,6.0,1.0,1.0,0.0,1.0,0.0,9.0,3.0,0.0,3.0,6.0,1.0,6.0,2.0,1.0,1.0,1.0,controle
3938,24.0,11.0,11.789185489390828,1.0,1.0,,2.0,3.0,2.0,6.0,2.0,1.0,0.0,1.0,0.0,5.0,2.0,0.0,3.0,6.0,1.0,6.0,2.0,1.0,1.0,1.0,controle
3938,24.0,4.0,4.971937029431896,1.0,1.0,,2.0,3.0,1.0,,,1.0,0.0,1.0,0.0,,1.0,0.0,3.0,6.0,1.0,6.0,2.0,1.0,1.0,1.0,controle
3974,24.0,91.0,91.88501026694045,1.0,1.0,1.0,2.0,1.0,5.0,,,0.0,,,,,,1.0,,2.0,1.0,7.0,2.0,1.0,1.0,2.0,beneficiario
3974,24.0,90.0,90.73237508555783,2.0,1.0,1.0,2.0,2.0,5.0,,,0.0,,,,,,1.0,,2.0,1.0,7.0,2.0,1.0,1.0,2.0,beneficiario
3980,24.0,29.0,29.965776865160848,1.0,3.0,3.0,2.0,1.0,5.0,,,0.0,,,,,2.0,1.0,2.0,4.0,1.0,4.0,2.0,1.0,1.0,1.0,beneficiario
3980,24.0,28.0,28.112251882272417,2.0,3.0,3.0,1.0,2.0,2.0,,,1.0,0.0,1.0,0.0,,2.0,1.0,2.0,4.0,1.0,4.0,2.0,1.0,1.0,1.0,beneficiario
3980,24.0,8.0,8.334017796030116,1.0,3.0,,2.0,3.0,3.0,6.0,2.0,1.0,0.0,1.0,0.0,2.0,2.0,1.0,2.0,4.0,1.0,4.0,2.0,1.0,1.0,1.0,beneficiario
3980,24.0,6.0,6.086242299794661,2.0,3.0,,2.0,3.0,2.0,6.0,2.0,1.0,0.0,1.0,0.0,0.0,1.0,1.0,2.0,4.0,1.0,4.0,2.0,1.0,1.0,1.0,beneficiario
4023,25.0,41.0,41.39082819986311,1.0,1.0,,2.0,1.0,5.0,,,0.0,,,,,3.0,0.0,3.0,4.0,1.0,5.0,2.0,0.0,1.0,1.0,controle
4023,25.0,40.0,40.520191649555095,2.0,1.0,,2.0,2.0,5.0,,,0.0,,,,,3.0,0.0,3.0,4.0,1.0,5.0,2.0,0.0,1.0,1.0,controle
4023,25.0,16.0,16.591375770020534,1.0,1.0,,2.0,3.0,1.0,6.0,2.0,1.0,0.0,1.0,0.0,11.0,3.0,0.0,3.0,4.0,1.0,5.0,2.0,0.0,1.0,1.0,controle
4023,25.0,13.0,13.453798767967145,2.0,1.0,,2.0,3.0,1.0,6.0,2.0,1.0,0.0,0.8,1.0,7.0,2.0,0.0,3.0,4.0,1.0,5.0,2.0,0.0,1.0,1.0,controle
4046,25.0,32.0,32.1368925393566,1.0,1.0,4.0,2.0,1.0,5.0,,,0.0,,,,,2.0,0.0,2.0,3.0,1.0,5.0,1.0,1.0,1.0,1.0,controle
4046,25.0,29.0,28.92539356605065,2.0,1.0,4.0,1.0,2.0,5.0,,,0.0,,,,,2.0,0.0,2.0,3.0,1.0,5.0,1.0,1.0,1.0,1.0,controle
4046,25.0,7.0,7.958932238193019,1.0,1.0,,2.0,3.0,2.0,6.0,1.0,1.0,0.0,1.0,0.0,1.0,2.0,0.0,2.0,3.0,1.0,5.0,1.0,1.0,1.0,1.0,controle
4058,25.0,70.0,70.47775496235455,2.0,3.0,1.0,2.0,1.0,5.0,,,0.0,,,,,2.0,0.0,2.0,2.0,1.0,6.0,2.0,1.0,1.0,1.0,controle
4058,25.0,14.0,13.864476386036962,2.0,3.0,,2.0,3.0,2.0,7.0,1.0,1.0,0.0,1.0,0.0,5.0,2.0,0.0,2.0,2.0,1.0,6.0,2.0,1.0,1.0,1.0,controle
4062,25.0,68.0,68.8268309377139,2.0,,,,,,,,,,,,,,,2.0,1.0,1.0,7.0,3.0,1.0,1.0,2.0,
4062,25.0,39.0,39.3264887063655,1.0,3.0,3.0,2.0,1.0,5.0,,,0.0,,,,,2.0,0.0,2.0,1.0,1.0,7.0,3.0,1.0,1.0,2.0,controle
4062,25.0,16.0,16.087611225188226,1.0,,,,,,,,,,,,,,,2.0,1.0,1.0,7.0,3.0,1.0,1.0,2.0,
4080,25.0,68.0,68.07939767282683,1.0,3.0,2.0,2.0,1.0,5.0,,,0.0,,,,,,0.0,,4.0,1.0,6.0,2.0,1.0,2.0,2.0,controle
4080,25.0,57.0,57.3388090349076,2.0,3.0,2.0,1.0,2.0,5.0,,,0.0,,,,,2.0,0.0,,4.0,1.0,6.0,2.0,1.0,2.0,2.0,controle
4080,25.0,19.0,19.811088295687885,1.0,3.0,,2.0,3.0,3.0,7.0,1.0,1.0,0.0,1.0,0.0,11.0,3.0,0.0,,4.0,1.0,6.0,2.0,1.0,2.0,2.0,controle
4080,25.0,19.0,18.89390828199863,1.0,3.0,,2.0,3.0,3.0,7.0,1.0,1.0,0.0,1.0,0.0,11.0,3.0,0.0,,4.0,1.0,6.0,2.0,1.0,2.0,2.0,controle
4130,25.0,,,1.0,,,,,,,,,,,,,,,2.0,4.0,1.0,5.0,2.0,1.0,1.0,2.0,
4130,25.0,35.0,35.01163586584531,1.0,3.0,,2.0,1.0,5.0,,,0.0,,,,,2.0,0.0,2.0,4.0,1.0,5.0,2.0,1.0,1.0,2.0,controle
4130,25.0,40.0,40.78302532511978,2.0,3.0,4.0,1.0,2.0,5.0,,,0.0,,,,,2.0,0.0,2.0,4.0,1.0,5.0,2.0,1.0,1.0,2.0,controle
4130,25.0,12.0,12.539356605065024,2.0,,,2.0,3.0,2.0,5.0,2.0,1.0,0.0,1.0,0.0,7.0,2.0,0.0,2.0,4.0,1.0,5.0,2.0,1.0,1.0,2.0,controle
4130,25.0,9.0,9.853524982888434,2.0,,,2.0,3.0,2.0,6.0,2.0,1.0,0.0,1.0,0.0,4.0,2.0,0.0,2.0,4.0,1.0,5.0,2.0,1.0,1.0,2.0,controle
4147,25.0,38.0,38.0,2.0,3.0,1.0,1.0,2.0,5.0,,,0.0,,,,,2.0,1.0,2.0,5.0,1.0,6.0,2.0,1.0,1.0,2.0,beneficiario
4147,25.0,34.0,34.0,1.0,3.0,1.0,,1.0,5.0,,,0.0,,,,,2.0,1.0,2.0,5.0,1.0,6.0,2.0,1.0,1.0,2.0,beneficiario
4147,25.0,16.0,16.0,1.0,3.0,,,3.0,3.0,,,0.0,1.0,,,,,1.0,2.0,5.0,1.0,6.0,2.0,1.0,1.0,2.0,beneficiario
4147,25.0,11.0,11.0,2.0,3.0,,,3.0,3.0,5.0,2.0,1.0,0.0,1.0,1.0,5.0,2.0,1.0,2.0,5.0,1.0,6.0,2.0,1.0,1.0,2.0,beneficiario
4147,25.0,10.0,10.0,2.0,3.0,,,3.0,3.0,5.0,2.0,1.0,0.0,1.0,1.0,3.0,2.0,1.0,2.0,5.0,1.0,6.0,2.0,1.0,1.0,2.0,beneficiario
4147,25.0,66.0,66.0,2.0,,,,,,,,,,,,,,,2.0,5.0,1.0,6.0,2.0,1.0,1.0,2.0,
4147,25.0,65.0,65.0,1.0,,,,,,,,,,,,,,,2.0,5.0,1.0,6.0,2.0,1.0,1.0,2.0,
4147,25.0,22.0,22.0,1.0,,,,,,,,,,,,,,,2.0,5.0,1.0,6.0,2.0,1.0,1.0,2.0,
4153,25.0,48.0,48.24093086926762,2.0,1.0,4.0,1.0,2.0,5.0,,,0.0,,,,,2.0,0.0,2.0,6.0,1.0,6.0,3.0,1.0,1.0,2.0,controle
4153,25.0,34.0,34.68309377138946,1.0,3.0,4.0,2.0,1.0,5.0,,,0.0,,,,,2.0,0.0,2.0,6.0,1.0,6.0,3.0,1.0,1.0,2.0,controle
4153,25.0,14.0,14.332648870636548,1.0,1.0,1.0,2.0,3.0,2.0,6.0,2.0,1.0,0.0,1.0,1.0,6.0,2.0,0.0,2.0,6.0,1.0,6.0,3.0,1.0,1.0,2.0,controle
4153,25.0,20.0,20.30390143737166,2.0,1.0,4.0,2.0,3.0,3.0,,,0.0,1.0,,,,,0.0,2.0,6.0,1.0,6.0,3.0,1.0,1.0,2.0,controle
4153,25.0,5.0,5.138945927446954,2.0,,,2.0,5.0,1.0,,,0.0,1.0,,,,,0.0,2.0,6.0,1.0,6.0,3.0,1.0,1.0,2.0,controle
4153,25.0,2.0,2.8939082819986313,2.0,,,2.0,5.0,5.0,,,0.0,,,,,,0.0,2.0,6.0,1.0,6.0,3.0,1.0,1.0,2.0,controle
4173,25.0,45.0,45.35523613963039,2.0,2.0,4.0,2.0,1.0,5.0,,,0.0,,,,,3.0,0.0,3.0,3.0,1.0,,,1.0,1.0,1.0,controle
4173,25.0,12.0,12.386036960985628,2.0,,,2.0,3.0,3.0,6.0,2.0,1.0,0.0,1.0,0.0,6.0,2.0,0.0,3.0,3.0,1.0,,,1.0,1.0,1.0,controle
4173,25.0,11.0,21.259411362080765,1.0,,,2.0,3.0,3.0,,,0.0,1.0,,,,,0.0,3.0,3.0,1.0,,,1.0,1.0,1.0,controle
4180,25.0,37.0,37.0,2.0,2.0,4.0,1.0,1.0,5.0,,,0.0,,,,,2.0,1.0,2.0,5.0,1.0,6.0,3.0,1.0,1.0,2.0,beneficiario
4180,25.0,10.0,10.0,2.0,,,,,3.0,6.0,2.0,1.0,0.0,1.0,1.0,4.0,2.0,1.0,2.0,5.0,1.0,6.0,3.0,1.0,1.0,2.0,beneficiario
4180,25.0,46.0,46.0,1.0,3.0,1.0,2.0,3.0,,,,,,,,,,,2.0,5.0,1.0,6.0,3.0,1.0,1.0,2.0,
4180,25.0,4.0,4.0,2.0,3.0,,2.0,3.0,5.0,,,1.0,,1.0,1.0,0.0,1.0,1.0,2.0,5.0,1.0,6.0,3.0,1.0,1.0,2.0,beneficiario
4180,25.0,4.0,4.0,2.0,3.0,,2.0,3.0,5.0,,,1.0,,1.0,0.0,0.0,1.0,1.0,2.0,5.0,1.0,6.0,3.0,1.0,1.0,2.0,beneficiario
4180,25.0,3.0,3.0,2.0,3.0,,2.0,3.0,5.0,,,0.0,,,,,,1.0,2.0,5.0,1.0,6.0,3.0,1.0,1.0,2.0,beneficiario
4184,25.0,38.0,38.0,1.0,,,,,,,,,,,,,,,2.0,3.0,1.0,4.0,2.0,0.0,1.0,1.0,
4184,25.0,38.0,38.0,2.0,2.0,1.0,1.0,1.0,5.0,,,0.0,,,,,2.0,1.0,2.0,3.0,1.0,4.0,2.0,0.0,1.0,1.0,beneficiario
4184,25.0,18.0,18.0,1.0,2.0,1.0,2.0,3.0,2.0,9.0,1.0,1.0,0.0,1.0,1.0,4.0,2.0,1.0,2.0,3.0,1.0,4.0,2.0,0.0,1.0,1.0,beneficiario
4184,25.0,16.0,16.0,1.0,2.0,1.0,2.0,3.0,2.0,10.0,1.0,1.0,0.0,1.0,1.0,2.0,2.0,1.0,2.0,3.0,1.0,4.0,2.0,0.0,1.0,1.0,beneficiario
4184,25.0,31.0,31.0,2.0,,,,,,,,,,,,,,,2.0,3.0,1.0,4.0,2.0,0.0,1.0,1.0,
4189,25.0,36.0,36.72279260780288,1.0,,,,,,,,,,,,,,,,7.0,2.0,8.0,3.0,1.0,1.0,2.0,
4189,25.0,35.0,35.67967145790555,2.0,3.0,1.0,1.0,3.0,5.0,,,0.0,,,,,3.0,0.0,,7.0,2.0,8.0,3.0,1.0,1.0,2.0,controle
4189,25.0,12.0,12.07939767282683,1.0,3.0,,2.0,5.0,2.0,7.0,2.0,1.0,0.0,1.0,1.0,5.0,2.0,0.0,,7.0,2.0,8.0,3.0,1.0,1.0,2.0,controle
4189,25.0,10.0,10.617385352498289,1.0,3.0,,2.0,5.0,2.0,7.0,2.0,1.0,0.0,1.0,1.0,4.0,2.0,0.0,,7.0,2.0,8.0,3.0,1.0,1.0,2.0,controle
4189,25.0,73.0,73.07049965776865,2.0,3.0,4.0,2.0,1.0,5.0,,,0.0,,,,,,0.0,,7.0,2.0,8.0,3.0,1.0,1.0,2.0,controle
4189,25.0,14.0,14.981519507186857,2.0,3.0,1.0,2.0,5.0,2.0,6.0,2.0,1.0,0.0,1.0,1.0,8.0,2.0,0.0,,7.0,2.0,8.0,3.0,1.0,1.0,2.0,controle
4189,25.0,14.0,14.981519507186857,2.0,3.0,1.0,2.0,5.0,1.0,6.0,2.0,1.0,0.0,1.0,1.0,8.0,2.0,0.0,,7.0,2.0,8.0,3.0,1.0,1.0,2.0,controle
4189,25.0,42.0,42.40657084188912,2.0,3.0,4.0,2.0,3.0,5.0,,,0.0,,,,,2.0,0.0,,7.0,2.0,8.0,3.0,1.0,1.0,2.0,controle
4194,25.0,42.0,42.81724845995893,2.0,3.0,3.0,1.0,1.0,5.0,,,0.0,,,,,,0.0,,5.0,1.0,6.0,2.0,2.0,1.0,1.0,controle
4194,25.0,45.0,45.05681040383299,1.0,3.0,1.0,,2.0,5.0,,,0.0,,,,,,0.0,,5.0,1.0,6.0,2.0,2.0,1.0,1.0,controle
4194,25.0,20.0,20.470910335386723,2.0,3.0,1.0,,3.0,3.0,7.0,1.0,1.0,0.0,1.0,0.0,11.0,3.0,0.0,,5.0,1.0,6.0,2.0,2.0,1.0,1.0,controle
4194,25.0,19.0,19.091033538672143,2.0,3.0,1.0,,3.0,3.0,6.0,1.0,1.0,0.0,1.0,0.0,11.0,3.0,0.0,,5.0,1.0,6.0,2.0,2.0,1.0,1.0,controle
4194,25.0,18.0,18.017796030116358,1.0,3.0,1.0,,3.0,3.0,6.0,1.0,1.0,0.0,1.0,0.0,11.0,3.0,0.0,,5.0,1.0,6.0,2.0,2.0,1.0,1.0,controle
4200,25.0,73.0,46.47501711156742,1.0,1.0,4.0,2.0,1.0,5.0,,,0.0,,,,,2.0,0.0,2.0,7.0,1.0,5.0,2.0,1.0,1.0,2.0,controle
4200,25.0,53.0,53.07597535934292,2.0,1.0,4.0,2.0,2.0,5.0,,,0.0,,,,,2.0,0.0,2.0,7.0,1.0,5.0,2.0,1.0,1.0,2.0,controle
4200,25.0,29.0,29.295003422313485,2.0,1.0,4.0,2.0,3.0,2.0,,,0.0,1.0,,,,2.0,0.0,2.0,7.0,1.0,5.0,2.0,1.0,1.0,2.0,controle
4200,25.0,28.0,27.88227241615332,1.0,1.0,4.0,1.0,3.0,5.0,,,0.0,,,,,3.0,0.0,2.0,7.0,1.0,5.0,2.0,1.0,1.0,2.0,controle
4200,25.0,22.0,22.524298425735797,1.0,,,,,,,,,,,,,,,2.0,7.0,1.0,5.0,2.0,1.0,1.0,2.0,
4200,25.0,15.0,15.143052703627653,1.0,1.0,,2.0,3.0,2.0,5.0,1.0,1.0,0.0,1.0,0.0,5.0,2.0,0.0,2.0,7.0,1.0,5.0,2.0,1.0,1.0,2.0,controle
4200,25.0,50.0,50.35728952772074,1.0,,,,,,,,,,,,,,,2.0,7.0,1.0,5.0,2.0,1.0,1.0,2.0,
4200,25.0,6.0,10.061601642710473,2.0,1.0,,2.0,5.0,2.0,7.0,1.0,1.0,0.0,0.8333333333333334,1.0,3.0,2.0,0.0,2.0,7.0,1.0,5.0,2.0,1.0,1.0,2.0,controle
4200,,,,,,,,,2.0,,,,,,,,,0.0,2.0,7.0,1.0,5.0,2.0,1.0,1.0,2.0,controle
4200,,,,,,,,,,,,,,,,,,,2.0,7.0,1.0,5.0,2.0,1.0,1.0,2.0,
4202,25.0,38.0,38.097193702943194,1.0,3.0,4.0,,1.0,5.0,,,0.0,,,,,2.0,0.0,2.0,4.0,1.0,3.0,1.0,1.0,1.0,2.0,controle
4202,25.0,40.0,40.24093086926762,2.0,3.0,4.0,,2.0,5.0,,,0.0,,,,,2.0,0.0,2.0,4.0,1.0,3.0,1.0,1.0,1.0,2.0,controle
4202,25.0,8.0,8.071184120465434,1.0,3.0,,,3.0,1.0,7.0,2.0,1.0,0.0,0.8333333333333334,1.0,1.0,2.0,0.0,2.0,4.0,1.0,3.0,1.0,1.0,1.0,2.0,controle
4202,25.0,29.0,29.201916495550993,2.0,,,,,,,,,,,,,,,2.0,4.0,1.0,3.0,1.0,1.0,1.0,2.0,
4202,25.0,7.0,7.830253251197809,1.0,,,,,,,,,,,,,,,2.0,4.0,1.0,3.0,1.0,1.0,1.0,2.0,
4202,25.0,61.0,61.99041752224503,2.0,,,,,,,,,,,,,,,2.0,4.0,1.0,3.0,1.0,1.0,1.0,2.0,
4202,25.0,19.0,19.422313483915126,1.0,3.0,4.0,,3.0,1.0,,1.0,1.0,0.0,1.0,0.0,9.0,3.0,0.0,2.0,4.0,1.0,3.0,1.0,1.0,1.0,2.0,controle
4205,25.0,56.0,56.80219028062971,1.0,1.0,4.0,1.0,1.0,5.0,,,0.0,,,,,,0.0,,4.0,1.0,7.0,3.0,2.0,1.0,1.0,controle
4205,25.0,46.0,46.12457221081451,2.0,1.0,4.0,,2.0,5.0,,,0.0,,,,,,0.0,,4.0,1.0,7.0,3.0,2.0,1.0,1.0,controle
4205,25.0,19.0,19.794661190965094,1.0,1.0,1.0,,3.0,5.0,,,0.0,,,,,2.0,0.0,,4.0,1.0,7.0,3.0,2.0,1.0,1.0,controle
4205,25.0,18.0,18.028747433264886,2.0,1.0,1.0,,3.0,2.0,7.0,2.0,,,1.0,1.0,11.0,,0.0,,4.0,1.0,7.0,3.0,2.0,1.0,1.0,controle
4247,25.0,28.0,28.45448323066393,2.0,4.0,1.0,1.0,1.0,5.0,,,0.0,,,,,2.0,0.0,2.0,3.0,1.0,5.0,2.0,1.0,1.0,1.0,controle
4247,25.0,37.0,39.09924709103354,1.0,4.0,1.0,,2.0,5.0,,,0.0,,,,,2.0,0.0,2.0,3.0,1.0,5.0,2.0,1.0,1.0,1.0,controle
4247,25.0,11.0,11.767282683093772,2.0,4.0,,,3.0,1.0,6.0,2.0,1.0,0.0,1.0,0.0,6.0,2.0,0.0,2.0,3.0,1.0,5.0,2.0,1.0,1.0,1.0,controle
4254,25.0,35.0,35.0,1.0,3.0,1.0,2.0,1.0,5.0,,,0.0,,,,,2.0,1.0,2.0,5.0,1.0,5.0,2.0,1.0,1.0,1.0,beneficiario
4254,25.0,36.0,36.0,2.0,3.0,1.0,2.0,2.0,5.0,,,0.0,,,,,2.0,1.0,2.0,5.0,1.0,5.0,2.0,1.0,1.0,1.0,beneficiario
4254,25.0,6.0,6.0,2.0,3.0,,2.0,3.0,2.0,,,1.0,0.0,1.0,0.0,0.0,1.0,1.0,2.0,5.0,1.0,5.0,2.0,1.0,1.0,1.0,beneficiario
4254,25.0,5.0,5.0,2.0,3.0,,2.0,3.0,2.0,0.0,2.0,1.0,0.0,1.0,0.0,,1.0,1.0,2.0,5.0,1.0,5.0,2.0,1.0,1.0,1.0,beneficiario
4254,25.0,57.0,57.0,2.0,3.0,1.0,2.0,4.0,2.0,,,0.0,1.0,,,,2.0,1.0,2.0,5.0,1.0,5.0,2.0,1.0,1.0,1.0,beneficiario
4265,25.0,68.0,68.24640657084188,1.0,1.0,1.0,2.0,1.0,5.0,,,0.0,,,,,3.0,0.0,3.0,4.0,1.0,6.0,2.0,0.0,1.0,2.0,controle
4265,25.0,54.0,54.64476386036961,2.0,2.0,1.0,2.0,2.0,5.0,,,0.0,,,,,2.0,0.0,3.0,4.0,1.0,6.0,2.0,0.0,1.0,2.0,controle
4265,25.0,11.0,11.63586584531143,1.0,2.0,,2.0,5.0,1.0,,2.0,1.0,0.0,1.0,1.0,4.0,2.0,0.0,3.0,4.0,1.0,6.0,2.0,0.0,1.0,2.0,controle
4265,25.0,84.0,84.54209445585215,1.0,2.0,3.0,2.0,4.0,1.0,,,0.0,1.0,,,,,0.0,3.0,4.0,1.0,6.0,2.0,0.0,1.0,2.0,controle
4265,,,,,,,,,,,,,,,,,,,3.0,4.0,1.0,6.0,2.0,0.0,1.0,2.0,
4292,25.0,38.0,38.26967830253251,1.0,3.0,4.0,2.0,1.0,5.0,,,0.0,,,,,,0.0,,5.0,1.0,,,1.0,2.0,2.0,controle
4292,25.0,49.0,49.1772758384668,2.0,3.0,3.0,1.0,2.0,5.0,,,0.0,,,,,2.0,0.0,,5.0,1.0,,,1.0,2.0,2.0,controle
4292,25.0,15.0,15.515400410677618,1.0,3.0,1.0,2.0,3.0,2.0,10.0,1.0,1.0,0.0,1.0,0.0,3.0,2.0,0.0,,5.0,1.0,,,1.0,2.0,2.0,controle
4292,25.0,13.0,13.505817932922655,1.0,3.0,,2.0,3.0,2.0,,1.0,1.0,0.0,1.0,0.0,3.0,2.0,0.0,,5.0,1.0,,,1.0,2.0,2.0,controle
4292,25.0,9.0,9.062286105407255,1.0,1.0,,2.0,3.0,3.0,7.0,1.0,1.0,0.0,1.0,0.0,2.0,2.0,0.0,,5.0,1.0,,,1.0,2.0,2.0,controle
4299,25.0,60.0,60.314852840520196,1.0,2.0,4.0,2.0,1.0,2.0,,,0.0,1.0,,,,3.0,1.0,3.0,3.0,1.0,5.0,2.0,0.0,1.0,1.0,beneficiario
4299,25.0,54.0,54.275154004106774,2.0,1.0,4.0,1.0,2.0,5.0,,,0.0,,,,,2.0,1.0,3.0,3.0,1.0,5.0,2.0,0.0,1.0,1.0,beneficiario
4299,25.0,19.0,18.85284052019165,1.0,1.0,4.0,2.0,3.0,3.0,8.0,1.0,1.0,0.0,1.0,1.0,,3.0,1.0,3.0,3.0,1.0,5.0,2.0,0.0,1.0,1.0,beneficiario
4316,25.0,24.0,23.912388774811774,1.0,1.0,,2.0,1.0,5.0,,,0.0,,,,,2.0,1.0,2.0,3.0,1.0,8.0,4.0,1.0,2.0,1.0,beneficiario
4316,25.0,23.0,23.739904175222453,2.0,,,,,,,,,,,,,,,2.0,3.0,1.0,8.0,4.0,1.0,2.0,1.0,
4316,25.0,44.0,44.47638603696098,1.0,1.0,4.0,2.0,8.0,5.0,,,0.0,,,,,2.0,1.0,2.0,3.0,1.0,8.0,4.0,1.0,2.0,1.0,beneficiario
4316,25.0,38.0,38.58179329226557,1.0,1.0,4.0,2.0,8.0,5.0,,,0.0,,,,,2.0,1.0,2.0,3.0,1.0,8.0,4.0,1.0,2.0,1.0,beneficiario
4333,25.0,25.0,35.17864476386037,1.0,3.0,3.0,2.0,1.0,5.0,,,0.0,,,,,,0.0,,7.0,1.0,5.0,2.0,1.0,1.0,1.0,controle
4333,25.0,24.0,30.951403148528403,2.0,3.0,4.0,2.0,2.0,5.0,,,0.0,,,,,,0.0,,7.0,1.0,5.0,2.0,1.0,1.0,1.0,controle
4333,25.0,9.0,9.48665297741273,1.0,3.0,,2.0,3.0,2.0,5.0,2.0,1.0,0.0,1.0,0.0,2.0,2.0,0.0,,7.0,1.0,5.0,2.0,1.0,1.0,1.0,controle
4333,25.0,8.0,7.540041067761807,1.0,3.0,,2.0,3.0,2.0,,2.0,1.0,0.0,1.0,0.0,1.0,2.0,0.0,,7.0,1.0,5.0,2.0,1.0,1.0,1.0,controle
4333,25.0,5.0,5.210130047912388,1.0,3.0,,2.0,3.0,2.0,6.0,2.0,1.0,0.0,1.0,0.0,2.0,2.0,0.0,,7.0,1.0,5.0,2.0,1.0,1.0,1.0,controle
4333,25.0,0.0,0.8432580424366871,1.0,3.0,,2.0,3.0,5.0,,,0.0,,,,,,0.0,,7.0,1.0,5.0,2.0,1.0,1.0,1.0,controle
4333,25.0,0.0,0.8432580424366871,1.0,3.0,,,,5.0,,,0.0,,,,,,0.0,,7.0,1.0,5.0,2.0,1.0,1.0,1.0,controle
4334,25.0,52.0,52.851471594798085,1.0,3.0,,2.0,1.0,5.0,,,0.0,,,,,2.0,0.0,2.0,3.0,1.0,7.0,2.0,1.0,2.0,2.0,controle
4334,25.0,46.0,46.535249828884325,2.0,1.0,4.0,1.0,2.0,5.0,,,0.0,,,,,2.0,0.0,2.0,3.0,1.0,7.0,2.0,1.0,2.0,2.0,controle
4334,25.0,21.0,21.765913757700208,1.0,,,,,,,,,,,,,,,2.0,3.0,1.0,7.0,2.0,1.0,2.0,2.0,
4334,25.0,16.0,16.804928131416837,1.0,3.0,,2.0,3.0,3.0,7.0,2.0,1.0,0.0,1.0,0.0,10.0,3.0,0.0,2.0,3.0,1.0,7.0,2.0,1.0,2.0,2.0,controle
4349,25.0,46.0,46.0,2.0,3.0,4.0,2.0,1.0,5.0,,,0.0,,,,,4.0,1.0,4.0,1.0,1.0,6.0,3.0,1.0,1.0,1.0,beneficiario
4356,25.0,41.0,41.37166324435318,1.0,3.0,4.0,2.0,1.0,5.0,,,0.0,,,,,2.0,0.0,2.0,8.0,1.0,7.0,4.0,2.0,1.0,1.0,controle
4356,25.0,36.0,36.49007529089664,2.0,3.0,4.0,1.0,2.0,5.0,,,0.0,,,,,3.0,0.0,2.0,8.0,1.0,7.0,4.0,2.0,1.0,1.0,controle
4356,25.0,18.0,18.83915126625599,2.0,,,,,,,,,,,,,,,2.0,8.0,1.0,7.0,4.0,2.0,1.0,1.0,
4356,25.0,17.0,17.57700205338809,1.0,3.0,,2.0,3.0,3.0,,1.0,1.0,0.0,1.0,,5.0,2.0,0.0,2.0,8.0,1.0,7.0,4.0,2.0,1.0,1.0,controle
4356,25.0,16.0,16.722792607802873,2.0,3.0,,2.0,3.0,3.0,,1.0,1.0,0.0,1.0,1.0,7.0,2.0,0.0,2.0,8.0,1.0,7.0,4.0,2.0,1.0,1.0,controle
4356,25.0,11.0,11.40041067761807,1.0,3.0,,2.0,3.0,2.0,10.0,1.0,1.0,0.0,1.0,,2.0,2.0,0.0,2.0,8.0,1.0,7.0,4.0,2.0,1.0,1.0,controle
4356,25.0,9.0,9.459274469541409,2.0,3.0,,2.0,3.0,2.0,9.0,1.0,1.0,0.0,1.0,,2.0,2.0,0.0,2.0,8.0,1.0,7.0,4.0,2.0,1.0,1.0,controle
4356,25.0,4.0,4.82135523613963,2.0,3.0,,2.0,3.0,5.0,,,1.0,,1.0,,,1.0,0.0,2.0,8.0,1.0,7.0,4.0,2.0,1.0,1.0,controle
4356,25.0,93.0,3.1978097193702943,2.0,3.0,,2.0,3.0,5.0,,,0.0,,,,,,0.0,2.0,8.0,1.0,7.0,4.0,2.0,1.0,1.0,controle
4395,25.0,66.0,66.12183436002738,1.0,3.0,4.0,2.0,1.0,5.0,,,0.0,,,,,2.0,0.0,2.0,3.0,1.0,5.0,2.0,1.0,1.0,2.0,controle
4395,25.0,57.0,57.95756331279945,2.0,3.0,4.0,2.0,2.0,5.0,,,0.0,,,,,2.0,0.0,2.0,3.0,1.0,5.0,2.0,1.0,1.0,2.0,controle
4395,25.0,10.0,10.168377823408624,2.0,3.0,,2.0,9.0,3.0,7.0,1.0,1.0,0.0,1.0,1.0,1.0,2.0,0.0,2.0,3.0,1.0,5.0,2.0,1.0,1.0,2.0,controle
4453,26.0,51.0,51.00068446269678,1.0,3.0,4.0,,1.0,5.0,,,0.0,,,,,,0.0,,2.0,1.0,6.0,3.0,1.0,1.0,2.0,controle
4453,26.0,42.0,42.2943189596167,2.0,3.0,4.0,1.0,2.0,5.0,,,0.0,,,,,2.0,0.0,,2.0,1.0,6.0,3.0,1.0,1.0,2.0,controle
4468,26.0,37.0,37.399041752224505,1.0,3.0,4.0,2.0,1.0,5.0,,,0.0,,,,,2.0,0.0,2.0,3.0,1.0,4.0,2.0,1.0,1.0,1.0,controle
4468,26.0,35.0,35.854893908282,2.0,3.0,4.0,1.0,2.0,5.0,,,0.0,,,,,2.0,0.0,2.0,3.0,1.0,4.0,2.0,1.0,1.0,1.0,controle
4468,26.0,8.0,8.75564681724846,1.0,3.0,,2.0,3.0,2.0,7.0,2.0,1.0,0.0,1.0,1.0,2.0,2.0,0.0,2.0,3.0,1.0,4.0,2.0,1.0,1.0,1.0,controle
4490,26.0,45.0,45.26488706365503,1.0,3.0,,2.0,1.0,5.0,,,0.0,,,,,2.0,0.0,2.0,7.0,1.0,5.0,3.0,0.0,2.0,2.0,controle
4490,26.0,40.0,40.68446269678303,2.0,3.0,4.0,1.0,2.0,5.0,,,0.0,,,,,2.0,0.0,2.0,7.0,1.0,5.0,3.0,0.0,2.0,2.0,controle
4490,26.0,19.0,19.21423682409309,1.0,3.0,,2.0,3.0,5.0,,,0.0,,,,,2.0,0.0,2.0,7.0,1.0,5.0,3.0,0.0,2.0,2.0,controle
4490,26.0,9.0,9.17180013689254,1.0,3.0,,2.0,3.0,2.0,9.0,2.0,1.0,0.0,1.0,0.0,1.0,2.0,0.0,2.0,7.0,1.0,5.0,3.0,0.0,2.0,2.0,controle
4490,26.0,8.0,8.147843942505133,1.0,3.0,,2.0,3.0,2.0,8.0,2.0,1.0,0.0,1.0,0.0,1.0,2.0,0.0,2.0,7.0,1.0,5.0,3.0,0.0,2.0,2.0,controle
4490,26.0,4.0,4.2792607802874745,2.0,3.0,,2.0,3.0,5.0,,,1.0,,1.0,0.0,,1.0,0.0,2.0,7.0,1.0,5.0,3.0,0.0,2.0,2.0,controle
4490,26.0,3.0,3.1211498973305956,2.0,3.0,,2.0,3.0,5.0,,,0.0,,,,,,0.0,2.0,7.0,1.0,5.0,3.0,0.0,2.0,2.0,controle
4500,26.0,47.0,47.98083504449008,1.0,1.0,4.0,2.0,1.0,5.0,,,0.0,,,,,2.0,0.0,2.0,4.0,1.0,5.0,2.0,0.0,1.0,2.0,controle
4500,26.0,31.0,31.583846680355922,2.0,3.0,4.0,1.0,2.0,5.0,,,0.0,,,,,2.0,0.0,2.0,4.0,1.0,5.0,2.0,0.0,1.0,2.0,controle
4500,26.0,8.0,8.427104722792608,2.0,1.0,,2.0,3.0,2.0,7.0,2.0,1.0,0.0,1.0,0.0,2.0,2.0,0.0,2.0,4.0,1.0,5.0,2.0,0.0,1.0,2.0,controle
4500,26.0,5.0,5.8261464750171115,1.0,1.0,,2.0,3.0,2.0,0.0,2.0,1.0,0.0,1.0,0.0,,1.0,0.0,2.0,4.0,1.0,5.0,2.0,0.0,1.0,2.0,controle
4502,26.0,58.0,58.959616700889804,1.0,3.0,4.0,2.0,1.0,5.0,,,0.0,,,,,,0.0,,4.0,1.0,5.0,2.0,1.0,1.0,2.0,controle
4502,26.0,,60.24640657084189,2.0,,,,,,,,,,,,,,,,4.0,1.0,5.0,2.0,1.0,1.0,2.0,
4502,26.0,,24.487337440109513,2.0,,,,,,,,,,,,,,,,4.0,1.0,5.0,2.0,1.0,1.0,2.0,
4502,26.0,41.0,41.1170431211499,2.0,3.0,4.0,1.0,2.0,5.0,,,0.0,,,,,2.0,0.0,,4.0,1.0,5.0,2.0,1.0,1.0,2.0,controle
4502,26.0,11.0,11.879534565366187,1.0,3.0,,2.0,3.0,2.0,8.0,2.0,1.0,0.0,1.0,0.0,4.0,2.0,0.0,,4.0,1.0,5.0,2.0,1.0,1.0,2.0,controle
4502,26.0,6.0,6.239561943874059,1.0,3.0,,2.0,3.0,5.0,0.0,2.0,1.0,,0.2,1.0,,1.0,0.0,,4.0,1.0,5.0,2.0,1.0,1.0,2.0,controle
4515,26.0,60.0,63.72621492128679,1.0,1.0,,1.0,1.0,5.0,,,0.0,,,,,2.0,0.0,2.0,2.0,1.0,5.0,3.0,1.0,1.0,,controle
4515,26.0,63.0,63.43052703627652,2.0,1.0,,2.0,2.0,5.0,,,0.0,,,,,2.0,0.0,2.0,2.0,1.0,5.0,3.0,1.0,1.0,,controle
4515,26.0,33.0,33.75496235455167,2.0,,,,,,,,,,,,,,,2.0,2.0,1.0,5.0,3.0,1.0,1.0,,
4515,26.0,19.0,19.674195756331283,2.0,,,,,,,,,,,,,,,2.0,2.0,1.0,5.0,3.0,1.0,1.0,,
4531,26.0,60.0,59.88227241615331,2.0,3.0,4.0,2.0,1.0,5.0,,,0.0,,,,,2.0,0.0,2.0,3.0,1.0,5.0,2.0,1.0,2.0,2.0,controle
4531,26.0,59.0,59.46338124572211,1.0,1.0,,2.0,2.0,5.0,,,0.0,,,,,2.0,0.0,2.0,3.0,1.0,5.0,2.0,1.0,2.0,2.0,controle
4531,26.0,16.0,16.28747433264887,2.0,,,1.0,3.0,1.0,8.0,1.0,1.0,0.0,1.0,1.0,6.0,2.0,0.0,2.0,3.0,1.0,5.0,2.0,1.0,2.0,2.0,controle
4532,26.0,57.0,57.07049965776865,1.0,3.0,4.0,1.0,1.0,5.0,,,0.0,,,,,2.0,0.0,2.0,1.0,1.0,4.0,1.0,0.0,2.0,2.0,controle
4532,26.0,28.0,28.216290212183434,1.0,,,,,,,,,,,,,,,2.0,1.0,1.0,4.0,1.0,0.0,2.0,2.0,
4542,26.0,50.0,50.507871321013006,1.0,3.0,,2.0,1.0,5.0,,,0.0,,,,,2.0,0.0,2.0,3.0,1.0,6.0,3.0,1.0,2.0,2.0,controle
4542,26.0,47.0,46.87200547570157,2.0,3.0,,,2.0,5.0,,,0.0,,,,,2.0,0.0,2.0,3.0,1.0,6.0,3.0,1.0,2.0,2.0,controle
4542,26.0,26.0,26.570841889117045,2.0,,,,,,,,,,,,,,,2.0,3.0,1.0,6.0,3.0,1.0,2.0,2.0,
4542,26.0,23.0,22.96235455167693,1.0,1.0,,2.0,3.0,5.0,,,0.0,,,,,3.0,0.0,2.0,3.0,1.0,6.0,3.0,1.0,2.0,2.0,controle
4542,26.0,17.0,17.483915126625597,2.0,,,,,,,,,,,,,,,2.0,3.0,1.0,6.0,3.0,1.0,2.0,2.0,
4561,26.0,52.0,52.47638603696098,1.0,3.0,4.0,2.0,1.0,5.0,,,0.0,,,,,2.0,0.0,2.0,4.0,1.0,7.0,3.0,1.0,2.0,1.0,controle
4561,26.0,49.0,49.28131416837782,2.0,3.0,4.0,1.0,2.0,5.0,,,0.0,,,,,3.0,0.0,2.0,4.0,1.0,7.0,3.0,1.0,2.0,1.0,controle
4561,26.0,30.0,30.80082135523614,2.0,,,,,,,,,,,,,,,2.0,4.0,1.0,7.0,3.0,1.0,2.0,1.0,
4561,26.0,27.0,27.30184804928131,1.0,3.0,,2.0,3.0,5.0,,,0.0,,,,,3.0,0.0,2.0,4.0,1.0,7.0,3.0,1.0,2.0,1.0,controle
4561,26.0,19.0,19.04722792607803,1.0,3.0,,2.0,3.0,2.0,7.0,1.0,1.0,0.0,1.0,1.0,9.0,3.0,0.0,2.0,4.0,1.0,7.0,3.0,1.0,2.0,1.0,controle
4565,26.0,47.0,47.419575633128,2.0,3.0,4.0,1.0,1.0,3.0,,,0.0,1.0,,,,2.0,1.0,2.0,4.0,1.0,6.0,2.0,0.0,1.0,,beneficiario
4565,26.0,19.0,19.99726214921287,1.0,3.0,4.0,2.0,3.0,3.0,,,0.0,1.0,,,,2.0,1.0,2.0,4.0,1.0,6.0,2.0,0.0,1.0,,beneficiario
4565,26.0,16.0,16.49281314168378,2.0,,,,,,,,,,,,,,,2.0,4.0,1.0,6.0,2.0,0.0,1.0,,
4565,26.0,12.0,12.325804243668719,1.0,3.0,,2.0,3.0,2.0,8.0,1.0,1.0,0.0,1.0,0.0,4.0,2.0,1.0,2.0,4.0,1.0,6.0,2.0,0.0,1.0,,beneficiario
4660,26.0,54.0,54.68583162217659,2.0,2.0,4.0,1.0,2.0,5.0,,,0.0,,,,,2.0,0.0,2.0,6.0,1.0,8.0,3.0,1.0,1.0,2.0,controle
4660,26.0,55.0,55.7015742642026,1.0,2.0,4.0,,1.0,5.0,,,0.0,,,,,2.0,0.0,2.0,6.0,1.0,8.0,3.0,1.0,1.0,2.0,controle
4660,26.0,28.0,28.45448323066393,1.0,,,,,,,,,,,,,,,2.0,6.0,1.0,8.0,3.0,1.0,1.0,2.0,
4660,26.0,26.0,21.87542778918549,1.0,2.0,3.0,,3.0,5.0,,,0.0,,,,,4.0,0.0,2.0,6.0,1.0,8.0,3.0,1.0,1.0,2.0,controle
4660,26.0,14.0,23.939767282683093,2.0,,,,,,,,,,,,,,,2.0,6.0,1.0,8.0,3.0,1.0,1.0,2.0,
4660,26.0,22.0,22.546201232032853,2.0,2.0,3.0,,3.0,5.0,,,0.0,,,,,3.0,0.0,2.0,6.0,1.0,8.0,3.0,1.0,1.0,2.0,controle
4660,26.0,21.0,21.483915126625597,2.0,1.0,3.0,,3.0,3.0,6.0,2.0,1.0,0.0,1.0,0.0,10.0,3.0,0.0,2.0,6.0,1.0,8.0,3.0,1.0,1.0,2.0,controle
4660,26.0,19.0,19.019849418206707,2.0,2.0,3.0,,3.0,2.0,7.0,2.0,1.0,0.0,0.6666666666666666,1.0,11.0,3.0,0.0,2.0,6.0,1.0,8.0,3.0,1.0,1.0,2.0,controle
4676,26.0,30.0,30.885694729637233,1.0,,,,,,,,,,,,,,,2.0,5.0,1.0,6.0,2.0,1.0,1.0,2.0,
4676,26.0,35.0,35.649555099247095,2.0,1.0,4.0,1.0,1.0,5.0,,,0.0,,,,,2.0,0.0,2.0,5.0,1.0,6.0,2.0,1.0,1.0,2.0,controle
4676,26.0,14.0,14.978781656399725,1.0,1.0,4.0,,3.0,2.0,7.0,1.0,1.0,0.0,0.6,1.0,7.0,2.0,0.0,2.0,5.0,1.0,6.0,2.0,1.0,1.0,2.0,controle
4676,26.0,13.0,13.212867898699521,1.0,1.0,,,3.0,2.0,6.0,1.0,1.0,0.0,1.0,0.0,3.0,2.0,0.0,2.0,5.0,1.0,6.0,2.0,1.0,1.0,2.0,controle
4676,26.0,9.0,9.456536618754278,1.0,1.0,,,3.0,2.0,6.0,2.0,1.0,0.0,1.0,0.0,3.0,2.0,0.0,2.0,5.0,1.0,6.0,2.0,1.0,1.0,2.0,controle
4676,26.0,6.0,6.403832991101985,1.0,1.0,,,3.0,2.0,0.0,,1.0,0.0,1.0,0.0,0.0,1.0,0.0,2.0,5.0,1.0,6.0,2.0,1.0,1.0,2.0,controle
4747,26.0,37.0,37.215605749486656,1.0,1.0,,1.0,1.0,5.0,,,0.0,,,,,2.0,0.0,2.0,5.0,1.0,8.0,3.0,1.0,1.0,2.0,controle
4747,26.0,39.0,39.04175222450376,2.0,1.0,,2.0,2.0,5.0,,,0.0,,,,,4.0,0.0,2.0,5.0,1.0,8.0,3.0,1.0,1.0,2.0,controle
4747,26.0,5.0,5.514031485284052,2.0,1.0,,2.0,3.0,1.0,0.0,,1.0,0.0,1.0,1.0,,1.0,0.0,2.0,5.0,1.0,8.0,3.0,1.0,1.0,2.0,controle
4747,26.0,,0.7994524298425736,1.0,1.0,,2.0,3.0,1.0,,,0.0,1.0,,,,,0.0,2.0,5.0,1.0,8.0,3.0,1.0,1.0,2.0,controle
4747,26.0,18.0,17.883641341546888,1.0,1.0,2.0,2.0,8.0,5.0,,,0.0,,,,,3.0,0.0,2.0,5.0,1.0,8.0,3.0,1.0,1.0,2.0,controle
4759,26.0,50.0,50.95687885010267,1.0,3.0,3.0,2.0,1.0,5.0,,,0.0,,,,,2.0,0.0,2.0,3.0,1.0,9.0,4.0,0.0,1.0,2.0,controle
4759,26.0,45.0,45.93292265571526,2.0,3.0,3.0,2.0,2.0,5.0,,,0.0,,,,,,0.0,2.0,3.0,1.0,9.0,4.0,0.0,1.0,2.0,controle
4759,26.0,20.0,20.78028747433265,1.0,3.0,3.0,2.0,3.0,2.0,7.0,1.0,1.0,0.0,1.0,1.0,9.0,3.0,0.0,2.0,3.0,1.0,9.0,4.0,0.0,1.0,2.0,controle
4763,26.0,41.0,40.969199178644764,1.0,3.0,4.0,1.0,1.0,,,,,,,,,,0.0,,4.0,1.0,6.0,2.0,1.0,2.0,2.0,controle
4763,26.0,36.0,36.19164955509925,2.0,3.0,4.0,2.0,2.0,5.0,,,0.0,,,,,2.0,0.0,,4.0,1.0,6.0,2.0,1.0,2.0,2.0,controle
4763,26.0,15.0,15.186858316221766,1.0,3.0,4.0,2.0,3.0,2.0,5.0,1.0,1.0,0.0,1.0,1.0,5.0,2.0,0.0,,4.0,1.0,6.0,2.0,1.0,2.0,2.0,controle
4763,26.0,9.0,9.91375770020534,2.0,3.0,,2.0,3.0,2.0,,1.0,1.0,0.0,1.0,0.0,3.0,2.0,0.0,,4.0,1.0,6.0,2.0,1.0,2.0,2.0,controle
4789,26.0,31.0,31.739904175222453,1.0,3.0,4.0,2.0,1.0,5.0,,,0.0,,,,,2.0,0.0,2.0,4.0,1.0,9.0,3.0,1.0,1.0,,controle
4789,26.0,40.0,40.5119780971937,2.0,3.0,4.0,1.0,2.0,5.0,,,0.0,,,,,2.0,0.0,2.0,4.0,1.0,9.0,3.0,1.0,1.0,,controle
4789,26.0,12.0,12.870636550308008,2.0,3.0,,2.0,3.0,3.0,6.0,1.0,1.0,0.0,0.2,1.0,6.0,2.0,0.0,2.0,4.0,1.0,9.0,3.0,1.0,1.0,,controle
4789,26.0,4.0,4.955509924709103,1.0,3.0,,2.0,3.0,,,,,,0.2,1.0,,,0.0,2.0,4.0,1.0,9.0,3.0,1.0,1.0,,controle
4829,26.0,62.0,62.0,1.0,3.0,,2.0,1.0,5.0,,,0.0,,,,,2.0,0.0,2.0,5.0,1.0,6.0,3.0,1.0,1.0,2.0,controle
4829,26.0,58.0,58.49144421629021,2.0,1.0,,2.0,2.0,5.0,,,0.0,,,,,3.0,0.0,2.0,5.0,1.0,6.0,3.0,1.0,1.0,2.0,controle
4829,26.0,36.0,35.854893908282,1.0,3.0,,2.0,3.0,5.0,,,0.0,,,,,2.0,0.0,2.0,5.0,1.0,6.0,3.0,1.0,1.0,2.0,controle
4829,26.0,23.0,23.263518138261464,2.0,3.0,,2.0,3.0,1.0,,,0.0,1.0,,,,4.0,0.0,2.0,5.0,1.0,6.0,3.0,1.0,1.0,2.0,controle
4829,26.0,18.0,18.56536618754278,1.0,3.0,,2.0,5.0,3.0,7.0,1.0,1.0,0.0,1.0,0.0,10.0,3.0,0.0,2.0,5.0,1.0,6.0,3.0,1.0,1.0,2.0,controle
4836,26.0,23.0,23.561943874058862,2.0,3.0,3.0,1.0,1.0,5.0,,,0.0,,,,,2.0,0.0,2.0,4.0,1.0,6.0,3.0,1.0,1.0,1.0,controle
4836,26.0,36.0,36.0,1.0,3.0,,2.0,3.0,2.0,,,0.0,1.0,,,,,0.0,2.0,4.0,1.0,6.0,3.0,1.0,1.0,1.0,controle
4836,26.0,3.0,3.162217659137577,2.0,3.0,,2.0,3.0,5.0,,,0.0,,,,,,0.0,2.0,4.0,1.0,6.0,3.0,1.0,1.0,1.0,controle
4836,26.0,45.0,45.379876796714576,2.0,3.0,3.0,2.0,4.0,5.0,,,0.0,,,,,2.0,0.0,2.0,4.0,1.0,6.0,3.0,1.0,1.0,1.0,controle
4857,26.0,57.0,57.68377823408624,2.0,3.0,4.0,2.0,1.0,5.0,,,0.0,,,,,2.0,0.0,2.0,2.0,1.0,6.0,3.0,0.0,2.0,1.0,controle
4857,26.0,60.0,60.276522929500345,1.0,3.0,4.0,2.0,2.0,5.0,,,0.0,,,,,,0.0,2.0,2.0,1.0,6.0,3.0,0.0,2.0,1.0,controle
4867,26.0,49.0,48.479123887748116,1.0,2.0,4.0,2.0,1.0,5.0,,,0.0,,,,,2.0,0.0,2.0,3.0,1.0,6.0,3.0,1.0,2.0,1.0,controle
4867,26.0,43.0,44.824093086926766,2.0,2.0,4.0,2.0,2.0,5.0,,,0.0,,,,,4.0,0.0,2.0,3.0,1.0,6.0,3.0,1.0,2.0,1.0,controle
4867,26.0,23.0,24.487337440109513,1.0,2.0,3.0,2.0,3.0,5.0,,,0.0,,,,,3.0,0.0,2.0,3.0,1.0,6.0,3.0,1.0,2.0,1.0,controle
4867,26.0,21.0,21.311430527036276,1.0,,,,,,,,,,,,,,,2.0,3.0,1.0,6.0,3.0,1.0,2.0,1.0,
4867,26.0,19.0,19.693360711841205,1.0,,,,,,,,,,,,,,,2.0,3.0,1.0,6.0,3.0,1.0,2.0,1.0,
4885,26.0,30.0,30.71047227926078,1.0,,,,,,,,,,,,,,,,4.0,1.0,3.0,1.0,1.0,1.0,1.0,
4885,26.0,30.0,30.056125941136212,2.0,3.0,1.0,1.0,2.0,5.0,,,,,,,,,0.0,,4.0,1.0,3.0,1.0,1.0,1.0,1.0,controle
4885,26.0,10.0,10.338124572210814,2.0,3.0,,2.0,3.0,2.0,7.0,2.0,1.0,0.0,,0.0,4.0,2.0,0.0,,4.0,1.0,3.0,1.0,1.0,1.0,1.0,controle
4885,26.0,8.0,8.490075290896646,1.0,3.0,,2.0,3.0,2.0,7.0,1.0,1.0,0.0,,1.0,1.0,2.0,0.0,,4.0,1.0,3.0,1.0,1.0,1.0,1.0,controle
4885,26.0,0.0,0.0,2.0,3.0,,2.0,3.0,5.0,,,0.0,,,,,,0.0,,4.0,1.0,3.0,1.0,1.0,1.0,1.0,controle
4921,26.0,,,,,,,,5.0,,,0.0,,,,,2.0,0.0,,2.0,1.0,6.0,3.0,1.0,1.0,2.0,controle
4921,,,,,,,,,5.0,,,0.0,,,,,2.0,0.0,,2.0,1.0,6.0,3.0,1.0,1.0,2.0,controle
4944,26.0,,,,,,,,5.0,,,0.0,,,,,2.0,0.0,,3.0,1.0,6.0,2.0,1.0,1.0,1.0,controle
4944,,,,,,,,,3.0,,1.0,1.0,0.0,1.0,0.0,11.0,3.0,0.0,,3.0,1.0,6.0,2.0,1.0,1.0,1.0,controle
4944,,,,,,,,,3.0,,1.0,1.0,0.0,1.0,0.0,7.0,2.0,0.0,,3.0,1.0,6.0,2.0,1.0,1.0,1.0,controle
4944,,,,,,,,,,,,,,,,,,,,3.0,1.0,6.0,2.0,1.0,1.0,1.0,
4969,26.0,65.0,65.73032169746749,1.0,3.0,2.0,2.0,1.0,5.0,,,0.0,,,,,2.0,1.0,2.0,4.0,1.0,9.0,3.0,1.0,1.0,2.0,beneficiario
4969,26.0,62.0,63.175906913073234,2.0,3.0,1.0,2.0,2.0,5.0,,,0.0,,,,,2.0,1.0,2.0,4.0,1.0,9.0,3.0,1.0,1.0,2.0,beneficiario
4969,26.0,42.0,42.90485968514716,2.0,,,,,,,,,,,,,,,2.0,4.0,1.0,9.0,3.0,1.0,1.0,2.0,
4969,26.0,34.0,34.45859000684463,1.0,,,,,,,,,,,,,,,2.0,4.0,1.0,9.0,3.0,1.0,1.0,2.0,
4969,26.0,31.0,31.509924709103355,2.0,3.0,1.0,1.0,3.0,5.0,,,0.0,,,,,3.0,1.0,2.0,4.0,1.0,9.0,3.0,1.0,1.0,2.0,beneficiario
4969,26.0,10.0,10.08624229979466,2.0,3.0,,2.0,5.0,1.0,7.0,2.0,1.0,0.0,1.0,1.0,3.0,2.0,1.0,2.0,4.0,1.0,9.0,3.0,1.0,1.0,2.0,beneficiario
4985,26.0,48.0,48.88158795345653,1.0,,,,,,,,,,,,,,,2.0,4.0,1.0,3.0,2.0,0.0,2.0,1.0,
4985,26.0,29.0,29.823408624229977,2.0,3.0,1.0,1.0,1.0,2.0,,,0.0,1.0,,,,2.0,0.0,2.0,4.0,1.0,3.0,2.0,0.0,2.0,1.0,controle
4985,26.0,11.0,11.017111567419576,1.0,1.0,,2.0,3.0,2.0,7.0,1.0,1.0,0.0,1.0,1.0,3.0,2.0,0.0,2.0,4.0,1.0,3.0,2.0,0.0,2.0,1.0,controle
4985,26.0,8.0,8.262833675564682,1.0,1.0,,2.0,3.0,2.0,7.0,2.0,1.0,0.0,1.0,1.0,1.0,2.0,0.0,2.0,4.0,1.0,3.0,2.0,0.0,2.0,1.0,controle
4985,26.0,4.0,4.106776180698152,1.0,1.0,,2.0,3.0,1.0,,,1.0,0.0,1.0,1.0,,1.0,0.0,2.0,4.0,1.0,3.0,2.0,0.0,2.0,1.0,controle
4991,26.0,30.0,34.57631759069131,1.0,,,,,,,,,,,,,,,2.0,2.0,1.0,4.0,2.0,0.0,1.0,1.0,
4991,26.0,48.0,48.01368925393566,2.0,1.0,2.0,2.0,1.0,5.0,,,0.0,,,,,2.0,0.0,2.0,2.0,1.0,4.0,2.0,0.0,1.0,1.0,controle
4991,26.0,21.0,22.535249828884325,1.0,,,,,,,,,,,,,,,2.0,2.0,1.0,4.0,2.0,0.0,1.0,1.0,
4991,26.0,20.0,21.57700205338809,2.0,,,,,,,,,,,,,,,2.0,2.0,1.0,4.0,2.0,0.0,1.0,1.0,
4991,26.0,18.0,18.236824093086927,1.0,1.0,,2.0,3.0,5.0,,,0.0,,,,,2.0,0.0,2.0,2.0,1.0,4.0,2.0,0.0,1.0,1.0,controle
4991,26.0,9.0,9.516769336071185,2.0,,,,,,,,,,,,,,,2.0,2.0,1.0,4.0,2.0,0.0,1.0,1.0,
5017,26.0,60.0,60.6652977412731,2.0,1.0,1.0,2.0,1.0,5.0,,,0.0,,,,,2.0,0.0,2.0,3.0,1.0,6.0,2.0,1.0,2.0,1.0,controle
5017,26.0,40.0,40.2299794661191,2.0,1.0,1.0,2.0,3.0,3.0,,,1.0,0.0,1.0,0.0,,4.0,0.0,2.0,3.0,1.0,6.0,2.0,1.0,2.0,1.0,controle
5017,26.0,11.0,10.992470910335387,2.0,1.0,,2.0,5.0,3.0,,2.0,1.0,0.0,1.0,0.0,4.0,2.0,0.0,2.0,3.0,1.0,6.0,2.0,1.0,2.0,1.0,controle
5021,26.0,55.0,55.252566735112936,1.0,3.0,1.0,2.0,1.0,5.0,,,0.0,,,,,,0.0,,4.0,1.0,,3.0,2.0,2.0,1.0,controle
5021,26.0,46.0,46.338124572210816,2.0,3.0,3.0,2.0,2.0,5.0,,,0.0,,,,,,0.0,,4.0,1.0,,3.0,2.0,2.0,1.0,controle
5021,26.0,21.0,21.14715947980835,1.0,3.0,1.0,2.0,3.0,5.0,,,0.0,,,,,3.0,0.0,,4.0,1.0,,3.0,2.0,2.0,1.0,controle
5021,26.0,17.0,17.894592744695416,2.0,3.0,1.0,2.0,3.0,3.0,,1.0,1.0,0.0,,,10.0,3.0,0.0,,4.0,1.0,,3.0,2.0,2.0,1.0,controle
5023,26.0,35.0,35.36755646817249,1.0,3.0,4.0,2.0,1.0,5.0,,,0.0,,,,,3.0,0.0,3.0,4.0,1.0,5.0,2.0,1.0,1.0,2.0,controle
5023,26.0,34.0,34.365503080082135,2.0,3.0,1.0,1.0,2.0,5.0,,,0.0,,,,,3.0,0.0,3.0,4.0,1.0,5.0,2.0,1.0,1.0,2.0,controle
5023,26.0,7.0,7.928815879534565,1.0,3.0,,2.0,3.0,1.0,6.0,2.0,1.0,0.0,,0.0,2.0,2.0,0.0,3.0,4.0,1.0,5.0,2.0,1.0,1.0,2.0,controle
5023,26.0,4.0,4.761122518822725,2.0,3.0,,2.0,3.0,1.0,,,,,,0.0,,,0.0,3.0,4.0,1.0,5.0,2.0,1.0,1.0,2.0,controle
5027,26.0,39.0,39.58932238193019,1.0,1.0,4.0,2.0,1.0,5.0,,,,,,,,,0.0,,5.0,1.0,5.0,2.0,1.0,1.0,2.0,controle
5027,26.0,32.0,32.87337440109514,2.0,1.0,3.0,1.0,2.0,5.0,,,0.0,,,,,3.0,0.0,,5.0,1.0,5.0,2.0,1.0,1.0,2.0,controle
5027,26.0,13.0,13.314168377823409,1.0,1.0,,2.0,3.0,2.0,7.0,1.0,1.0,0.0,,0.0,5.0,2.0,0.0,,5.0,1.0,5.0,2.0,1.0,1.0,2.0,controle
5027,26.0,11.0,11.7782340862423,2.0,1.0,,2.0,10.0,2.0,6.0,2.0,1.0,0.0,1.0,1.0,6.0,2.0,0.0,,5.0,1.0,5.0,2.0,1.0,1.0,2.0,controle
5027,26.0,8.0,8.336755646817249,2.0,1.0,,2.0,3.0,2.0,7.0,2.0,1.0,0.0,,0.0,1.0,2.0,0.0,,5.0,1.0,5.0,2.0,1.0,1.0,2.0,controle
5055,26.0,44.0,44.92265571526352,2.0,3.0,4.0,2.0,1.0,5.0,,,1.0,,0.5,1.0,,1.0,0.0,1.0,2.0,1.0,4.0,1.0,1.0,1.0,2.0,controle
5055,26.0,19.0,19.340177960301162,2.0,3.0,3.0,2.0,3.0,3.0,,,1.0,0.0,1.0,1.0,9.0,3.0,0.0,1.0,2.0,1.0,4.0,1.0,1.0,1.0,2.0,controle
5076,26.0,51.0,51.40588637919233,2.0,3.0,,1.0,1.0,5.0,,,0.0,,,,,,,,3.0,1.0,5.0,3.0,1.0,1.0,2.0,
5076,26.0,57.0,57.53319644079398,1.0,3.0,,,2.0,5.0,,,0.0,,,,,,0.0,,3.0,1.0,5.0,3.0,1.0,1.0,2.0,controle
5076,26.0,29.0,29.43463381245722,1.0,,,,,,,,,,,,,,,,3.0,1.0,5.0,3.0,1.0,1.0,2.0,
5076,26.0,25.0,24.744695414099933,1.0,3.0,,,3.0,5.0,,,0.0,,,,,3.0,,,3.0,1.0,5.0,3.0,1.0,1.0,2.0,
5076,26.0,19.0,19.33196440793977,2.0,,,,,,,,,,,,,,,,3.0,1.0,5.0,3.0,1.0,1.0,2.0,
5076,,,,,,,,,,,,,,,,,,,,3.0,1.0,5.0,3.0,1.0,1.0,2.0,
5077,26.0,46.0,46.98699520876112,1.0,3.0,4.0,,1.0,5.0,,,0.0,,,,,,0.0,,5.0,1.0,4.0,2.0,1.0,1.0,2.0,controle
5077,26.0,43.0,43.88774811772758,2.0,3.0,4.0,1.0,2.0,5.0,,,0.0,,,,,2.0,0.0,,5.0,1.0,4.0,2.0,1.0,1.0,2.0,controle
5077,26.0,21.0,21.94387405886379,2.0,,,,,,,,,,,,,,,,5.0,1.0,4.0,2.0,1.0,1.0,2.0,
5077,26.0,19.0,19.939767282683093,1.0,3.0,4.0,,3.0,3.0,7.0,2.0,1.0,0.0,1.0,0.0,10.0,3.0,0.0,,5.0,1.0,4.0,2.0,1.0,1.0,2.0,controle
5077,26.0,18.0,18.833675564681723,1.0,3.0,4.0,,3.0,3.0,,,0.0,1.0,,,,,0.0,,5.0,1.0,4.0,2.0,1.0,1.0,2.0,controle
5077,26.0,11.0,16.91444216290212,2.0,3.0,,,3.0,2.0,7.0,2.0,1.0,0.0,1.0,0.0,6.0,2.0,0.0,,5.0,1.0,4.0,2.0,1.0,1.0,2.0,controle
5077,26.0,4.0,4.032854209445585,1.0,,,,,,,,,,,,,,,,5.0,1.0,4.0,2.0,1.0,1.0,2.0,
5089,26.0,34.0,35.23066392881588,2.0,3.0,4.0,1.0,2.0,5.0,,,1.0,,1.0,1.0,,1.0,0.0,1.0,5.0,1.0,3.0,1.0,1.0,1.0,1.0,controle
5089,26.0,34.0,35.43326488706366,1.0,3.0,4.0,,1.0,5.0,,,1.0,,1.0,0.0,,1.0,0.0,1.0,5.0,1.0,3.0,1.0,1.0,1.0,1.0,controle
5089,26.0,16.0,16.057494866529773,1.0,3.0,4.0,,3.0,2.0,6.0,1.0,1.0,0.0,1.0,0.0,6.0,2.0,0.0,1.0,5.0,1.0,3.0,1.0,1.0,1.0,1.0,controle
5089,26.0,14.0,14.737850787132102,1.0,3.0,4.0,,,,,,,,,,,,,1.0,5.0,1.0,3.0,1.0,1.0,1.0,1.0,
5089,26.0,13.0,13.724845995893224,1.0,3.0,,,3.0,2.0,6.0,1.0,1.0,0.0,1.0,0.0,5.0,2.0,0.0,1.0,5.0,1.0,3.0,1.0,1.0,1.0,1.0,controle
5089,26.0,10.0,10.913073237508556,2.0,3.0,,,3.0,2.0,6.0,2.0,1.0,0.0,1.0,0.0,5.0,2.0,0.0,1.0,5.0,1.0,3.0,1.0,1.0,1.0,1.0,controle
5092,26.0,25.0,25.138945927446954,2.0,1.0,3.0,1.0,2.0,5.0,,,0.0,,,,,,0.0,,5.0,1.0,5.0,2.0,1.0,1.0,2.0,controle
5092,26.0,31.0,30.806297056810404,1.0,3.0,3.0,,1.0,5.0,,,0.0,,,,,,0.0,,5.0,1.0,5.0,2.0,1.0,1.0,2.0,controle
5092,26.0,9.0,9.0,1.0,1.0,,,3.0,2.0,7.0,2.0,1.0,0.0,1.0,0.0,2.0,2.0,0.0,,5.0,1.0,5.0,2.0,1.0,1.0,2.0,controle
5092,26.0,6.0,6.146475017111567,2.0,1.0,,,3.0,2.0,0.0,2.0,1.0,0.0,1.0,0.0,,1.0,0.0,,5.0,1.0,5.0,2.0,1.0,1.0,2.0,controle
5092,26.0,3.0,3.9534565366187544,2.0,1.0,,,3.0,5.0,,,0.0,,,,,,0.0,,5.0,1.0,5.0,2.0,1.0,1.0,2.0,controle
5121,26.0,44.0,44.04106776180698,2.0,3.0,1.0,1.0,1.0,5.0,,,0.0,,,,,3.0,0.0,3.0,3.0,1.0,5.0,2.0,1.0,1.0,1.0,controle
5121,26.0,17.0,17.06776180698152,1.0,3.0,1.0,2.0,3.0,4.0,7.0,2.0,1.0,0.0,1.0,0.0,11.0,3.0,0.0,3.0,3.0,1.0,5.0,2.0,1.0,1.0,1.0,controle
5121,26.0,13.0,13.177275838466803,2.0,3.0,,2.0,3.0,3.0,7.0,2.0,1.0,0.0,1.0,0.0,7.0,2.0,0.0,3.0,3.0,1.0,5.0,2.0,1.0,1.0,1.0,controle
5123,26.0,46.0,46.677618069815196,1.0,3.0,,2.0,1.0,5.0,,,0.0,,,,,2.0,1.0,2.0,4.0,1.0,6.0,3.0,1.0,1.0,2.0,beneficiario
5123,26.0,39.0,39.531827515400416,2.0,1.0,,1.0,2.0,5.0,,,0.0,,,,,2.0,1.0,2.0,4.0,1.0,6.0,3.0,1.0,1.0,2.0,beneficiario
5123,26.0,20.0,20.66255989048597,2.0,1.0,,2.0,3.0,5.0,,,0.0,,,,,3.0,1.0,2.0,4.0,1.0,6.0,3.0,1.0,1.0,2.0,beneficiario
5123,26.0,12.0,11.794661190965092,1.0,1.0,,2.0,3.0,3.0,7.0,2.0,1.0,0.0,1.0,1.0,5.0,2.0,1.0,2.0,4.0,1.0,6.0,3.0,1.0,1.0,2.0,beneficiario
5164,26.0,43.0,43.241615331964404,1.0,3.0,,2.0,1.0,5.0,,,0.0,,,,,2.0,0.0,2.0,3.0,1.0,5.0,2.0,0.0,2.0,2.0,controle
5164,26.0,48.0,48.85694729637235,2.0,3.0,,1.0,6.0,5.0,,,0.0,,,,,,0.0,2.0,3.0,1.0,5.0,2.0,0.0,2.0,2.0,controle
5164,26.0,40.0,40.06570841889117,2.0,3.0,,2.0,6.0,5.0,,,0.0,,,,,2.0,0.0,2.0,3.0,1.0,5.0,2.0,0.0,2.0,2.0,controle
5204,26.0,62.0,60.57494866529774,1.0,3.0,,,1.0,1.0,,,0.0,1.0,,,,,0.0,,6.0,1.0,3.0,3.0,1.0,1.0,2.0,controle
5204,26.0,43.0,43.67419575633128,2.0,3.0,,1.0,2.0,1.0,,,0.0,1.0,,,,,0.0,,6.0,1.0,3.0,3.0,1.0,1.0,2.0,controle
5204,26.0,13.0,13.752224503764547,2.0,3.0,,,3.0,2.0,6.0,2.0,1.0,0.0,1.0,0.0,7.0,2.0,0.0,,6.0,1.0,3.0,3.0,1.0,1.0,2.0,controle
5204,26.0,11.0,11.422313483915126,2.0,3.0,,,3.0,2.0,,,0.0,1.0,,,,,0.0,,6.0,1.0,3.0,3.0,1.0,1.0,2.0,controle
5204,26.0,8.0,8.9637234770705,2.0,3.0,,,3.0,2.0,5.0,2.0,1.0,0.0,1.0,0.0,2.0,2.0,0.0,,6.0,1.0,3.0,3.0,1.0,1.0,2.0,controle
5204,,,,,,,,,2.0,,2.0,1.0,0.0,1.0,0.0,,1.0,0.0,,6.0,1.0,3.0,3.0,1.0,1.0,2.0,controle
5216,26.0,45.0,45.98220396988364,1.0,3.0,1.0,2.0,1.0,5.0,,,0.0,,,,,3.0,0.0,3.0,9.0,1.0,6.0,2.0,1.0,1.0,1.0,controle
5216,26.0,37.0,37.69199178644764,2.0,3.0,1.0,2.0,2.0,5.0,,,0.0,,,,,,0.0,3.0,9.0,1.0,6.0,2.0,1.0,1.0,1.0,controle
5216,26.0,28.0,27.76728268309377,1.0,3.0,1.0,2.0,3.0,3.0,,,1.0,0.0,1.0,0.0,,3.0,0.0,3.0,9.0,1.0,6.0,2.0,1.0,1.0,1.0,controle
5216,26.0,25.0,25.29226557152635,2.0,3.0,4.0,2.0,3.0,5.0,,,0.0,,,,,,0.0,3.0,9.0,1.0,6.0,2.0,1.0,1.0,1.0,controle
5216,26.0,17.0,17.71937029431896,2.0,3.0,1.0,2.0,3.0,1.0,6.0,1.0,1.0,0.0,1.0,0.0,1.0,2.0,0.0,3.0,9.0,1.0,6.0,2.0,1.0,1.0,1.0,controle
5216,26.0,15.0,15.652292950034221,2.0,,,,,,,,,,,,,,,3.0,9.0,1.0,6.0,2.0,1.0,1.0,1.0,
5216,26.0,69.0,69.0485968514716,2.0,3.0,1.0,2.0,4.0,5.0,,,0.0,,,,,,0.0,3.0,9.0,1.0,6.0,2.0,1.0,1.0,1.0,controle
5216,26.0,0.0,0.02190280629705681,2.0,,,2.0,5.0,5.0,,,0.0,,,,,,0.0,3.0,9.0,1.0,6.0,2.0,1.0,1.0,1.0,controle
5217,26.0,60.0,60.583162217659144,1.0,2.0,1.0,2.0,1.0,5.0,,,0.0,,,,,2.0,0.0,2.0,3.0,1.0,6.0,2.0,1.0,1.0,2.0,controle
5217,26.0,60.0,60.276522929500345,2.0,3.0,1.0,1.0,2.0,5.0,,,0.0,,,,,2.0,0.0,2.0,3.0,1.0,6.0,2.0,1.0,1.0,2.0,controle
5217,26.0,33.0,32.85968514715948,1.0,,,,,,,,,,,,,,,2.0,3.0,1.0,6.0,2.0,1.0,1.0,2.0,
5217,26.0,30.0,30.258726899383984,2.0,,,,,,,,,,,,,,,2.0,3.0,1.0,6.0,2.0,1.0,1.0,2.0,
5217,26.0,25.0,25.809719370294317,2.0,3.0,,2.0,3.0,5.0,,,0.0,,,,,3.0,0.0,2.0,3.0,1.0,6.0,2.0,1.0,1.0,2.0,controle
5230,26.0,69.0,69.01848049281314,1.0,1.0,1.0,2.0,1.0,5.0,,,0.0,,,,,,1.0,,5.0,1.0,6.0,3.0,1.0,1.0,1.0,beneficiario
5230,26.0,69.0,69.08145106091717,2.0,1.0,1.0,,2.0,5.0,,,0.0,,,,,,1.0,,5.0,1.0,6.0,3.0,1.0,1.0,1.0,beneficiario
5230,26.0,41.0,41.77686516084873,2.0,1.0,,1.0,3.0,5.0,,,0.0,,,,,,1.0,,5.0,1.0,6.0,3.0,1.0,1.0,1.0,beneficiario
5230,26.0,9.0,9.478439425051334,2.0,1.0,,,5.0,2.0,6.0,2.0,1.0,0.0,1.0,0.0,3.0,2.0,1.0,,5.0,1.0,6.0,3.0,1.0,1.0,1.0,beneficiario
5230,26.0,9.0,9.478439425051334,2.0,1.0,,,5.0,2.0,,,1.0,0.0,1.0,0.0,3.0,2.0,1.0,,5.0,1.0,6.0,3.0,1.0,1.0,1.0,beneficiario
5230,,,,,,,,,,,,,,,,,,,,5.0,1.0,6.0,3.0,1.0,1.0,1.0,
5232,26.0,45.0,45.040383299110196,2.0,3.0,,2.0,1.0,2.0,,,0.0,1.0,,,,,0.0,,3.0,1.0,4.0,1.0,1.0,1.0,2.0,controle
5232,26.0,12.0,12.438056125941138,1.0,3.0,,2.0,3.0,2.0,7.0,2.0,1.0,0.0,1.0,0.0,6.0,2.0,0.0,,3.0,1.0,4.0,1.0,1.0,1.0,2.0,controle
5232,26.0,9.0,8.11772758384668,1.0,3.0,,2.0,3.0,2.0,7.0,1.0,1.0,0.0,0.8,1.0,2.0,2.0,0.0,,3.0,1.0,4.0,1.0,1.0,1.0,2.0,controle
5232,26.0,21.0,17.182751540041068,2.0,,,,,,,,,,,,,,,,3.0,1.0,4.0,1.0,1.0,1.0,2.0,
5232,26.0,5.0,5.1854893908282,2.0,,,,,,,,,,,,,,,,3.0,1.0,4.0,1.0,1.0,1.0,2.0,
5278,26.0,,86.46132785763176,2.0,,,,,,,,,,,,,,,2.0,1.0,1.0,3.0,1.0,0.0,1.0,2.0,
5278,26.0,55.0,55.15947980835044,1.0,1.0,,2.0,1.0,5.0,,,0.0,,,,,2.0,0.0,2.0,1.0,1.0,3.0,1.0,0.0,1.0,2.0,controle
5307,26.0,37.0,36.04654346338125,2.0,3.0,4.0,2.0,1.0,5.0,,,0.0,,,,,3.0,0.0,3.0,4.0,1.0,6.0,2.0,1.0,1.0,2.0,controle
5307,26.0,38.0,37.72210814510609,1.0,1.0,1.0,2.0,2.0,5.0,,,0.0,,,,,3.0,0.0,3.0,4.0,1.0,6.0,2.0,1.0,1.0,2.0,controle
5307,26.0,11.0,11.408624229979466,2.0,3.0,,2.0,3.0,1.0,7.0,2.0,1.0,0.0,1.0,0.0,4.0,2.0,0.0,3.0,4.0,1.0,6.0,2.0,1.0,1.0,2.0,controle
5307,26.0,7.0,7.329226557152635,2.0,1.0,,2.0,3.0,1.0,6.0,2.0,1.0,0.0,1.0,1.0,1.0,2.0,0.0,3.0,4.0,1.0,6.0,2.0,1.0,1.0,2.0,controle
5318,26.0,60.0,60.62149212867899,2.0,3.0,,2.0,1.0,5.0,,,0.0,,,,,2.0,0.0,2.0,4.0,1.0,4.0,2.0,1.0,1.0,2.0,controle
5318,26.0,26.0,26.231348391512665,2.0,3.0,3.0,,3.0,5.0,,,0.0,,,,,3.0,0.0,2.0,4.0,1.0,4.0,2.0,1.0,1.0,2.0,controle
5318,26.0,8.0,8.279260780287474,1.0,3.0,,,5.0,2.0,6.0,2.0,1.0,0.0,1.0,0.0,1.0,2.0,0.0,2.0,4.0,1.0,4.0,2.0,1.0,1.0,2.0,controle
5318,26.0,27.0,27.271731690622858,1.0,3.0,1.0,,7.0,5.0,,,0.0,,,,,2.0,0.0,2.0,4.0,1.0,4.0,2.0,1.0,1.0,2.0,controle
5321,26.0,45.0,44.865160848733744,1.0,,,,,,,,,,,,,,,,2.0,1.0,6.0,2.0,1.0,1.0,2.0,
5321,26.0,45.0,45.51950718685831,2.0,3.0,3.0,1.0,1.0,5.0,,,0.0,,,,,,0.0,,2.0,1.0,6.0,2.0,1.0,1.0,2.0,controle
5321,26.0,24.0,23.405886379192335,2.0,3.0,,,3.0,3.0,,,1.0,0.0,1.0,1.0,,,0.0,,2.0,1.0,6.0,2.0,1.0,1.0,2.0,controle
5321,26.0,21.0,21.69199178644764,1.0,,,,,,,,,,,,,,,,2.0,1.0,6.0,2.0,1.0,1.0,2.0,
5321,26.0,25.0,26.01505817932923,2.0,,,,,,,,,,,,,,,,2.0,1.0,6.0,2.0,1.0,1.0,2.0,
5321,26.0,4.0,4.334017796030117,2.0,,,,,,,,,,,,,,,,2.0,1.0,6.0,2.0,1.0,1.0,2.0,
5337,26.0,30.0,30.14373716632444,2.0,1.0,1.0,1.0,1.0,5.0,,,0.0,,,,,3.0,0.0,3.0,4.0,1.0,5.0,2.0,1.0,1.0,1.0,controle
5337,26.0,11.0,10.69678302532512,1.0,1.0,,2.0,3.0,2.0,,,0.0,1.0,,,,,0.0,3.0,4.0,1.0,5.0,2.0,1.0,1.0,1.0,controle
5337,26.0,7.0,7.4798083504449,1.0,1.0,,2.0,3.0,2.0,,,0.0,1.0,,,,,0.0,3.0,4.0,1.0,5.0,2.0,1.0,1.0,1.0,controle
5337,26.0,30.0,30.62012320328542,1.0,1.0,1.0,2.0,2.0,5.0,,,0.0,,,,,2.0,0.0,3.0,4.0,1.0,5.0,2.0,1.0,1.0,1.0,controle
5343,26.0,29.0,29.232032854209447,1.0,1.0,3.0,2.0,1.0,5.0,,,0.0,,,,,2.0,1.0,2.0,6.0,1.0,9.0,3.0,2.0,1.0,2.0,beneficiario
5343,26.0,37.0,37.163586584531146,2.0,3.0,3.0,2.0,2.0,4.0,,,1.0,0.0,1.0,0.0,,4.0,1.0,2.0,6.0,1.0,9.0,3.0,2.0,1.0,2.0,beneficiario
5343,26.0,11.0,11.137577002053387,1.0,3.0,,2.0,3.0,1.0,6.0,2.0,1.0,0.0,0.8,1.0,5.0,2.0,1.0,2.0,6.0,1.0,9.0,3.0,2.0,1.0,2.0,beneficiario
5343,26.0,8.0,8.941820670773444,1.0,3.0,,2.0,3.0,1.0,6.0,2.0,1.0,0.0,1.0,0.0,3.0,2.0,1.0,2.0,6.0,1.0,9.0,3.0,2.0,1.0,2.0,beneficiario
5343,26.0,7.0,7.356605065023956,1.0,3.0,,2.0,3.0,1.0,6.0,2.0,1.0,0.0,1.0,0.0,1.0,2.0,1.0,2.0,6.0,1.0,9.0,3.0,2.0,1.0,2.0,beneficiario
5343,26.0,4.0,4.895277207392197,2.0,1.0,,2.0,3.0,1.0,,,1.0,0.0,1.0,0.0,,1.0,1.0,2.0,6.0,1.0,9.0,3.0,2.0,1.0,2.0,beneficiario
5357,26.0,46.0,46.266940451745384,1.0,1.0,4.0,2.0,1.0,5.0,,,0.0,,,,,2.0,0.0,2.0,5.0,1.0,5.0,1.0,1.0,2.0,1.0,controle
5357,26.0,33.0,33.987679671457904,2.0,1.0,4.0,1.0,2.0,5.0,,,0.0,,,,,2.0,0.0,2.0,5.0,1.0,5.0,1.0,1.0,2.0,1.0,controle
5357,26.0,13.0,13.60438056125941,1.0,1.0,,2.0,3.0,2.0,7.0,2.0,1.0,0.0,1.0,0.0,5.0,2.0,0.0,2.0,5.0,1.0,5.0,1.0,1.0,2.0,1.0,controle
5357,26.0,12.0,12.186173853524982,1.0,1.0,,2.0,3.0,2.0,6.0,2.0,1.0,0.0,1.0,0.0,5.0,2.0,0.0,2.0,5.0,1.0,5.0,1.0,1.0,2.0,1.0,controle
5357,26.0,7.0,7.118412046543463,1.0,1.0,,2.0,3.0,2.0,7.0,2.0,1.0,0.0,1.0,0.0,1.0,2.0,0.0,2.0,5.0,1.0,5.0,1.0,1.0,2.0,1.0,controle
5362,26.0,23.0,24.47091033538672,1.0,,,,,,,,,,,,,,,2.0,2.0,1.0,4.0,2.0,1.0,2.0,1.0,
5362,26.0,26.0,26.31895961670089,2.0,3.0,4.0,2.0,1.0,2.0,,,0.0,1.0,,,,2.0,0.0,2.0,2.0,1.0,4.0,2.0,1.0,2.0,1.0,controle
5362,26.0,1.0,1.2238193018480492,1.0,3.0,,2.0,3.0,5.0,,,0.0,,,,,,0.0,2.0,2.0,1.0,4.0,2.0,1.0,2.0,1.0,controle
5371,26.0,45.0,45.89185489390828,1.0,1.0,,1.0,1.0,5.0,,,0.0,,,,,,0.0,,4.0,1.0,3.0,1.0,1.0,1.0,1.0,controle
5371,26.0,43.0,42.313483915126625,2.0,3.0,,1.0,2.0,5.0,,,0.0,,,,,,0.0,,4.0,1.0,3.0,1.0,1.0,1.0,1.0,controle
5371,26.0,22.0,22.414784394250514,2.0,1.0,,2.0,3.0,5.0,,,0.0,,,,,3.0,0.0,,4.0,1.0,3.0,1.0,1.0,1.0,1.0,controle
5371,26.0,18.0,,1.0,,,,,,,,,,,,,,,,4.0,1.0,3.0,1.0,1.0,1.0,1.0,
5371,26.0,12.0,12.386036960985628,1.0,1.0,,2.0,3.0,3.0,7.0,2.0,1.0,0.0,,,6.0,2.0,0.0,,4.0,1.0,3.0,1.0,1.0,1.0,1.0,controle
5387,26.0,35.0,35.493497604380565,2.0,1.0,3.0,2.0,1.0,5.0,,,0.0,,,,,2.0,0.0,2.0,4.0,1.0,8.0,2.0,1.0,1.0,2.0,controle
5387,26.0,31.0,39.18412046543463,1.0,1.0,3.0,2.0,2.0,5.0,,,0.0,,,,,3.0,0.0,2.0,4.0,1.0,8.0,2.0,1.0,1.0,2.0,controle
5387,26.0,12.0,12.481861738535251,2.0,1.0,,2.0,3.0,2.0,7.0,2.0,1.0,0.0,1.0,1.0,6.0,2.0,0.0,2.0,4.0,1.0,8.0,2.0,1.0,1.0,2.0,controle
5387,26.0,4.0,4.714579055441479,1.0,1.0,,,3.0,1.0,,,1.0,0.0,1.0,0.0,,1.0,0.0,2.0,4.0,1.0,8.0,2.0,1.0,1.0,2.0,controle
5402,26.0,37.0,37.28405201916495,1.0,3.0,4.0,,1.0,5.0,,,0.0,,,,,2.0,0.0,2.0,4.0,1.0,6.0,2.0,0.0,2.0,2.0,controle
5402,26.0,38.0,38.27515400410678,2.0,3.0,4.0,1.0,2.0,5.0,,,0.0,,,,,2.0,0.0,2.0,4.0,1.0,6.0,2.0,0.0,2.0,2.0,controle
5402,26.0,10.0,10.168377823408624,2.0,1.0,,,3.0,2.0,,2.0,1.0,0.0,1.0,0.0,3.0,2.0,0.0,2.0,4.0,1.0,6.0,2.0,0.0,2.0,2.0,controle
5402,26.0,6.0,16.54483230663929,1.0,3.0,,,3.0,2.0,,,0.0,1.0,,,,,0.0,2.0,4.0,1.0,6.0,2.0,0.0,2.0,2.0,controle
5420,26.0,52.0,52.0,1.0,3.0,4.0,2.0,1.0,5.0,,,0.0,,,,,2.0,1.0,2.0,2.0,1.0,6.0,2.0,1.0,1.0,2.0,beneficiario
5420,26.0,61.0,61.0,2.0,3.0,4.0,1.0,2.0,5.0,,,0.0,,,,,2.0,1.0,2.0,2.0,1.0,6.0,2.0,1.0,1.0,2.0,beneficiario
5428,26.0,51.0,51.13483915126626,1.0,3.0,3.0,2.0,1.0,1.0,,,0.0,1.0,,,,2.0,0.0,2.0,11.0,1.0,,,1.0,1.0,2.0,controle
5428,26.0,39.0,39.096509240246405,2.0,3.0,3.0,1.0,2.0,1.0,,,0.0,1.0,,,,2.0,0.0,2.0,11.0,1.0,,,1.0,1.0,2.0,controle
5428,26.0,19.0,19.479808350444902,1.0,3.0,3.0,2.0,2.0,2.0,,,0.0,1.0,,,,,0.0,2.0,11.0,1.0,,,1.0,1.0,2.0,controle
5428,26.0,16.0,16.78576317590691,2.0,3.0,3.0,2.0,2.0,2.0,7.0,2.0,1.0,0.0,,0.0,8.0,2.0,0.0,2.0,11.0,1.0,,,1.0,1.0,2.0,controle
5428,26.0,14.0,15.342915811088295,2.0,3.0,3.0,2.0,2.0,2.0,7.0,1.0,1.0,0.0,,0.0,4.0,2.0,0.0,2.0,11.0,1.0,,,1.0,1.0,2.0,controle
5428,26.0,13.0,13.541409993155373,1.0,3.0,,2.0,2.0,2.0,7.0,1.0,1.0,0.0,,0.0,1.0,2.0,0.0,2.0,11.0,1.0,,,1.0,1.0,2.0,controle
5428,26.0,12.0,12.41615331964408,1.0,3.0,,2.0,2.0,2.0,7.0,1.0,1.0,0.0,,0.0,1.0,2.0,0.0,2.0,11.0,1.0,,,1.0,1.0,2.0,controle
5428,26.0,9.0,9.415468856947296,1.0,3.0,,2.0,2.0,2.0,7.0,1.0,1.0,0.0,,0.0,1.0,2.0,0.0,2.0,11.0,1.0,,,1.0,1.0,2.0,controle
5428,26.0,7.0,7.436002737850787,1.0,3.0,,,,2.0,7.0,2.0,1.0,0.0,,0.0,,2.0,0.0,2.0,11.0,1.0,,,1.0,1.0,2.0,controle
5428,26.0,22.0,22.316221765913756,1.0,3.0,3.0,2.0,2.0,1.0,,,0.0,1.0,,,,2.0,0.0,2.0,11.0,1.0,,,1.0,1.0,2.0,controle
5428,26.0,3.0,2.7980835044490076,1.0,3.0,,2.0,2.0,1.0,,,0.0,1.0,,,,,0.0,2.0,11.0,1.0,,,1.0,1.0,2.0,controle
5475,26.0,67.0,67.66050650239562,1.0,2.0,4.0,2.0,1.0,5.0,,,0.0,,,,,2.0,0.0,2.0,5.0,1.0,7.0,3.0,1.0,1.0,2.0,controle
5475,26.0,39.0,39.61670088980151,2.0,3.0,4.0,1.0,2.0,5.0,,,0.0,,,,,2.0,0.0,2.0,5.0,1.0,7.0,3.0,1.0,1.0,2.0,controle
5475,26.0,11.0,11.003422313483915,2.0,3.0,,2.0,3.0,2.0,8.0,2.0,1.0,0.0,1.0,0.0,4.0,2.0,0.0,2.0,5.0,1.0,7.0,3.0,1.0,1.0,2.0,controle
5475,26.0,6.0,6.929500342231349,2.0,2.0,,2.0,3.0,2.0,0.0,,1.0,0.0,1.0,0.0,0.0,1.0,0.0,2.0,5.0,1.0,7.0,3.0,1.0,1.0,2.0,controle
5475,26.0,4.0,3.972621492128679,2.0,3.0,,2.0,3.0,5.0,,,0.0,,,,,,0.0,2.0,5.0,1.0,7.0,3.0,1.0,1.0,2.0,controle
5517,26.0,42.0,45.634496919917865,1.0,1.0,4.0,,12.0,5.0,,,0.0,,,,,2.0,1.0,,6.0,1.0,4.0,2.0,1.0,2.0,2.0,beneficiario
5517,26.0,40.0,40.4435318275154,2.0,1.0,4.0,1.0,2.0,5.0,,,0.0,,,,,2.0,1.0,,6.0,1.0,4.0,2.0,1.0,2.0,2.0,beneficiario
5517,26.0,20.0,20.087611225188226,1.0,1.0,4.0,2.0,3.0,5.0,,,0.0,,,,,2.0,1.0,,6.0,1.0,4.0,2.0,1.0,2.0,2.0,beneficiario
5517,26.0,17.0,17.75496235455168,1.0,1.0,4.0,2.0,3.0,5.0,,,0.0,,,,,2.0,1.0,,6.0,1.0,4.0,2.0,1.0,2.0,2.0,beneficiario
5517,26.0,8.0,8.63791923340178,1.0,1.0,,2.0,3.0,2.0,7.0,2.0,1.0,0.0,1.0,1.0,2.0,2.0,1.0,,6.0,1.0,4.0,2.0,1.0,2.0,2.0,beneficiario
5517,26.0,0.0,0.6543463381245722,1.0,1.0,,2.0,3.0,5.0,,,0.0,,,,,,1.0,,6.0,1.0,4.0,2.0,1.0,2.0,2.0,beneficiario
5517,26.0,22.0,22.387405886379195,2.0,,,,,,,,,,,,,,,,6.0,1.0,4.0,2.0,1.0,2.0,2.0,
5517,26.0,4.0,4.413415468856947,1.0,,,,,,,,,,,,,,,,6.0,1.0,4.0,2.0,1.0,2.0,2.0,
5530,26.0,56.0,56.15605749486654,2.0,1.0,4.0,2.0,1.0,5.0,,,0.0,,,,,2.0,1.0,2.0,2.0,1.0,6.0,2.0,1.0,1.0,2.0,beneficiario
5530,26.0,32.0,32.50102669404517,2.0,1.0,4.0,1.0,3.0,5.0,,,0.0,,,,,2.0,1.0,2.0,2.0,1.0,6.0,2.0,1.0,1.0,2.0,beneficiario
5584,27.0,66.0,66.29158110882956,1.0,3.0,4.0,2.0,1.0,5.0,,,0.0,,,,,,1.0,,2.0,1.0,4.0,1.0,0.0,2.0,2.0,beneficiario
5584,27.0,63.0,63.87679671457905,2.0,3.0,4.0,2.0,2.0,5.0,,,0.0,,,,,,1.0,,2.0,1.0,4.0,1.0,0.0,2.0,2.0,beneficiario
5646,27.0,84.0,83.5728952772074,1.0,,,,,,,,,,,,,,,,4.0,1.0,6.0,3.0,1.0,1.0,2.0,
5646,27.0,70.0,69.8672142368241,2.0,2.0,4.0,2.0,2.0,5.0,,,0.0,,,,,,0.0,,4.0,1.0,6.0,3.0,1.0,1.0,2.0,controle
5646,27.0,25.0,25.26488706365503,1.0,,,,,,,,,,,,,,,,4.0,1.0,6.0,3.0,1.0,1.0,2.0,
5646,27.0,16.0,16.128678986995208,2.0,3.0,4.0,2.0,5.0,2.0,7.0,1.0,1.0,0.0,1.0,0.0,9.0,3.0,0.0,,4.0,1.0,6.0,3.0,1.0,1.0,2.0,controle
5646,27.0,42.0,42.600958247775495,2.0,,,,,,,,,,,,,,,,4.0,1.0,6.0,3.0,1.0,1.0,2.0,
5646,27.0,20.0,19.994524298425734,2.0,,,,,,,,,,,,,,,,4.0,1.0,6.0,3.0,1.0,1.0,2.0,
5646,27.0,22.0,12.829568788501026,2.0,,,,,,,,,,,,,,,,4.0,1.0,6.0,3.0,1.0,1.0,2.0,
5646,27.0,31.0,31.348391512662563,1.0,,,,,,,,,,,,,,,,4.0,1.0,6.0,3.0,1.0,1.0,2.0,
5646,27.0,20.0,20.605065023956193,2.0,,,,,,,,,,,,,,,,4.0,1.0,6.0,3.0,1.0,1.0,2.0,
5646,27.0,4.0,4.120465434633813,1.0,,,,,,,,,,,,,,,,4.0,1.0,6.0,3.0,1.0,1.0,2.0,
5646,27.0,11.0,11.6331279945243,1.0,3.0,,2.0,5.0,2.0,7.0,1.0,1.0,0.0,1.0,0.0,3.0,2.0,0.0,,4.0,1.0,6.0,3.0,1.0,1.0,2.0,controle
5646,27.0,17.0,17.073237508555785,1.0,3.0,4.0,2.0,5.0,2.0,7.0,1.0,1.0,0.0,1.0,0.0,6.0,2.0,0.0,,4.0,1.0,6.0,3.0,1.0,1.0,2.0,controle
5666,27.0,53.0,53.78507871321013,1.0,1.0,4.0,2.0,1.0,5.0,,,0.0,,,,,,0.0,,6.0,2.0,4.0,1.0,0.0,2.0,2.0,controle
5666,27.0,47.0,47.082819986310746,2.0,1.0,4.0,1.0,2.0,2.0,,,0.0,1.0,,,,,0.0,,6.0,2.0,4.0,1.0,0.0,2.0,2.0,controle
5666,27.0,25.0,25.013004791238878,2.0,1.0,,2.0,3.0,5.0,,,0.0,,,,,3.0,0.0,,6.0,2.0,4.0,1.0,0.0,2.0,2.0,controle
5666,27.0,26.0,26.354551676933607,2.0,1.0,,1.0,3.0,5.0,,,0.0,,,,,2.0,0.0,,6.0,2.0,4.0,1.0,0.0,2.0,2.0,controle
5666,27.0,6.0,2.195756331279945,2.0,3.0,,,5.0,2.0,,,1.0,0.0,,,0.0,1.0,0.0,,6.0,2.0,4.0,1.0,0.0,2.0,2.0,controle
5666,27.0,4.0,4.681724845995893,1.0,3.0,,,5.0,2.0,,,1.0,0.0,0.8,1.0,0.0,1.0,0.0,,6.0,2.0,4.0,1.0,0.0,2.0,2.0,controle
5697,27.0,47.0,47.189596167008894,2.0,1.0,4.0,2.0,1.0,5.0,,,0.0,,,,,3.0,0.0,3.0,2.0,1.0,3.0,2.0,1.0,1.0,1.0,controle
5697,27.0,27.0,27.772758384668037,1.0,2.0,1.0,2.0,2.0,5.0,,,0.0,,,,,3.0,0.0,3.0,2.0,1.0,3.0,2.0,1.0,1.0,1.0,controle
5697,27.0,30.0,30.581793292265573,1.0,,,,,,,,,,,,,,,3.0,2.0,1.0,3.0,2.0,1.0,1.0,1.0,
5697,27.0,31.0,31.586584531143053,2.0,,,,,,,,,,,,,,,3.0,2.0,1.0,3.0,2.0,1.0,1.0,1.0,
5697,27.0,8.0,8.046543463381246,2.0,,,,,,,,,,,,,,,3.0,2.0,1.0,3.0,2.0,1.0,1.0,1.0,
5697,27.0,6.0,6.5927446954141,1.0,,,,,,,,,,,,,,,3.0,2.0,1.0,3.0,2.0,1.0,1.0,1.0,
5697,27.0,3.0,4.20807665982204,2.0,,,,,,,,,,,,,,,3.0,2.0,1.0,3.0,2.0,1.0,1.0,1.0,
5709,27.0,78.0,78.15468856947297,2.0,,,,,,,,,,,,,,,3.0,3.0,1.0,5.0,2.0,1.0,1.0,1.0,
5709,27.0,39.0,41.79329226557152,2.0,3.0,,2.0,1.0,5.0,,,0.0,,,,,3.0,0.0,3.0,3.0,1.0,5.0,2.0,1.0,1.0,1.0,controle
5709,27.0,22.0,22.2258726899384,2.0,1.0,,1.0,6.0,3.0,,,1.0,0.0,,0.0,10.0,3.0,0.0,3.0,3.0,1.0,5.0,2.0,1.0,1.0,1.0,controle
5709,27.0,7.0,7.652292950034223,2.0,1.0,,2.0,8.0,1.0,7.0,2.0,1.0,0.0,1.0,0.0,1.0,2.0,0.0,3.0,3.0,1.0,5.0,2.0,1.0,1.0,1.0,controle
5724,27.0,44.0,44.85420944558522,1.0,1.0,3.0,2.0,1.0,5.0,,,0.0,,,,,2.0,0.0,2.0,3.0,1.0,5.0,2.0,1.0,1.0,2.0,controle
5724,27.0,43.0,43.07734428473648,2.0,1.0,4.0,1.0,2.0,5.0,,,0.0,,,,,,0.0,2.0,3.0,1.0,5.0,2.0,1.0,1.0,2.0,controle
5724,27.0,18.0,18.924024640657084,2.0,,,,,,,,,,,,,,,2.0,3.0,1.0,5.0,2.0,1.0,1.0,2.0,
5724,27.0,17.0,17.281314168377822,1.0,,,,,,,,,,,,,,,2.0,3.0,1.0,5.0,2.0,1.0,1.0,2.0,
5724,27.0,15.0,15.794661190965094,2.0,3.0,,2.0,3.0,3.0,7.0,2.0,1.0,0.0,1.0,0.0,9.0,3.0,0.0,2.0,3.0,1.0,5.0,2.0,1.0,1.0,2.0,controle
5738,27.0,44.0,44.323066392881586,1.0,2.0,4.0,2.0,1.0,5.0,,,0.0,,,,,3.0,0.0,3.0,3.0,1.0,3.0,1.0,1.0,1.0,2.0,controle
5738,27.0,43.0,43.5482546201232,2.0,1.0,4.0,1.0,2.0,5.0,,,0.0,,,,,2.0,0.0,3.0,3.0,1.0,3.0,1.0,1.0,1.0,2.0,controle
5738,27.0,21.0,21.607118412046542,2.0,,,,,,,,,,,,,,,3.0,3.0,1.0,3.0,1.0,1.0,1.0,2.0,
5738,27.0,7.0,7.222450376454484,1.0,1.0,,2.0,3.0,3.0,,2.0,1.0,0.0,1.0,1.0,1.0,2.0,0.0,3.0,3.0,1.0,3.0,1.0,1.0,1.0,2.0,controle
5792,27.0,58.0,58.5927446954141,2.0,1.0,1.0,1.0,1.0,5.0,,,0.0,,,,,2.0,0.0,2.0,10.0,,8.0,4.0,1.0,1.0,2.0,controle
5792,27.0,61.0,61.71115674195756,1.0,1.0,4.0,2.0,2.0,5.0,,,0.0,,,,,2.0,0.0,2.0,10.0,,8.0,4.0,1.0,1.0,2.0,controle
5792,27.0,26.0,26.4476386036961,1.0,3.0,,,,5.0,,,0.0,,,,,3.0,0.0,2.0,10.0,,8.0,4.0,1.0,1.0,2.0,controle
5792,27.0,13.0,13.864476386036962,1.0,3.0,,2.0,5.0,3.0,7.0,1.0,1.0,0.0,1.0,1.0,5.0,2.0,0.0,2.0,10.0,,8.0,4.0,1.0,1.0,2.0,controle
5792,27.0,12.0,12.80766598220397,2.0,3.0,,2.0,5.0,2.0,7.0,1.0,1.0,0.0,1.0,1.0,2.0,2.0,0.0,2.0,10.0,,8.0,4.0,1.0,1.0,2.0,controle
5792,27.0,40.0,40.591375770020534,2.0,3.0,1.0,1.0,5.0,5.0,,,0.0,,,,,2.0,0.0,2.0,10.0,,8.0,4.0,1.0,1.0,2.0,controle
5792,27.0,17.0,11.203285420944558,2.0,3.0,,2.0,5.0,3.0,8.0,1.0,1.0,0.0,1.0,1.0,6.0,2.0,0.0,2.0,10.0,,8.0,4.0,1.0,1.0,2.0,controle
5792,27.0,19.0,19.09650924024641,1.0,3.0,1.0,2.0,5.0,5.0,,,0.0,,,,,2.0,0.0,2.0,10.0,,8.0,4.0,1.0,1.0,2.0,controle
5792,27.0,15.0,15.082819986310747,1.0,3.0,,2.0,5.0,5.0,,,0.0,,,,,2.0,0.0,2.0,10.0,,8.0,4.0,1.0,1.0,2.0,controle
5792,27.0,16.0,16.53388090349076,1.0,3.0,,2.0,5.0,2.0,7.0,1.0,1.0,0.0,1.0,0.0,5.0,2.0,0.0,2.0,10.0,,8.0,4.0,1.0,1.0,2.0,controle
5792,27.0,18.0,18.850102669404517,2.0,,,,,,,,,,,,,,,2.0,10.0,,8.0,4.0,1.0,1.0,2.0,
5806,27.0,28.0,28.39425051334702,2.0,2.0,3.0,1.0,1.0,3.0,,,0.0,1.0,,,,,0.0,,4.0,1.0,5.0,2.0,1.0,1.0,2.0,controle
5806,27.0,8.0,8.2217659137577,1.0,1.0,,,9.0,3.0,,,0.0,1.0,,,,,0.0,,4.0,1.0,5.0,2.0,1.0,1.0,2.0,controle
5806,27.0,,,2.0,,,,,,,,,,,,,,,,4.0,1.0,5.0,2.0,1.0,1.0,2.0,
5806,27.0,29.0,29.609856262833674,1.0,2.0,,,6.0,5.0,,,0.0,,,,,,0.0,,4.0,1.0,5.0,2.0,1.0,1.0,2.0,controle
5806,27.0,,,2.0,,,,,,,,,,,,,,,,4.0,1.0,5.0,2.0,1.0,1.0,2.0,
5806,27.0,17.0,17.377138945927445,2.0,2.0,,,8.0,3.0,,2.0,1.0,0.0,1.0,0.0,10.0,3.0,0.0,,4.0,1.0,5.0,2.0,1.0,1.0,2.0,controle
5817,27.0,65.0,55.337440109514034,1.0,2.0,4.0,,1.0,5.0,,,0.0,,,,,,0.0,,5.0,1.0,5.0,2.0,1.0,1.0,2.0,controle
5817,27.0,41.0,41.41820670773443,2.0,2.0,4.0,1.0,2.0,5.0,,,0.0,,,,,,0.0,,5.0,1.0,5.0,2.0,1.0,1.0,2.0,controle
5817,27.0,12.0,12.306639288158793,2.0,2.0,,,3.0,2.0,7.0,1.0,1.0,0.0,1.0,0.0,5.0,2.0,0.0,,5.0,1.0,5.0,2.0,1.0,1.0,2.0,controle
5817,27.0,9.0,9.39356605065024,2.0,2.0,,,3.0,2.0,7.0,2.0,1.0,0.0,1.0,0.0,0.0,1.0,0.0,,5.0,1.0,5.0,2.0,1.0,1.0,2.0,controle
5817,27.0,7.0,6.844626967830254,2.0,2.0,,,3.0,2.0,6.0,2.0,1.0,0.0,1.0,0.0,0.0,1.0,0.0,,5.0,1.0,5.0,2.0,1.0,1.0,2.0,controle
5859,27.0,42.0,42.77618069815195,1.0,1.0,1.0,2.0,1.0,5.0,,,0.0,,,,,2.0,0.0,2.0,5.0,1.0,,3.0,2.0,1.0,1.0,controle
5859,27.0,37.0,37.3388090349076,2.0,1.0,1.0,1.0,2.0,5.0,,,0.0,,,,,2.0,0.0,2.0,5.0,1.0,,3.0,2.0,1.0,1.0,controle
5859,27.0,17.0,17.180013689253936,1.0,1.0,1.0,2.0,3.0,2.0,7.0,1.0,1.0,0.0,1.0,1.0,,2.0,0.0,2.0,5.0,1.0,,3.0,2.0,1.0,1.0,controle
5859,27.0,7.0,7.24435318275154,1.0,1.0,,2.0,3.0,2.0,7.0,2.0,1.0,0.0,1.0,0.0,1.0,2.0,0.0,2.0,5.0,1.0,,3.0,2.0,1.0,1.0,controle
5859,27.0,74.0,75.75359342915812,2.0,1.0,1.0,2.0,8.0,5.0,,,0.0,,,,,1.0,0.0,2.0,5.0,1.0,,3.0,2.0,1.0,1.0,controle
5860,27.0,54.0,54.75701574264203,1.0,3.0,3.0,2.0,1.0,5.0,,,0.0,,,,,2.0,0.0,2.0,3.0,1.0,5.0,3.0,1.0,1.0,1.0,controle
5860,27.0,50.0,50.647501711156735,2.0,3.0,3.0,1.0,2.0,5.0,,,0.0,,,,,2.0,0.0,2.0,3.0,1.0,5.0,3.0,1.0,1.0,1.0,controle
5860,27.0,11.0,11.663244353182751,1.0,3.0,,2.0,3.0,2.0,,2.0,1.0,0.0,1.0,0.0,7.0,2.0,0.0,2.0,3.0,1.0,5.0,3.0,1.0,1.0,1.0,controle
5875,27.0,45.0,43.73990417522245,1.0,3.0,4.0,,2.0,5.0,,,0.0,,,,,2.0,0.0,,4.0,1.0,5.0,2.0,1.0,1.0,2.0,controle
5875,27.0,37.0,37.040383299110196,2.0,3.0,4.0,2.0,2.0,5.0,,,0.0,,,,,2.0,0.0,,4.0,1.0,5.0,2.0,1.0,1.0,2.0,controle
5875,27.0,12.0,12.862422997946611,1.0,3.0,,2.0,3.0,2.0,6.0,1.0,1.0,0.0,1.0,0.0,4.0,2.0,0.0,,4.0,1.0,5.0,2.0,1.0,1.0,2.0,controle
5875,27.0,7.0,7.819301848049281,2.0,3.0,,2.0,3.0,2.0,6.0,2.0,1.0,0.0,1.0,0.0,3.0,2.0,0.0,,4.0,1.0,5.0,2.0,1.0,1.0,2.0,controle
5886,27.0,26.0,26.012320328542096,2.0,1.0,4.0,1.0,1.0,2.0,,,0.0,1.0,,,,2.0,0.0,2.0,6.0,1.0,5.0,2.0,1.0,1.0,2.0,controle
5886,27.0,45.0,45.04859685147159,1.0,2.0,,2.0,2.0,2.0,,,0.0,1.0,,,,2.0,0.0,2.0,6.0,1.0,5.0,2.0,1.0,1.0,2.0,controle
5886,27.0,,,2.0,3.0,,2.0,3.0,2.0,,2.0,1.0,0.0,1.0,1.0,1.0,2.0,0.0,2.0,6.0,1.0,5.0,2.0,1.0,1.0,2.0,controle
5886,27.0,4.0,4.024640657084189,2.0,2.0,,2.0,3.0,2.0,,,1.0,0.0,1.0,1.0,,1.0,0.0,2.0,6.0,1.0,5.0,2.0,1.0,1.0,2.0,controle
5886,27.0,9.0,9.949349760438057,2.0,1.0,,2.0,3.0,2.0,6.0,1.0,1.0,0.0,1.0,1.0,4.0,2.0,0.0,2.0,6.0,1.0,5.0,2.0,1.0,1.0,2.0,controle
5886,27.0,0.0,0.188911704312115,2.0,3.0,,2.0,3.0,5.0,,,0.0,,,,,,0.0,2.0,6.0,1.0,5.0,2.0,1.0,1.0,2.0,controle
5904,27.0,65.0,65.74948665297741,1.0,3.0,4.0,2.0,1.0,5.0,,,0.0,,,,,,0.0,,4.0,1.0,4.0,2.0,0.0,2.0,,controle
5904,27.0,63.0,62.39014373716632,2.0,3.0,4.0,1.0,2.0,5.0,,,0.0,,,,,2.0,0.0,,4.0,1.0,4.0,2.0,0.0,2.0,,controle
5904,27.0,23.0,13.593429158110881,1.0,3.0,,2.0,3.0,5.0,,,0.0,,,,,2.0,0.0,,4.0,1.0,4.0,2.0,0.0,2.0,,controle
5904,27.0,13.0,13.911019849418206,1.0,3.0,,2.0,5.0,1.0,7.0,1.0,1.0,0.0,0.8,1.0,4.0,2.0,0.0,,4.0,1.0,4.0,2.0,0.0,2.0,,controle
5907,27.0,42.0,42.95687885010267,1.0,3.0,4.0,2.0,1.0,5.0,,,1.0,,1.0,0.0,,1.0,0.0,1.0,5.0,1.0,5.0,2.0,0.0,2.0,1.0,controle
5907,27.0,34.0,34.54072553045859,2.0,3.0,4.0,1.0,2.0,5.0,,,0.0,,,,,2.0,0.0,1.0,5.0,1.0,5.0,2.0,0.0,2.0,1.0,controle
5907,27.0,9.0,9.32785763175907,1.0,3.0,,2.0,3.0,2.0,6.0,2.0,1.0,0.0,1.0,1.0,3.0,2.0,0.0,1.0,5.0,1.0,5.0,2.0,0.0,2.0,1.0,controle
5907,27.0,4.0,4.421629021218344,2.0,3.0,,2.0,3.0,5.0,,,1.0,,1.0,1.0,,1.0,0.0,1.0,5.0,1.0,5.0,2.0,0.0,2.0,1.0,controle
5907,27.0,2.0,2.1190965092402463,2.0,1.0,,2.0,3.0,5.0,,,0.0,,,,,,0.0,1.0,5.0,1.0,5.0,2.0,0.0,2.0,1.0,controle
5996,28.0,81.0,81.7056810403833,1.0,,,,,,,,,,,,,,,,3.0,1.0,6.0,2.0,1.0,2.0,2.0,
5996,28.0,48.0,48.290212183436005,2.0,1.0,2.0,,1.0,5.0,,,0.0,,,,,,0.0,,3.0,1.0,6.0,2.0,1.0,2.0,2.0,controle
5996,28.0,24.0,24.19712525667351,2.0,3.0,1.0,1.0,3.0,5.0,,,0.0,,,,,,0.0,,3.0,1.0,6.0,2.0,1.0,2.0,2.0,controle
5996,28.0,3.0,3.5017111567419574,2.0,2.0,,,5.0,5.0,,,0.0,,,,,,0.0,,3.0,1.0,6.0,2.0,1.0,2.0,2.0,controle
6004,28.0,68.0,68.19712525667352,2.0,3.0,3.0,2.0,1.0,5.0,,,0.0,,,,,2.0,0.0,2.0,6.0,1.0,6.0,3.0,2.0,1.0,2.0,controle
6004,28.0,40.0,40.49828884325804,2.0,3.0,1.0,,3.0,5.0,,,0.0,,,,,3.0,0.0,2.0,6.0,1.0,6.0,3.0,2.0,1.0,2.0,controle
6004,28.0,44.0,44.93360711841205,1.0,3.0,1.0,2.0,7.0,5.0,,,0.0,,,,,2.0,0.0,2.0,6.0,1.0,6.0,3.0,2.0,1.0,2.0,controle
6004,28.0,20.0,20.936344969199176,1.0,3.0,1.0,2.0,5.0,1.0,7.0,1.0,1.0,0.0,1.0,0.0,,4.0,0.0,2.0,6.0,1.0,6.0,3.0,2.0,1.0,2.0,controle
6004,28.0,15.0,15.323750855578371,1.0,3.0,1.0,2.0,5.0,1.0,7.0,1.0,1.0,0.0,1.0,0.0,8.0,2.0,0.0,2.0,6.0,1.0,6.0,3.0,2.0,1.0,2.0,controle
6004,28.0,5.0,5.240246406570842,1.0,3.0,,2.0,5.0,1.0,0.0,,1.0,0.0,1.0,0.0,,1.0,0.0,2.0,6.0,1.0,6.0,3.0,2.0,1.0,2.0,controle
6034,28.0,60.0,60.35318275154005,1.0,3.0,4.0,2.0,1.0,5.0,,,0.0,,,,,2.0,1.0,2.0,5.0,1.0,7.0,3.0,1.0,1.0,1.0,beneficiario
6034,28.0,55.0,55.77275838466803,2.0,3.0,3.0,2.0,2.0,5.0,,,0.0,,,,,3.0,1.0,2.0,5.0,1.0,7.0,3.0,1.0,1.0,1.0,beneficiario
6034,28.0,27.0,27.38398357289528,1.0,3.0,,2.0,3.0,5.0,,,0.0,,,,,,1.0,2.0,5.0,1.0,7.0,3.0,1.0,1.0,1.0,beneficiario
6034,28.0,24.0,24.28747433264887,2.0,3.0,,2.0,3.0,1.0,,,1.0,0.0,1.0,0.0,,4.0,1.0,2.0,5.0,1.0,7.0,3.0,1.0,1.0,1.0,beneficiario
6034,28.0,23.0,23.011635865845314,1.0,3.0,,2.0,3.0,3.0,,,1.0,0.0,1.0,0.0,10.0,3.0,1.0,2.0,5.0,1.0,7.0,3.0,1.0,1.0,1.0,beneficiario
6094,28.0,46.0,46.59548254620123,1.0,1.0,1.0,2.0,2.0,5.0,,,0.0,,,,,,0.0,4.0,2.0,1.0,5.0,2.0,1.0,1.0,1.0,controle
6094,28.0,49.0,48.07118412046543,2.0,3.0,1.0,,1.0,5.0,,,0.0,,,,,4.0,0.0,4.0,2.0,1.0,5.0,2.0,1.0,1.0,1.0,controle
6106,28.0,54.0,54.64202600958247,1.0,3.0,1.0,2.0,1.0,5.0,,,0.0,,,,,2.0,0.0,2.0,8.0,2.0,6.0,2.0,1.0,1.0,1.0,controle
6106,28.0,50.0,50.90759753593429,2.0,1.0,2.0,2.0,2.0,5.0,,,0.0,,,,,2.0,0.0,2.0,8.0,2.0,6.0,2.0,1.0,1.0,1.0,controle
6106,28.0,23.0,24.0,1.0,,,2.0,3.0,5.0,,,0.0,,,,,2.0,0.0,2.0,8.0,2.0,6.0,2.0,1.0,1.0,1.0,controle
6106,28.0,46.0,46.729637234770706,2.0,3.0,2.0,2.0,3.0,5.0,,,0.0,,,,,,0.0,2.0,8.0,2.0,6.0,2.0,1.0,1.0,1.0,controle
6106,28.0,32.0,31.96167008898015,,,,,,,,,,,,,,,,2.0,8.0,2.0,6.0,2.0,1.0,1.0,1.0,
6106,28.0,4.0,4.958247775496235,1.0,,,2.0,8.0,5.0,,,1.0,,1.0,1.0,,1.0,0.0,2.0,8.0,2.0,6.0,2.0,1.0,1.0,1.0,controle
6106,28.0,31.0,5.746748802190281,,,,,,,,,,,,,,,,2.0,8.0,2.0,6.0,2.0,1.0,1.0,1.0,
6106,28.0,13.0,13.612594113620807,,,,,,,,,,,,,,,,2.0,8.0,2.0,6.0,2.0,1.0,1.0,1.0,
6106,28.0,7.0,6.954140999315538,,,,,,,,,,,,,,,,2.0,8.0,2.0,6.0,2.0,1.0,1.0,1.0,
6106,28.0,29.0,29.36892539356605,1.0,3.0,,1.0,3.0,5.0,,,0.0,,,,,3.0,0.0,2.0,8.0,2.0,6.0,2.0,1.0,1.0,1.0,controle
6106,28.0,33.0,33.149897330595486,1.0,3.0,,2.0,8.0,5.0,,,0.0,,,,,3.0,0.0,2.0,8.0,2.0,6.0,2.0,1.0,1.0,1.0,controle
6106,28.0,7.0,7.017111567419575,1.0,3.0,,2.0,5.0,2.0,7.0,,1.0,0.0,1.0,1.0,1.0,2.0,0.0,2.0,8.0,2.0,6.0,2.0,1.0,1.0,1.0,controle
6108,28.0,64.0,64.0082135523614,2.0,3.0,2.0,2.0,1.0,5.0,,,0.0,,,,,2.0,0.0,2.0,7.0,1.0,8.0,4.0,1.0,1.0,1.0,controle
6108,28.0,44.0,44.01916495550992,1.0,3.0,2.0,2.0,2.0,5.0,,,0.0,,,,,2.0,0.0,2.0,7.0,1.0,8.0,4.0,1.0,1.0,1.0,controle
6108,28.0,39.0,39.0,2.0,3.0,1.0,2.0,6.0,5.0,,,0.0,,,,,,0.0,2.0,7.0,1.0,8.0,4.0,1.0,1.0,1.0,controle
6108,28.0,33.0,33.0,1.0,3.0,1.0,2.0,3.0,5.0,,,0.0,,,,,3.0,0.0,2.0,7.0,1.0,8.0,4.0,1.0,1.0,1.0,controle
6108,28.0,23.0,23.04722792607803,2.0,,,,,,,,,,,,,,,2.0,7.0,1.0,8.0,4.0,1.0,1.0,1.0,
6108,28.0,19.0,19.32375085557837,2.0,,,,,,,,,,,,,,,2.0,7.0,1.0,8.0,4.0,1.0,1.0,1.0,
6108,28.0,9.0,9.845311430527037,2.0,3.0,,2.0,5.0,1.0,7.0,2.0,1.0,0.0,1.0,1.0,3.0,2.0,0.0,2.0,7.0,1.0,8.0,4.0,1.0,1.0,1.0,controle
6108,28.0,36.0,36.758384668035596,2.0,3.0,1.0,2.0,3.0,5.0,,,0.0,,,,,3.0,0.0,2.0,7.0,1.0,8.0,4.0,1.0,1.0,1.0,controle
6108,28.0,19.0,19.586584531143053,1.0,3.0,1.0,2.0,5.0,1.0,,,0.0,1.0,,,,,0.0,2.0,7.0,1.0,8.0,4.0,1.0,1.0,1.0,controle
6109,28.0,57.0,57.360711841204655,2.0,3.0,1.0,1.0,1.0,5.0,,,0.0,,,,,2.0,0.0,2.0,3.0,1.0,4.0,1.0,1.0,1.0,2.0,controle
6109,28.0,24.0,23.972621492128678,2.0,,,,,,,,,,,,,,,2.0,3.0,1.0,4.0,1.0,1.0,1.0,2.0,
6109,28.0,23.0,22.861054072553046,2.0,3.0,1.0,2.0,3.0,3.0,,,0.0,1.0,,,,3.0,0.0,2.0,3.0,1.0,4.0,1.0,1.0,1.0,2.0,controle
6109,28.0,21.0,21.63175906913073,2.0,3.0,1.0,,3.0,3.0,,,0.0,1.0,,,,3.0,0.0,2.0,3.0,1.0,4.0,1.0,1.0,1.0,2.0,controle
6117,28.0,74.0,74.46406570841889,2.0,3.0,1.0,2.0,1.0,5.0,,,0.0,,,,,,0.0,,3.0,1.0,7.0,3.0,1.0,1.0,1.0,controle
6117,28.0,37.0,37.059548254620125,2.0,3.0,,2.0,3.0,5.0,,,0.0,,,,,3.0,0.0,,3.0,1.0,7.0,3.0,1.0,1.0,1.0,controle
6117,28.0,18.0,20.974674880219027,1.0,3.0,,2.0,5.0,2.0,,,0.0,1.0,,,,3.0,0.0,,3.0,1.0,7.0,3.0,1.0,1.0,1.0,controle
6202,28.0,24.0,24.0,2.0,3.0,4.0,1.0,1.0,5.0,,,0.0,,,,,2.0,1.0,2.0,4.0,1.0,6.0,2.0,1.0,1.0,1.0,beneficiario
6202,28.0,32.0,32.0,1.0,3.0,4.0,2.0,2.0,5.0,,,0.0,,,,,2.0,1.0,2.0,4.0,1.0,6.0,2.0,1.0,1.0,1.0,beneficiario
6202,28.0,8.0,8.0,1.0,3.0,,2.0,3.0,2.0,7.0,2.0,1.0,0.0,1.0,1.0,2.0,2.0,1.0,2.0,4.0,1.0,6.0,2.0,1.0,1.0,1.0,beneficiario
6202,28.0,3.0,3.0,1.0,3.0,,2.0,3.0,5.0,,,1.0,,1.0,1.0,,1.0,1.0,2.0,4.0,1.0,6.0,2.0,1.0,1.0,1.0,beneficiario
6229,28.0,58.0,58.0,2.0,3.0,3.0,2.0,1.0,5.0,,,0.0,,,,,,1.0,,2.0,1.0,6.0,3.0,1.0,1.0,2.0,beneficiario
6229,28.0,36.0,36.0,2.0,,,,,,,,,,,,,,,,2.0,1.0,6.0,3.0,1.0,1.0,2.0,
6229,28.0,27.0,27.0,2.0,1.0,,2.0,3.0,5.0,,,0.0,,,,,3.0,1.0,,2.0,1.0,6.0,3.0,1.0,1.0,2.0,beneficiario
6229,28.0,26.0,26.0,2.0,,,,,,,,,,,,,,,,2.0,1.0,6.0,3.0,1.0,1.0,2.0,
6229,28.0,6.0,6.0,1.0,,,,,,,,,,,,,,,,2.0,1.0,6.0,3.0,1.0,1.0,2.0,
6239,28.0,41.0,41.0,1.0,3.0,4.0,1.0,1.0,5.0,,,0.0,,,,,2.0,1.0,2.0,7.0,2.0,5.0,2.0,0.0,2.0,1.0,beneficiario
6239,28.0,43.0,43.0,2.0,3.0,4.0,2.0,2.0,5.0,,,0.0,,,,,2.0,1.0,2.0,7.0,2.0,5.0,2.0,0.0,2.0,1.0,beneficiario
6239,28.0,18.0,18.0,1.0,3.0,4.0,2.0,3.0,2.0,,2.0,1.0,0.0,1.0,0.0,7.0,2.0,1.0,2.0,7.0,2.0,5.0,2.0,0.0,2.0,1.0,beneficiario
6239,28.0,16.0,16.0,2.0,3.0,4.0,2.0,3.0,2.0,7.0,1.0,1.0,0.0,1.0,1.0,5.0,2.0,1.0,2.0,7.0,2.0,5.0,2.0,0.0,2.0,1.0,beneficiario
6239,28.0,13.0,13.0,2.0,3.0,,2.0,3.0,2.0,7.0,1.0,1.0,0.0,1.0,0.0,3.0,2.0,1.0,2.0,7.0,2.0,5.0,2.0,0.0,2.0,1.0,beneficiario
6239,28.0,12.0,12.0,1.0,3.0,,2.0,3.0,2.0,,1.0,1.0,0.0,1.0,0.0,2.0,2.0,1.0,2.0,7.0,2.0,5.0,2.0,0.0,2.0,1.0,beneficiario
6239,28.0,23.0,23.0,1.0,1.0,4.0,2.0,7.0,3.0,,,1.0,0.0,1.0,0.0,10.0,3.0,1.0,2.0,7.0,2.0,5.0,2.0,0.0,2.0,1.0,beneficiario
6243,28.0,53.0,53.0,1.0,2.0,4.0,1.0,1.0,5.0,,,0.0,,,,,2.0,1.0,2.0,5.0,1.0,7.0,3.0,1.0,2.0,2.0,beneficiario
6243,28.0,53.0,53.0,2.0,2.0,4.0,2.0,2.0,2.0,,,1.0,0.0,0.5,1.0,,1.0,1.0,2.0,5.0,1.0,7.0,3.0,1.0,2.0,2.0,beneficiario
6243,28.0,25.0,25.0,1.0,2.0,4.0,2.0,3.0,2.0,,,0.0,1.0,,,,3.0,1.0,2.0,5.0,1.0,7.0,3.0,1.0,2.0,2.0,beneficiario
6243,28.0,21.0,21.0,2.0,2.0,4.0,2.0,3.0,2.0,,,0.0,1.0,,,,3.0,1.0,2.0,5.0,1.0,7.0,3.0,1.0,2.0,2.0,beneficiario
6243,28.0,10.0,10.0,1.0,2.0,,2.0,3.0,2.0,7.0,1.0,1.0,0.0,0.75,1.0,2.0,2.0,1.0,2.0,5.0,1.0,7.0,3.0,1.0,2.0,2.0,beneficiario
6243,28.0,18.0,18.0,1.0,,,,,,,,,,,,,,,2.0,5.0,1.0,7.0,3.0,1.0,2.0,2.0,
6272,29.0,30.0,30.324435318275157,1.0,3.0,4.0,2.0,1.0,5.0,,,0.0,,,,,2.0,0.0,2.0,7.0,1.0,6.0,3.0,1.0,2.0,2.0,controle
6272,29.0,29.0,29.300479123887747,2.0,3.0,4.0,1.0,2.0,5.0,,,0.0,,,,,2.0,0.0,2.0,7.0,1.0,6.0,3.0,1.0,2.0,2.0,controle
6272,29.0,9.0,9.990417522245037,1.0,3.0,,2.0,3.0,2.0,8.0,2.0,1.0,0.0,1.0,0.0,2.0,2.0,0.0,2.0,7.0,1.0,6.0,3.0,1.0,2.0,2.0,controle
6272,29.0,5.0,5.979466119096509,2.0,3.0,,2.0,3.0,5.0,0.0,2.0,1.0,,1.0,0.0,0.0,1.0,0.0,2.0,7.0,1.0,6.0,3.0,1.0,2.0,2.0,controle
6272,29.0,4.0,4.4052019164955505,1.0,3.0,,2.0,3.0,5.0,,,0.0,,,,,,0.0,2.0,7.0,1.0,6.0,3.0,1.0,2.0,2.0,controle
6272,29.0,0.0,0.7994524298425736,2.0,3.0,,2.0,3.0,5.0,,,0.0,,,,,,0.0,2.0,7.0,1.0,6.0,3.0,1.0,2.0,2.0,controle
6272,29.0,1.0,1.9904175222450378,1.0,3.0,,2.0,3.0,5.0,,,0.0,,,,,,0.0,2.0,7.0,1.0,6.0,3.0,1.0,2.0,2.0,controle
6284,29.0,33.0,33.66461327857632,1.0,3.0,3.0,2.0,1.0,5.0,,,0.0,,,,,2.0,0.0,2.0,8.0,1.0,4.0,2.0,0.0,2.0,,controle
6284,29.0,29.0,29.44558521560575,2.0,3.0,3.0,1.0,2.0,5.0,,,0.0,,,,,2.0,0.0,2.0,8.0,1.0,4.0,2.0,0.0,2.0,,controle
6284,29.0,12.0,12.175222450376454,2.0,3.0,,2.0,3.0,3.0,9.0,1.0,1.0,0.0,1.0,0.0,,2.0,0.0,2.0,8.0,1.0,4.0,2.0,0.0,2.0,,controle
6284,29.0,11.0,11.329226557152635,1.0,3.0,,2.0,3.0,3.0,7.0,1.0,1.0,0.0,1.0,0.0,,2.0,0.0,2.0,8.0,1.0,4.0,2.0,0.0,2.0,,controle
6284,29.0,9.0,9.749486652977412,1.0,3.0,,2.0,3.0,3.0,8.0,1.0,1.0,0.0,1.0,0.0,,2.0,0.0,2.0,8.0,1.0,4.0,2.0,0.0,2.0,,controle
6284,29.0,7.0,7.011635865845311,1.0,3.0,,2.0,3.0,3.0,0.0,1.0,1.0,0.0,1.0,0.0,,2.0,0.0,2.0,8.0,1.0,4.0,2.0,0.0,2.0,,controle
6284,29.0,3.0,3.811088295687885,1.0,3.0,,2.0,3.0,5.0,,,0.0,,,,,,0.0,2.0,8.0,1.0,4.0,2.0,0.0,2.0,,controle
6284,29.0,1.0,1.7768651608487336,2.0,3.0,,2.0,3.0,5.0,,,0.0,,,,,,0.0,2.0,8.0,1.0,4.0,2.0,0.0,2.0,,controle
6284,,,,,,,,,,,,,,,,,,,2.0,8.0,1.0,4.0,2.0,0.0,2.0,,
6319,29.0,71.0,71.1895961670089,1.0,3.0,4.0,,1.0,5.0,,,,,,,,,0.0,,6.0,1.0,8.0,3.0,1.0,1.0,1.0,controle
6319,29.0,70.0,70.01232032854209,2.0,3.0,4.0,,2.0,5.0,,,,,,,,,0.0,,6.0,1.0,8.0,3.0,1.0,1.0,1.0,controle
6319,29.0,24.0,24.45995893223819,2.0,3.0,,,5.0,5.0,,,0.0,,,,,4.0,0.0,,6.0,1.0,8.0,3.0,1.0,1.0,1.0,controle
6319,29.0,16.0,16.594113620807665,2.0,3.0,,,5.0,1.0,7.0,2.0,1.0,0.0,1.0,0.0,10.0,3.0,0.0,,6.0,1.0,8.0,3.0,1.0,1.0,1.0,controle
6319,29.0,14.0,14.499657768651609,2.0,3.0,,,5.0,1.0,7.0,1.0,1.0,0.0,1.0,1.0,,2.0,0.0,,6.0,1.0,8.0,3.0,1.0,1.0,1.0,controle
6319,29.0,10.0,10.335386721423683,1.0,3.0,,,5.0,1.0,7.0,2.0,1.0,0.0,1.0,1.0,,2.0,0.0,,6.0,1.0,8.0,3.0,1.0,1.0,1.0,controle
6319,29.0,50.0,50.00958247775497,2.0,,,,,,,,,,,,,,,,6.0,1.0,8.0,3.0,1.0,1.0,1.0,
6330,29.0,28.0,28.17248459958932,1.0,3.0,4.0,,1.0,5.0,,,0.0,,,,,2.0,0.0,2.0,5.0,1.0,5.0,2.0,1.0,1.0,2.0,controle
6330,29.0,29.0,29.377138945927445,2.0,3.0,4.0,1.0,2.0,5.0,,,0.0,,,,,2.0,0.0,2.0,5.0,1.0,5.0,2.0,1.0,1.0,2.0,controle
6330,29.0,10.0,10.376454483230663,2.0,3.0,,,3.0,2.0,6.0,2.0,1.0,0.0,1.0,0.0,,2.0,0.0,2.0,5.0,1.0,5.0,2.0,1.0,1.0,2.0,controle
6330,29.0,7.0,7.222450376454484,1.0,3.0,,,3.0,2.0,7.0,1.0,1.0,0.0,1.0,0.0,1.0,2.0,0.0,2.0,5.0,1.0,5.0,2.0,1.0,1.0,2.0,controle
6330,29.0,0.0,0.9555099247091033,2.0,3.0,,,3.0,5.0,,,0.0,,,,,,0.0,2.0,5.0,1.0,5.0,2.0,1.0,1.0,2.0,controle
6348,29.0,65.0,65.27857631759069,1.0,,,,,,,,,,,,,,,,5.0,1.0,5.0,1.0,0.0,1.0,2.0,
6348,29.0,66.0,66.19301848049281,2.0,,,,,,,,,,,,,,,,5.0,1.0,5.0,1.0,0.0,1.0,2.0,
6348,29.0,44.0,44.85694729637235,2.0,3.0,4.0,2.0,1.0,5.0,,,0.0,,,,,,0.0,,5.0,1.0,5.0,1.0,0.0,1.0,2.0,controle
6348,29.0,15.0,15.780971937029433,2.0,3.0,4.0,2.0,3.0,2.0,10.0,1.0,1.0,0.0,0.4,1.0,1.0,2.0,0.0,,5.0,1.0,5.0,1.0,0.0,1.0,2.0,controle
6348,29.0,14.0,14.850102669404517,2.0,,,,,,,,,,,,,,,,5.0,1.0,5.0,1.0,0.0,1.0,2.0,
6348,29.0,10.0,10.60643394934976,2.0,3.0,,2.0,3.0,2.0,,,0.0,1.0,,,,,0.0,,5.0,1.0,5.0,1.0,0.0,1.0,2.0,controle
6348,29.0,9.0,9.062286105407255,2.0,,,,,,,,,,,,,,0.0,,5.0,1.0,5.0,1.0,0.0,1.0,2.0,controle
6348,29.0,33.0,33.23203285420944,1.0,3.0,4.0,,6.0,5.0,,,0.0,,,,,,0.0,,5.0,1.0,5.0,1.0,0.0,1.0,2.0,controle
6348,29.0,28.0,28.64065708418891,1.0,3.0,4.0,2.0,2.0,5.0,,,0.0,,,,,,0.0,,5.0,1.0,5.0,1.0,0.0,1.0,2.0,controle
6384,29.0,,,,,,,,2.0,,,0.0,1.0,,,,2.0,0.0,,8.0,2.0,5.0,3.0,0.0,2.0,1.0,controle
6384,,,,,,,,,3.0,,,1.0,0.0,0.25,1.0,7.0,2.0,0.0,,8.0,2.0,5.0,3.0,0.0,2.0,1.0,controle
6384,,,,,,,,,2.0,6.0,2.0,1.0,0.0,0.25,1.0,5.0,2.0,0.0,,8.0,2.0,5.0,3.0,0.0,2.0,1.0,controle
6384,,,,,,,,,2.0,,,0.0,1.0,,,,2.0,0.0,,8.0,2.0,5.0,3.0,0.0,2.0,1.0,controle
6384,,,,,,,,,,,,,,,,,,,,8.0,2.0,5.0,3.0,0.0,2.0,1.0,
6384,,,,,,,,,3.0,6.0,1.0,1.0,0.0,0.75,1.0,5.0,2.0,0.0,,8.0,2.0,5.0,3.0,0.0,2.0,1.0,controle
6384,,,,,,,,,2.0,9.0,1.0,1.0,0.0,1.0,1.0,5.0,2.0,0.0,,8.0,2.0,5.0,3.0,0.0,2.0,1.0,controle
6384,,,,,,,,,3.0,8.0,1.0,1.0,0.0,1.0,1.0,6.0,2.0,0.0,,8.0,2.0,5.0,3.0,0.0,2.0,1.0,controle
6384,,,,,,,,,2.0,,,0.0,1.0,,,,2.0,0.0,,8.0,2.0,5.0,3.0,0.0,2.0,1.0,controle
6394,29.0,57.0,57.0,1.0,,,,,,,,,,,,,,,,3.0,1.0,6.0,2.0,1.0,1.0,1.0,
6394,29.0,44.0,44.0,2.0,1.0,2.0,,2.0,3.0,,,0.0,1.0,,,,3.0,1.0,,3.0,1.0,6.0,2.0,1.0,1.0,1.0,beneficiario
6394,29.0,19.0,19.0,1.0,3.0,1.0,2.0,3.0,3.0,7.0,1.0,1.0,0.0,1.0,1.0,10.0,3.0,1.0,,3.0,1.0,6.0,2.0,1.0,1.0,1.0,beneficiario
6394,29.0,16.0,16.0,2.0,3.0,1.0,2.0,3.0,3.0,7.0,2.0,1.0,0.0,1.0,0.0,10.0,3.0,1.0,,3.0,1.0,6.0,2.0,1.0,1.0,1.0,beneficiario
6415,29.0,33.0,33.73579739904175,2.0,3.0,4.0,1.0,1.0,5.0,,,0.0,,,,,2.0,0.0,2.0,6.0,1.0,9.0,4.0,1.0,1.0,2.0,controle
6415,29.0,,,2.0,,,,,,,,,,,,,,,2.0,6.0,1.0,9.0,4.0,1.0,1.0,2.0,
6415,29.0,16.0,16.16974674880219,1.0,3.0,4.0,2.0,3.0,2.0,,,,,,,,,0.0,2.0,6.0,1.0,9.0,4.0,1.0,1.0,2.0,controle
6415,29.0,14.0,14.39561943874059,1.0,3.0,4.0,2.0,3.0,2.0,,,0.0,1.0,,,,2.0,0.0,2.0,6.0,1.0,9.0,4.0,1.0,1.0,2.0,controle
6415,29.0,13.0,13.399041752224504,2.0,4.0,,2.0,3.0,2.0,,,0.0,1.0,,,,,0.0,2.0,6.0,1.0,9.0,4.0,1.0,1.0,2.0,controle
6415,29.0,21.0,21.0,1.0,4.0,4.0,2.0,8.0,5.0,,,0.0,,,,,2.0,0.0,2.0,6.0,1.0,9.0,4.0,1.0,1.0,2.0,controle
6415,29.0,52.0,52.65982203969884,2.0,3.0,4.0,2.0,2.0,5.0,,,0.0,,,,,2.0,0.0,2.0,6.0,1.0,9.0,4.0,1.0,1.0,2.0,controle
6430,29.0,39.0,39.0,2.0,2.0,3.0,1.0,1.0,5.0,,,0.0,,,,,3.0,0.0,3.0,4.0,1.0,5.0,2.0,1.0,1.0,1.0,controle
6430,29.0,21.0,21.44832306639288,2.0,1.0,3.0,2.0,3.0,3.0,,,0.0,1.0,,,,3.0,0.0,3.0,4.0,1.0,5.0,2.0,1.0,1.0,1.0,controle
6430,29.0,19.0,19.227926078028748,1.0,1.0,3.0,2.0,3.0,3.0,,,0.0,1.0,,,,3.0,0.0,3.0,4.0,1.0,5.0,2.0,1.0,1.0,1.0,controle
6430,29.0,15.0,15.572895277207392,1.0,1.0,3.0,2.0,3.0,2.0,7.0,1.0,1.0,0.0,1.0,1.0,8.0,2.0,0.0,3.0,4.0,1.0,5.0,2.0,1.0,1.0,1.0,controle
6484,29.0,74.0,74.0,2.0,2.0,4.0,1.0,1.0,5.0,,,0.0,,,,,,1.0,,4.0,1.0,6.0,2.0,1.0,1.0,2.0,beneficiario
6484,29.0,15.0,15.0,1.0,3.0,4.0,2.0,5.0,2.0,7.0,1.0,1.0,0.0,0.8,1.0,5.0,2.0,1.0,,4.0,1.0,6.0,2.0,1.0,1.0,2.0,beneficiario
6484,29.0,38.0,38.0,2.0,3.0,4.0,2.0,3.0,5.0,,,0.0,,,,,2.0,1.0,,4.0,1.0,6.0,2.0,1.0,1.0,2.0,beneficiario
6484,29.0,16.0,16.0,1.0,3.0,4.0,2.0,5.0,2.0,7.0,1.0,1.0,0.0,1.0,1.0,5.0,2.0,1.0,,4.0,1.0,6.0,2.0,1.0,1.0,2.0,beneficiario
6507,29.0,42.0,42.0,1.0,,,2.0,1.0,5.0,,,0.0,,,,,2.0,1.0,2.0,4.0,1.0,5.0,2.0,1.0,1.0,,beneficiario
6507,29.0,39.0,39.0,2.0,2.0,,1.0,2.0,5.0,,,0.0,,,,,2.0,1.0,2.0,4.0,1.0,5.0,2.0,1.0,1.0,,beneficiario
6507,29.0,13.0,13.0,1.0,1.0,,,3.0,2.0,7.0,1.0,1.0,0.0,1.0,,5.0,2.0,1.0,2.0,4.0,1.0,5.0,2.0,1.0,1.0,,beneficiario
6507,29.0,12.0,12.0,1.0,2.0,,2.0,3.0,2.0,7.0,2.0,1.0,0.0,1.0,,5.0,2.0,1.0,2.0,4.0,1.0,5.0,2.0,1.0,1.0,,beneficiario
6520,29.0,44.0,44.0,2.0,3.0,,1.0,1.0,5.0,,,0.0,,,,,2.0,1.0,2.0,4.0,1.0,5.0,2.0,1.0,1.0,2.0,beneficiario
6520,29.0,36.0,36.0,1.0,3.0,,2.0,2.0,5.0,,,0.0,,,,,2.0,1.0,2.0,4.0,1.0,5.0,2.0,1.0,1.0,2.0,beneficiario
6520,29.0,14.0,14.0,2.0,3.0,,2.0,3.0,2.0,5.0,2.0,1.0,0.0,1.0,0.0,8.0,2.0,1.0,2.0,4.0,1.0,5.0,2.0,1.0,1.0,2.0,beneficiario
6520,29.0,4.0,4.0,2.0,3.0,,2.0,3.0,5.0,,,0.0,,,,,,1.0,2.0,4.0,1.0,5.0,2.0,1.0,1.0,2.0,beneficiario
6554,29.0,34.0,34.68309377138946,2.0,3.0,4.0,1.0,1.0,5.0,,,0.0,,,,,2.0,0.0,2.0,4.0,1.0,5.0,2.0,1.0,1.0,1.0,controle
6554,29.0,17.0,16.985626283367555,2.0,3.0,3.0,2.0,2.0,3.0,7.0,1.0,1.0,0.0,0.6,1.0,10.0,3.0,0.0,2.0,4.0,1.0,5.0,2.0,1.0,1.0,1.0,controle
6554,29.0,27.0,27.0,1.0,3.0,,2.0,2.0,1.0,,,0.0,1.0,,,,,0.0,2.0,4.0,1.0,5.0,2.0,1.0,1.0,1.0,controle
6554,29.0,24.0,24.090349075975357,2.0,3.0,4.0,2.0,10.0,5.0,,,0.0,,,,,,0.0,2.0,4.0,1.0,5.0,2.0,1.0,1.0,1.0,controle
6604,29.0,44.0,44.75290896646133,2.0,3.0,3.0,1.0,1.0,5.0,,,0.0,,,,,2.0,0.0,2.0,2.0,1.0,3.0,1.0,1.0,1.0,2.0,controle
6604,29.0,9.0,9.360711841204655,2.0,1.0,,2.0,3.0,1.0,8.0,2.0,1.0,0.0,1.0,0.0,2.0,2.0,0.0,2.0,2.0,1.0,3.0,1.0,1.0,1.0,2.0,controle
6677,29.0,39.0,39.62217659137577,1.0,3.0,3.0,2.0,1.0,5.0,,,0.0,,,,,3.0,0.0,3.0,3.0,1.0,6.0,2.0,2.0,1.0,1.0,controle
6677,29.0,29.0,29.48665297741273,2.0,1.0,3.0,2.0,2.0,5.0,,,0.0,,,,,3.0,0.0,3.0,3.0,1.0,6.0,2.0,2.0,1.0,1.0,controle
6677,29.0,4.0,4.613278576317591,1.0,3.0,,2.0,3.0,1.0,,,1.0,0.0,1.0,0.0,,1.0,0.0,3.0,3.0,1.0,6.0,2.0,2.0,1.0,1.0,controle
6697,24.0,54.0,54.327173169062284,2.0,3.0,1.0,2.0,1.0,5.0,,,0.0,,,,,2.0,0.0,2.0,2.0,2.0,5.0,1.0,1.0,1.0,2.0,controle
6697,24.0,17.0,17.10609171800137,2.0,3.0,3.0,2.0,5.0,3.0,7.0,1.0,1.0,0.0,,1.0,7.0,2.0,0.0,2.0,2.0,2.0,5.0,1.0,1.0,1.0,2.0,controle
6743,29.0,49.0,49.53867214236825,1.0,2.0,3.0,2.0,1.0,5.0,,,0.0,,,,,2.0,0.0,2.0,4.0,1.0,4.0,1.0,1.0,1.0,2.0,controle
6743,29.0,38.0,38.902121834360024,2.0,2.0,3.0,1.0,2.0,3.0,,,0.0,1.0,,,,2.0,0.0,2.0,4.0,1.0,4.0,1.0,1.0,1.0,2.0,controle
6743,29.0,21.0,21.494866529774125,2.0,,,,,,,,,,,,,,,2.0,4.0,1.0,4.0,1.0,1.0,1.0,2.0,
6743,29.0,16.0,16.339493497604384,2.0,2.0,,2.0,3.0,3.0,6.0,1.0,1.0,0.0,,,10.0,3.0,0.0,2.0,4.0,1.0,4.0,1.0,1.0,1.0,2.0,controle
6743,29.0,7.0,7.195071868583163,2.0,2.0,,2.0,5.0,2.0,7.0,2.0,1.0,0.0,1.0,0.0,1.0,2.0,0.0,2.0,4.0,1.0,4.0,1.0,1.0,1.0,2.0,controle
6747,29.0,69.0,69.16632443531827,1.0,,,,,,,,,,,,,,,,1.0,1.0,7.0,1.0,1.0,1.0,2.0,
6747,29.0,67.0,67.1129363449692,2.0,2.0,4.0,1.0,1.0,5.0,,,0.0,,,,,,0.0,,1.0,1.0,7.0,1.0,1.0,1.0,2.0,controle
6747,29.0,26.0,26.532511978097194,2.0,,,,,,,,,,,,,,,,1.0,1.0,7.0,1.0,1.0,1.0,2.0,
6747,29.0,32.0,32.91170431211499,2.0,,,,,,,,,,,,,,,,1.0,1.0,7.0,1.0,1.0,1.0,2.0,
6747,29.0,31.0,31.28815879534565,1.0,,,,,,,,,,,,,,,,1.0,1.0,7.0,1.0,1.0,1.0,2.0,
6752,29.0,49.0,49.0,1.0,3.0,3.0,2.0,1.0,5.0,,,0.0,,,,,,1.0,,3.0,1.0,3.0,1.0,0.0,1.0,1.0,beneficiario
6752,29.0,41.0,41.0,2.0,3.0,3.0,1.0,2.0,5.0,,,0.0,,,,,,1.0,,3.0,1.0,3.0,1.0,0.0,1.0,1.0,beneficiario
6752,29.0,26.0,26.0,1.0,,,,,,,,,,,,,,,,3.0,1.0,3.0,1.0,0.0,1.0,1.0,
6752,29.0,21.0,21.0,2.0,,,,,,,,,,,,,,,,3.0,1.0,3.0,1.0,0.0,1.0,1.0,
6752,29.0,19.0,19.0,1.0,3.0,3.0,2.0,3.0,1.0,,,0.0,1.0,,,,,1.0,,3.0,1.0,3.0,1.0,0.0,1.0,1.0,beneficiario
6778,29.0,29.0,29.612594113620805,1.0,,,1.0,1.0,,,,,,,,,,,,3.0,1.0,4.0,2.0,0.0,1.0,1.0,
6778,29.0,29.0,29.63175906913073,2.0,3.0,4.0,,,1.0,,,1.0,0.0,1.0,0.0,10.0,3.0,0.0,,3.0,1.0,4.0,2.0,0.0,1.0,1.0,controle
6778,29.0,6.0,6.647501711156742,2.0,3.0,,2.0,3.0,2.0,5.0,2.0,1.0,0.0,1.0,0.0,0.0,1.0,0.0,,3.0,1.0,4.0,2.0,0.0,1.0,1.0,controle
6778,29.0,4.0,3.9835728952772076,2.0,3.0,,2.0,3.0,5.0,,,0.0,,,,,,0.0,,3.0,1.0,4.0,2.0,0.0,1.0,1.0,controle
6780,29.0,,,,,,,,5.0,,,0.0,,,,,,0.0,,4.0,1.0,4.0,2.0,1.0,2.0,2.0,controle
6780,,,,,,,,,5.0,,,0.0,,,,,,0.0,,4.0,1.0,4.0,2.0,1.0,2.0,2.0,controle
6780,,,,,,,,,1.0,6.0,2.0,1.0,0.0,1.0,0.0,2.0,2.0,0.0,,4.0,1.0,4.0,2.0,1.0,2.0,2.0,controle
6780,,,,,,,,,1.0,6.0,2.0,1.0,0.0,1.0,0.0,1.0,2.0,0.0,,4.0,1.0,4.0,2.0,1.0,2.0,2.0,controle
6898,29.0,56.0,58.39014373716632,1.0,2.0,2.0,,1.0,5.0,,,0.0,,,,,2.0,0.0,2.0,4.0,1.0,7.0,3.0,1.0,1.0,1.0,controle
6898,29.0,52.0,52.37782340862423,2.0,2.0,2.0,,2.0,5.0,,,0.0,,,,,3.0,0.0,2.0,4.0,1.0,7.0,3.0,1.0,1.0,1.0,controle
6898,29.0,31.0,31.19780971937029,2.0,2.0,1.0,,,,,,,,,,,,,2.0,4.0,1.0,7.0,3.0,1.0,1.0,1.0,
6898,29.0,24.0,24.709103353867217,1.0,2.0,1.0,,3.0,5.0,,,0.0,,,,,3.0,0.0,2.0,4.0,1.0,7.0,3.0,1.0,1.0,1.0,controle
6898,29.0,19.0,20.016427104722794,2.0,2.0,1.0,,3.0,5.0,7.0,2.0,1.0,,1.0,0.0,,4.0,0.0,2.0,4.0,1.0,7.0,3.0,1.0,1.0,1.0,controle
6898,29.0,28.0,28.547570157426417,1.0,2.0,1.0,,,,,,,,,,,,,2.0,4.0,1.0,7.0,3.0,1.0,1.0,1.0,
6898,29.0,22.0,22.7378507871321,2.0,2.0,1.0,,,,,,,,,,,,,2.0,4.0,1.0,7.0,3.0,1.0,1.0,1.0,
6901,29.0,98.0,98.0,1.0,3.0,4.0,2.0,2.0,,,,,,,,,,,,13.0,2.0,5.0,3.0,0.0,2.0,2.0,
6901,29.0,41.0,41.0,2.0,3.0,4.0,1.0,1.0,5.0,,,0.0,,,,,,0.0,,13.0,2.0,5.0,3.0,0.0,2.0,2.0,controle
6901,29.0,26.0,26.255989048596852,1.0,3.0,4.0,2.0,3.0,1.0,,,0.0,1.0,,,,,0.0,,13.0,2.0,5.0,3.0,0.0,2.0,2.0,controle
6901,29.0,22.0,22.015058179329227,1.0,3.0,4.0,2.0,3.0,1.0,,,1.0,0.0,,1.0,,3.0,0.0,,13.0,2.0,5.0,3.0,0.0,2.0,2.0,controle
6901,29.0,20.0,20.971937029431896,1.0,3.0,4.0,2.0,3.0,1.0,,,0.0,1.0,,,,,0.0,,13.0,2.0,5.0,3.0,0.0,2.0,2.0,controle
6901,29.0,15.0,15.819301848049282,2.0,3.0,4.0,2.0,3.0,,,,1.0,,,,,2.0,0.0,,13.0,2.0,5.0,3.0,0.0,2.0,2.0,controle
6901,29.0,12.0,13.883641341546886,1.0,3.0,,2.0,3.0,1.0,,1.0,1.0,0.0,1.0,0.0,,2.0,0.0,,13.0,2.0,5.0,3.0,0.0,2.0,2.0,controle
6901,29.0,0.0,8.320328542094456,2.0,3.0,,2.0,3.0,,,,,,,,,,,,13.0,2.0,5.0,3.0,0.0,2.0,2.0,
6901,29.0,12.0,12.473648186173854,1.0,3.0,,2.0,3.0,1.0,,1.0,1.0,0.0,1.0,0.0,,2.0,0.0,,13.0,2.0,5.0,3.0,0.0,2.0,2.0,controle
6901,29.0,10.0,10.428473648186174,1.0,3.0,,2.0,3.0,1.0,6.0,1.0,1.0,0.0,1.0,0.0,,2.0,0.0,,13.0,2.0,5.0,3.0,0.0,2.0,2.0,controle
6901,29.0,25.0,25.034907597535934,2.0,3.0,4.0,2.0,3.0,1.0,,,0.0,1.0,,,,,0.0,,13.0,2.0,5.0,3.0,0.0,2.0,2.0,controle
6901,29.0,5.0,5.130732375085558,2.0,3.0,,2.0,5.0,1.0,,,0.0,1.0,,,,,0.0,,13.0,2.0,5.0,3.0,0.0,2.0,2.0,controle
6901,29.0,16.0,16.739219712525667,1.0,3.0,4.0,2.0,3.0,1.0,,2.0,1.0,0.0,,1.0,,2.0,0.0,,13.0,2.0,5.0,3.0,0.0,2.0,2.0,controle
6908,29.0,46.0,55.93976728268309,1.0,,,,,5.0,,,0.0,,,,,2.0,,,2.0,1.0,5.0,2.0,1.0,1.0,2.0,
6908,29.0,49.0,49.75496235455167,2.0,2.0,4.0,1.0,1.0,,,,,,,,,,0.0,,2.0,1.0,5.0,2.0,1.0,1.0,2.0,controle
6908,29.0,29.0,29.0,1.0,,,,,,,,,,,,,,,,2.0,1.0,5.0,2.0,1.0,1.0,2.0,
6908,29.0,23.0,23.16221765913758,1.0,,,,,,,,,,,,,,,,2.0,1.0,5.0,2.0,1.0,1.0,2.0,
6908,29.0,7.0,7.5509924709103355,2.0,,,,,,,,,,,,,,,,2.0,1.0,5.0,2.0,1.0,1.0,2.0,
6908,29.0,27.0,27.28815879534565,2.0,,,,,,,,,,,,,,,,2.0,1.0,5.0,2.0,1.0,1.0,2.0,
6908,29.0,4.0,4.142368240930869,1.0,,,,,,,,,,,,,,,,2.0,1.0,5.0,2.0,1.0,1.0,2.0,
6908,29.0,39.0,39.545516769336075,1.0,3.0,4.0,2.0,2.0,5.0,,,0.0,,,,,,0.0,,2.0,1.0,5.0,2.0,1.0,1.0,2.0,controle
6931,29.0,33.0,33.02943189596167,1.0,3.0,1.0,2.0,1.0,2.0,,,0.0,1.0,,,,2.0,0.0,2.0,6.0,1.0,5.0,2.0,1.0,1.0,2.0,controle
6931,29.0,30.0,30.10814510609172,2.0,3.0,4.0,1.0,2.0,2.0,,,0.0,1.0,,,,2.0,0.0,2.0,6.0,1.0,5.0,2.0,1.0,1.0,2.0,controle
6931,29.0,13.0,13.782340862422998,2.0,3.0,,2.0,3.0,3.0,6.0,1.0,1.0,0.0,1.0,0.0,5.0,2.0,0.0,2.0,6.0,1.0,5.0,2.0,1.0,1.0,2.0,controle
6931,29.0,12.0,12.876112251882272,2.0,3.0,,2.0,3.0,2.0,,,0.0,1.0,,,,,0.0,2.0,6.0,1.0,5.0,2.0,1.0,1.0,2.0,controle
6931,29.0,8.0,8.388774811772759,1.0,3.0,,2.0,3.0,2.0,6.0,1.0,1.0,0.0,1.0,0.0,0.0,1.0,0.0,2.0,6.0,1.0,5.0,2.0,1.0,1.0,2.0,controle
6931,29.0,6.0,6.047912388774812,1.0,3.0,,2.0,3.0,2.0,0.0,2.0,1.0,0.0,1.0,0.0,,1.0,0.0,2.0,6.0,1.0,5.0,2.0,1.0,1.0,2.0,controle
6958,29.0,44.0,14.012320328542094,1.0,1.0,1.0,2.0,1.0,5.0,,,0.0,,,,,2.0,1.0,2.0,6.0,2.0,5.0,2.0,1.0,1.0,,beneficiario
6958,29.0,44.0,43.89048596851472,2.0,3.0,4.0,1.0,2.0,5.0,,,0.0,,,,,2.0,1.0,2.0,6.0,2.0,5.0,2.0,1.0,1.0,,beneficiario
6958,29.0,21.0,21.133470225872692,2.0,3.0,,2.0,3.0,1.0,7.0,1.0,1.0,0.0,0.6,1.0,11.0,3.0,1.0,2.0,6.0,2.0,5.0,2.0,1.0,1.0,,beneficiario
6958,29.0,15.0,15.794661190965094,1.0,3.0,,2.0,3.0,1.0,7.0,2.0,1.0,0.0,1.0,0.0,9.0,3.0,1.0,2.0,6.0,2.0,5.0,2.0,1.0,1.0,,beneficiario
6958,29.0,6.0,6.162902121834359,2.0,3.0,,2.0,3.0,5.0,,,0.0,,,,,,1.0,2.0,6.0,2.0,5.0,2.0,1.0,1.0,,beneficiario
6958,29.0,2.0,2.6557152635181382,1.0,1.0,,2.0,5.0,5.0,,,0.0,,,,,,1.0,2.0,6.0,2.0,5.0,2.0,1.0,1.0,,beneficiario
7007,29.0,54.0,54.63381245722108,2.0,3.0,3.0,2.0,1.0,5.0,,,0.0,,,,,3.0,1.0,3.0,6.0,1.0,7.0,3.0,1.0,1.0,2.0,beneficiario
7007,29.0,24.0,24.16974674880219,1.0,,,,,,,,,,,,,,,3.0,6.0,1.0,7.0,3.0,1.0,1.0,2.0,
7007,29.0,21.0,21.117043121149898,1.0,,,,,,,,,,,,,,,3.0,6.0,1.0,7.0,3.0,1.0,1.0,2.0,
7007,29.0,29.0,29.133470225872692,1.0,3.0,3.0,2.0,8.0,5.0,,,0.0,,,,,2.0,1.0,3.0,6.0,1.0,7.0,3.0,1.0,1.0,2.0,beneficiario
7007,29.0,23.0,23.411362080766597,2.0,3.0,3.0,1.0,8.0,5.0,,,0.0,,,,,3.0,1.0,3.0,6.0,1.0,7.0,3.0,1.0,1.0,2.0,beneficiario
7007,29.0,9.0,9.013004791238878,2.0,3.0,,2.0,8.0,2.0,7.0,2.0,1.0,0.0,1.0,0.0,3.0,2.0,1.0,3.0,6.0,1.0,7.0,3.0,1.0,1.0,2.0,beneficiario
7007,29.0,7.0,7.5071868583162225,2.0,3.0,,2.0,8.0,2.0,7.0,2.0,1.0,0.0,1.0,0.0,,1.0,1.0,3.0,6.0,1.0,7.0,3.0,1.0,1.0,2.0,beneficiario
7007,29.0,4.0,4.158795345653662,1.0,3.0,,2.0,8.0,5.0,,,0.0,,,,,,1.0,3.0,6.0,1.0,7.0,3.0,1.0,1.0,2.0,beneficiario
7007,29.0,26.0,26.639288158795345,1.0,,,,,,,,,,,,,,,3.0,6.0,1.0,7.0,3.0,1.0,1.0,2.0,
7007,29.0,25.0,25.744010951403148,2.0,,,,,,,,,,,,,,,3.0,6.0,1.0,7.0,3.0,1.0,1.0,2.0,
7007,29.0,7.0,7.091033538672142,1.0,,,,,,,,,,,,,,,3.0,6.0,1.0,7.0,3.0,1.0,1.0,2.0,
7007,29.0,5.0,5.155373032169747,1.0,,,,,,,,,,,,,,,3.0,6.0,1.0,7.0,3.0,1.0,1.0,2.0,
7013,29.0,49.0,49.100616016427104,1.0,4.0,4.0,1.0,1.0,5.0,,,0.0,,,,,,1.0,,3.0,1.0,6.0,2.0,1.0,1.0,2.0,beneficiario
7013,29.0,42.0,42.22313483915127,2.0,4.0,4.0,2.0,2.0,5.0,,,0.0,,,,,,1.0,,3.0,1.0,6.0,2.0,1.0,1.0,2.0,beneficiario
7013,29.0,23.0,26.466803559206024,1.0,,,,,,,,,,,,,,,,3.0,1.0,6.0,2.0,1.0,1.0,2.0,
7013,29.0,19.0,18.992470910335385,1.0,,,,,,,,,,,,,,,,3.0,1.0,6.0,2.0,1.0,1.0,2.0,
7013,29.0,16.0,15.942505133470226,2.0,4.0,,2.0,3.0,2.0,7.0,2.0,,,1.0,0.0,9.0,,1.0,,3.0,1.0,6.0,2.0,1.0,1.0,2.0,beneficiario
7075,29.0,55.0,55.90143737166324,1.0,3.0,4.0,2.0,1.0,5.0,,,0.0,,,,,,0.0,,7.0,1.0,5.0,2.0,1.0,1.0,2.0,controle
7075,29.0,56.0,56.81587953456536,2.0,3.0,4.0,1.0,2.0,5.0,,,0.0,,,,,2.0,0.0,,7.0,1.0,5.0,2.0,1.0,1.0,2.0,controle
7075,29.0,28.0,27.81382614647502,1.0,3.0,4.0,2.0,3.0,5.0,,,0.0,,,,,2.0,0.0,,7.0,1.0,5.0,2.0,1.0,1.0,2.0,controle
7075,29.0,27.0,27.485284052019168,1.0,3.0,4.0,2.0,3.0,5.0,,,0.0,,,,,3.0,0.0,,7.0,1.0,5.0,2.0,1.0,1.0,2.0,controle
7075,29.0,22.0,22.09719370294319,1.0,3.0,4.0,2.0,3.0,5.0,,,0.0,,,,,2.0,0.0,,7.0,1.0,5.0,2.0,1.0,1.0,2.0,controle
7075,29.0,20.0,20.093086926762492,2.0,3.0,4.0,2.0,3.0,2.0,,,0.0,1.0,,,,3.0,0.0,,7.0,1.0,5.0,2.0,1.0,1.0,2.0,controle
7075,29.0,30.0,30.902121834360027,1.0,3.0,4.0,2.0,3.0,5.0,,,,,,,,,0.0,,7.0,1.0,5.0,2.0,1.0,1.0,2.0,controle
7080,29.0,47.0,47.54277891854894,1.0,3.0,4.0,2.0,1.0,5.0,,,0.0,,,,,,1.0,,4.0,1.0,,7.0,0.0,1.0,,beneficiario
7080,29.0,46.0,46.18480492813142,2.0,3.0,4.0,1.0,2.0,5.0,,,0.0,,,,,2.0,1.0,,4.0,1.0,,7.0,0.0,1.0,,beneficiario
7080,29.0,21.0,21.492128678986994,2.0,3.0,4.0,2.0,3.0,5.0,,,0.0,,,,,3.0,1.0,,4.0,1.0,,7.0,0.0,1.0,,beneficiario
7080,29.0,20.0,10.297056810403832,2.0,3.0,,2.0,3.0,2.0,,2.0,1.0,0.0,1.0,0.0,4.0,2.0,1.0,,4.0,1.0,,7.0,0.0,1.0,,beneficiario
7091,29.0,32.0,32.46543463381246,1.0,3.0,4.0,2.0,1.0,5.0,,,0.0,,,,,2.0,1.0,2.0,2.0,1.0,5.0,2.0,1.0,1.0,2.0,beneficiario
7091,29.0,25.0,25.013004791238878,2.0,3.0,4.0,2.0,2.0,5.0,,,0.0,,,,,3.0,1.0,2.0,2.0,1.0,5.0,2.0,1.0,1.0,2.0,beneficiario
7117,29.0,50.0,50.18480492813142,1.0,1.0,4.0,2.0,1.0,5.0,,,0.0,,,,,2.0,0.0,2.0,3.0,1.0,5.0,2.0,1.0,2.0,2.0,controle
7117,29.0,49.0,49.13073237508556,2.0,1.0,4.0,1.0,2.0,5.0,,,0.0,,,,,2.0,0.0,2.0,3.0,1.0,5.0,2.0,1.0,2.0,2.0,controle
7117,29.0,14.0,14.806297056810402,1.0,1.0,4.0,2.0,3.0,3.0,7.0,2.0,1.0,0.0,1.0,0.0,5.0,2.0,0.0,2.0,3.0,1.0,5.0,2.0,1.0,2.0,2.0,controle
7172,29.0,39.0,39.0,1.0,,,,,5.0,,,0.0,,,,,,,,2.0,1.0,4.0,1.0,1.0,1.0,1.0,
7172,29.0,34.0,34.0,2.0,2.0,1.0,1.0,1.0,3.0,,,0.0,1.0,,,,,1.0,,2.0,1.0,4.0,1.0,1.0,1.0,1.0,beneficiario
7172,29.0,15.0,15.0,1.0,2.0,1.0,2.0,3.0,,,1.0,,,1.0,1.0,6.0,,1.0,,2.0,1.0,4.0,1.0,1.0,1.0,1.0,beneficiario
7228,29.0,68.0,68.31759069130732,1.0,,,,,,,,,,,,,,,2.0,6.0,1.0,5.0,2.0,1.0,1.0,1.0,
7228,29.0,70.0,70.11088295687885,1.0,3.0,1.0,2.0,2.0,5.0,,,0.0,,,,,2.0,1.0,2.0,6.0,1.0,5.0,2.0,1.0,1.0,1.0,beneficiario
7228,29.0,13.0,13.347022587268993,2.0,1.0,,2.0,5.0,3.0,7.0,1.0,1.0,0.0,1.0,0.0,5.0,2.0,1.0,2.0,6.0,1.0,5.0,2.0,1.0,1.0,1.0,beneficiario
7228,29.0,68.0,68.31759069130732,2.0,1.0,1.0,1.0,1.0,5.0,,,0.0,,,,,2.0,1.0,2.0,6.0,1.0,5.0,2.0,1.0,1.0,1.0,beneficiario
7228,29.0,22.0,22.17659137577002,2.0,1.0,,2.0,5.0,,,,,,,,,,,2.0,6.0,1.0,5.0,2.0,1.0,1.0,1.0,
7228,29.0,43.0,43.8631074606434,2.0,1.0,1.0,2.0,3.0,5.0,,,0.0,,,,,3.0,1.0,2.0,6.0,1.0,5.0,2.0,1.0,1.0,1.0,beneficiario
7228,29.0,20.0,20.243668720054757,2.0,1.0,1.0,2.0,5.0,2.0,5.0,2.0,1.0,0.0,,,11.0,3.0,1.0,2.0,6.0,1.0,5.0,2.0,1.0,1.0,1.0,beneficiario
7228,29.0,9.0,9.722108145106091,2.0,,,2.0,5.0,1.0,,,1.0,0.0,1.0,0.0,2.0,2.0,1.0,2.0,6.0,1.0,5.0,2.0,1.0,1.0,1.0,beneficiario
7228,29.0,11.0,11.38945927446954,1.0,,,,,,,,,,,,,,,2.0,6.0,1.0,5.0,2.0,1.0,1.0,1.0,
7236,29.0,40.0,40.577686516084874,1.0,2.0,1.0,,,,,,,,,,,,,2.0,4.0,1.0,6.0,3.0,1.0,1.0,2.0,
7236,29.0,40.0,40.785763175906915,2.0,2.0,2.0,1.0,1.0,5.0,,,0.0,,,,,2.0,1.0,2.0,4.0,1.0,6.0,3.0,1.0,1.0,2.0,beneficiario
7236,29.0,19.0,18.921286789869953,1.0,2.0,1.0,,,,,,,,,,,,,2.0,4.0,1.0,6.0,3.0,1.0,1.0,2.0,
7236,29.0,12.0,12.750171115674195,2.0,2.0,,2.0,3.0,3.0,5.0,2.0,1.0,0.0,,0.0,6.0,2.0,1.0,2.0,4.0,1.0,6.0,3.0,1.0,1.0,2.0,beneficiario
7236,29.0,11.0,11.156741957563312,1.0,2.0,,2.0,3.0,2.0,5.0,2.0,1.0,0.0,1.0,0.0,4.0,2.0,1.0,2.0,4.0,1.0,6.0,3.0,1.0,1.0,2.0,beneficiario
7236,29.0,10.0,9.982203969883642,1.0,,,2.0,3.0,2.0,5.0,2.0,1.0,0.0,1.0,0.0,3.0,2.0,1.0,2.0,4.0,1.0,6.0,3.0,1.0,1.0,2.0,beneficiario
7258,29.0,52.0,53.21834360027378,1.0,3.0,,2.0,2.0,5.0,,,0.0,,,,,2.0,1.0,3.0,5.0,2.0,7.0,3.0,1.0,1.0,,beneficiario
7258,29.0,51.0,20.941820670773442,2.0,3.0,,2.0,1.0,5.0,,,0.0,,,,,3.0,1.0,3.0,5.0,2.0,7.0,3.0,1.0,1.0,,beneficiario
7258,29.0,32.0,32.24093086926762,1.0,3.0,,2.0,3.0,5.0,,,0.0,,,,,3.0,1.0,3.0,5.0,2.0,7.0,3.0,1.0,1.0,,beneficiario
7258,29.0,22.0,22.412046543463383,1.0,3.0,,,3.0,5.0,,,0.0,,,,,2.0,1.0,3.0,5.0,2.0,7.0,3.0,1.0,1.0,,beneficiario
7258,29.0,21.0,21.22381930184805,1.0,3.0,,2.0,3.0,5.0,,,0.0,,,,,3.0,1.0,3.0,5.0,2.0,7.0,3.0,1.0,1.0,,beneficiario
7258,29.0,9.0,9.401779603011635,2.0,,,,,,,,,,,,,,,3.0,5.0,2.0,7.0,3.0,1.0,1.0,,
7270,29.0,47.0,47.49075975359343,2.0,3.0,1.0,1.0,1.0,5.0,,,0.0,,,,,1.0,0.0,1.0,9.0,1.0,5.0,2.0,1.0,1.0,2.0,controle
7270,29.0,53.0,52.76933607118412,1.0,3.0,,2.0,2.0,5.0,,,0.0,,,,,1.0,0.0,1.0,9.0,1.0,5.0,2.0,1.0,1.0,2.0,controle
7270,29.0,25.0,24.9719370294319,1.0,,,,,,,,,,,,,,,1.0,9.0,1.0,5.0,2.0,1.0,1.0,2.0,
7270,29.0,23.0,23.660506502395616,1.0,3.0,1.0,2.0,3.0,5.0,,,0.0,,,,,1.0,0.0,1.0,9.0,1.0,5.0,2.0,1.0,1.0,2.0,controle
7270,29.0,22.0,22.327173169062284,2.0,,,,,5.0,,,0.0,,,,,1.0,0.0,1.0,9.0,1.0,5.0,2.0,1.0,1.0,2.0,controle
7270,29.0,21.0,20.86242299794661,2.0,3.0,1.0,2.0,3.0,5.0,,,0.0,,,,,,0.0,1.0,9.0,1.0,5.0,2.0,1.0,1.0,2.0,controle
7270,29.0,19.0,19.405886379192335,2.0,3.0,1.0,2.0,3.0,5.0,,,0.0,,,,,1.0,0.0,1.0,9.0,1.0,5.0,2.0,1.0,1.0,2.0,controle
7270,29.0,17.0,17.34428473648186,2.0,3.0,1.0,2.0,3.0,5.0,,,0.0,,,,,1.0,0.0,1.0,9.0,1.0,5.0,2.0,1.0,1.0,2.0,controle
7270,29.0,14.0,14.466803559206024,2.0,,,,,,,,,,,,,,,1.0,9.0,1.0,5.0,2.0,1.0,1.0,2.0,
7270,29.0,14.0,14.466803559206024,2.0,3.0,1.0,2.0,3.0,2.0,,,0.0,1.0,,,,,0.0,1.0,9.0,1.0,5.0,2.0,1.0,1.0,2.0,controle
7270,29.0,12.0,12.019164955509925,1.0,3.0,,2.0,3.0,,,,0.0,,,,,,0.0,1.0,9.0,1.0,5.0,2.0,1.0,1.0,2.0,controle
7270,29.0,28.0,27.77549623545517,1.0,,,,,,,,,,,,,,,1.0,9.0,1.0,5.0,2.0,1.0,1.0,2.0,
7270,29.0,26.0,25.883641341546884,2.0,,,,,,,,,,,,,,,1.0,9.0,1.0,5.0,2.0,1.0,1.0,2.0,
7270,29.0,5.0,5.735797399041752,2.0,,,,,,,,,,,,,,,1.0,9.0,1.0,5.0,2.0,1.0,1.0,2.0,
7382,29.0,36.0,36.6735112936345,2.0,2.0,4.0,1.0,1.0,5.0,,,0.0,,,,,2.0,0.0,2.0,4.0,1.0,4.0,2.0,1.0,1.0,2.0,controle
7382,29.0,47.0,47.39767282683094,1.0,2.0,4.0,2.0,2.0,5.0,,,0.0,,,,,2.0,,2.0,4.0,1.0,4.0,2.0,1.0,1.0,2.0,
7382,29.0,14.0,14.60643394934976,1.0,2.0,4.0,2.0,3.0,3.0,6.0,2.0,1.0,0.0,1.0,0.0,8.0,2.0,,2.0,4.0,1.0,4.0,2.0,1.0,1.0,2.0,
7382,29.0,13.0,13.615331964407938,2.0,2.0,,2.0,3.0,3.0,6.0,2.0,1.0,0.0,1.0,0.0,7.0,2.0,0.0,2.0,4.0,1.0,4.0,2.0,1.0,1.0,2.0,controle
7384,29.0,50.0,50.00958247775497,1.0,3.0,4.0,2.0,1.0,5.0,,,0.0,,,,,2.0,0.0,2.0,6.0,1.0,6.0,3.0,0.0,1.0,2.0,controle
7384,29.0,43.0,43.865845311430526,2.0,3.0,4.0,1.0,2.0,5.0,,,0.0,,,,,2.0,0.0,2.0,6.0,1.0,6.0,3.0,0.0,1.0,2.0,controle
7384,29.0,24.0,24.128678986995208,1.0,3.0,,2.0,3.0,5.0,,,0.0,,,,,2.0,0.0,2.0,6.0,1.0,6.0,3.0,0.0,1.0,2.0,controle
7384,29.0,17.0,17.916495550992472,1.0,3.0,,2.0,3.0,5.0,,,0.0,,,,,3.0,0.0,2.0,6.0,1.0,6.0,3.0,0.0,1.0,2.0,controle
7384,,,,,,,,,2.0,,2.0,1.0,0.0,1.0,0.0,11.0,3.0,0.0,2.0,6.0,1.0,6.0,3.0,0.0,1.0,2.0,controle
7384,29.0,3.0,2.9842573579739904,2.0,1.0,,2.0,5.0,5.0,,,0.0,,,,,,0.0,2.0,6.0,1.0,6.0,3.0,0.0,1.0,2.0,controle
7414,29.0,35.0,35.23613963039014,1.0,3.0,4.0,,1.0,5.0,,,1.0,,,,,2.0,0.0,2.0,5.0,1.0,5.0,2.0,1.0,1.0,2.0,controle
7414,29.0,33.0,33.007529089664615,2.0,1.0,4.0,,2.0,5.0,,,1.0,,,,,2.0,0.0,2.0,5.0,1.0,5.0,2.0,1.0,1.0,2.0,controle
7414,29.0,14.0,15.561943874058862,1.0,3.0,4.0,,3.0,2.0,6.0,1.0,1.0,0.0,1.0,0.0,7.0,2.0,0.0,2.0,5.0,1.0,5.0,2.0,1.0,1.0,2.0,controle
7414,29.0,11.0,11.745379876796715,1.0,,,,3.0,2.0,7.0,2.0,1.0,0.0,1.0,0.0,5.0,2.0,0.0,2.0,5.0,1.0,5.0,2.0,1.0,1.0,2.0,controle
7414,29.0,8.0,8.008213552361397,1.0,,,,3.0,2.0,7.0,2.0,1.0,0.0,1.0,0.0,1.0,2.0,0.0,2.0,5.0,1.0,5.0,2.0,1.0,1.0,2.0,controle
7418,29.0,64.0,64.87337440109515,1.0,3.0,4.0,,1.0,5.0,,,0.0,,,,,,0.0,,3.0,1.0,7.0,2.0,1.0,1.0,2.0,controle
7418,29.0,59.0,59.348391512662566,2.0,3.0,4.0,1.0,2.0,5.0,,,0.0,,,,,,0.0,,3.0,1.0,7.0,2.0,1.0,1.0,2.0,controle
7418,29.0,18.0,19.252566735112936,1.0,3.0,4.0,,3.0,2.0,,,0.0,1.0,,,,,0.0,,3.0,1.0,7.0,2.0,1.0,1.0,2.0,controle
7426,29.0,55.0,55.6084873374401,1.0,,,,,,,,,,,,,,,,11.0,1.0,5.0,2.0,1.0,1.0,2.0,
7426,29.0,72.0,72.30116358658454,2.0,2.0,4.0,,1.0,5.0,,,0.0,,,,,,0.0,,11.0,1.0,5.0,2.0,1.0,1.0,2.0,controle
7426,29.0,98.0,98.0,1.0,2.0,4.0,,3.0,,,,0.0,,,,,,0.0,,11.0,1.0,5.0,2.0,1.0,1.0,2.0,controle
7426,29.0,98.0,98.0,2.0,2.0,4.0,,3.0,,,,0.0,,,,,,0.0,,11.0,1.0,5.0,2.0,1.0,1.0,2.0,controle
7426,29.0,21.0,21.51129363449692,2.0,2.0,,,3.0,5.0,,,0.0,,,,,2.0,0.0,,11.0,1.0,5.0,2.0,1.0,1.0,2.0,controle
7426,29.0,24.0,34.182067077344286,1.0,,,,,,,,,,,,,,,,11.0,1.0,5.0,2.0,1.0,1.0,2.0,
7426,29.0,3.0,3.742642026009582,2.0,,,,5.0,5.0,,,0.0,,,,,,0.0,,11.0,1.0,5.0,2.0,1.0,1.0,2.0,controle
7426,29.0,4.0,5.601642710472279,2.0,,,,5.0,5.0,,,0.0,,,,,,0.0,,11.0,1.0,5.0,2.0,1.0,1.0,2.0,controle
7426,29.0,7.0,1.6591375770020533,2.0,,,,5.0,5.0,,,0.0,,,,,,0.0,,11.0,1.0,5.0,2.0,1.0,1.0,2.0,controle
7426,29.0,98.0,98.0,1.0,2.0,4.0,2.0,7.0,5.0,,,0.0,,,,,,0.0,,11.0,1.0,5.0,2.0,1.0,1.0,2.0,controle
7426,29.0,34.0,34.17659137577002,2.0,2.0,4.0,,3.0,5.0,,,0.0,,,,,,0.0,,11.0,1.0,5.0,2.0,1.0,1.0,2.0,controle
7474,29.0,58.0,58.95414099931554,2.0,3.0,3.0,2.0,1.0,5.0,,,0.0,,,,,,0.0,,4.0,1.0,5.0,3.0,1.0,1.0,2.0,controle
7474,29.0,31.0,31.321013004791237,1.0,3.0,,2.0,3.0,5.0,,,0.0,,,,,2.0,0.0,,4.0,1.0,5.0,3.0,1.0,1.0,2.0,controle
7474,29.0,20.0,20.043805612594113,1.0,3.0,,2.0,3.0,2.0,,,0.0,1.0,,,,,0.0,,4.0,1.0,5.0,3.0,1.0,1.0,2.0,controle
7474,29.0,18.0,18.354551676933607,1.0,3.0,,2.0,3.0,5.0,,,0.0,,,,,2.0,0.0,,4.0,1.0,5.0,3.0,1.0,1.0,2.0,controle
7507,29.0,55.0,55.79192334017796,1.0,3.0,1.0,2.0,1.0,5.0,,,0.0,,,,,2.0,0.0,2.0,6.0,1.0,5.0,2.0,1.0,1.0,1.0,controle
7507,29.0,39.0,39.37850787132101,2.0,3.0,4.0,1.0,2.0,5.0,,,0.0,,,,,3.0,0.0,2.0,6.0,1.0,5.0,2.0,1.0,1.0,1.0,controle
7507,29.0,17.0,17.078713210130047,1.0,3.0,4.0,2.0,2.0,2.0,7.0,1.0,1.0,0.0,1.0,0.0,9.0,3.0,0.0,2.0,6.0,1.0,5.0,2.0,1.0,1.0,1.0,controle
7507,29.0,14.0,14.420260095824778,1.0,3.0,4.0,2.0,3.0,2.0,7.0,2.0,1.0,0.0,1.0,0.0,8.0,2.0,0.0,2.0,6.0,1.0,5.0,2.0,1.0,1.0,1.0,controle
7507,29.0,11.0,11.126625598904859,1.0,3.0,,2.0,3.0,2.0,,,1.0,0.0,1.0,0.0,5.0,2.0,0.0,2.0,6.0,1.0,5.0,2.0,1.0,1.0,1.0,controle
7507,29.0,3.0,3.4031485284052017,2.0,3.0,,2.0,3.0,5.0,,,0.0,,,,,,0.0,2.0,6.0,1.0,5.0,2.0,1.0,1.0,1.0,controle
7512,29.0,31.0,32.11225188227242,2.0,3.0,3.0,,,5.0,,,0.0,,,,,2.0,0.0,,6.0,1.0,6.0,3.0,1.0,2.0,2.0,controle
7512,29.0,51.0,51.17316906228611,1.0,3.0,,,,5.0,,,0.0,,,,,2.0,0.0,,6.0,1.0,6.0,3.0,1.0,2.0,2.0,controle
7512,29.0,13.0,13.30321697467488,1.0,3.0,,,,2.0,7.0,1.0,1.0,0.0,1.0,0.0,5.0,2.0,0.0,,6.0,1.0,6.0,3.0,1.0,2.0,2.0,controle
7512,29.0,7.0,7.5509924709103355,1.0,3.0,,,,2.0,6.0,1.0,1.0,0.0,1.0,0.0,1.0,2.0,0.0,,6.0,1.0,6.0,3.0,1.0,2.0,2.0,controle
7512,29.0,5.0,5.034907597535934,2.0,3.0,,,,5.0,0.0,2.0,1.0,,1.0,0.0,,1.0,0.0,,6.0,1.0,6.0,3.0,1.0,2.0,2.0,controle
7512,29.0,3.0,3.868583162217659,1.0,3.0,,,,5.0,,,0.0,,,,,,0.0,,6.0,1.0,6.0,3.0,1.0,2.0,2.0,controle
7527,29.0,39.0,42.954140999315534,2.0,1.0,3.0,1.0,1.0,5.0,,,0.0,,,,,,1.0,,2.0,1.0,5.0,2.0,1.0,1.0,1.0,beneficiario
7527,29.0,15.0,15.917864476386038,1.0,1.0,3.0,2.0,3.0,3.0,7.0,1.0,1.0,0.0,1.0,0.0,8.0,2.0,1.0,,2.0,1.0,5.0,2.0,1.0,1.0,1.0,beneficiario
7542,29.0,59.0,57.106091718001366,1.0,3.0,4.0,2.0,1.0,5.0,,,0.0,,,,,,1.0,,7.0,1.0,7.0,4.0,1.0,2.0,2.0,beneficiario
7542,29.0,53.0,53.71663244353183,2.0,3.0,4.0,1.0,2.0,5.0,,,0.0,,,,,,1.0,,7.0,1.0,7.0,4.0,1.0,2.0,2.0,beneficiario
7542,29.0,27.0,27.59206023271732,2.0,3.0,,2.0,3.0,2.0,,,0.0,1.0,,,,,1.0,,7.0,1.0,7.0,4.0,1.0,2.0,2.0,beneficiario
7542,29.0,21.0,21.760438056125942,1.0,3.0,,2.0,3.0,3.0,7.0,1.0,1.0,0.0,1.0,0.0,10.0,3.0,1.0,,7.0,1.0,7.0,4.0,1.0,2.0,2.0,beneficiario
7542,29.0,19.0,19.72347707049966,1.0,3.0,,2.0,3.0,2.0,,,0.0,1.0,,,,,1.0,,7.0,1.0,7.0,4.0,1.0,2.0,2.0,beneficiario
7542,29.0,14.0,14.061601642710473,2.0,3.0,,2.0,5.0,2.0,,2.0,1.0,0.0,1.0,0.0,8.0,2.0,1.0,,7.0,1.0,7.0,4.0,1.0,2.0,2.0,beneficiario
7542,29.0,9.0,9.440109514031485,2.0,3.0,,2.0,5.0,2.0,,2.0,1.0,0.0,1.0,0.0,3.0,2.0,1.0,,7.0,1.0,7.0,4.0,1.0,2.0,2.0,beneficiario
7542,29.0,23.0,24.76386036960986,2.0,,,,,,,,,,,,,,,,7.0,1.0,7.0,4.0,1.0,2.0,2.0,
7582,31.0,51.0,51.0,1.0,3.0,4.0,2.0,1.0,5.0,,,0.0,,,,,,1.0,,4.0,1.0,8.0,3.0,1.0,1.0,2.0,beneficiario
7582,31.0,45.0,45.0,2.0,1.0,4.0,1.0,2.0,5.0,,,0.0,,,,,,1.0,,4.0,1.0,8.0,3.0,1.0,1.0,2.0,beneficiario
7582,31.0,14.0,14.0,1.0,3.0,4.0,2.0,3.0,3.0,7.0,1.0,1.0,0.0,1.0,1.0,,3.0,1.0,,4.0,1.0,8.0,3.0,1.0,1.0,2.0,beneficiario
7582,31.0,25.0,25.0,1.0,,,,,,,,,,,,,,,,4.0,1.0,8.0,3.0,1.0,1.0,2.0,
7582,31.0,21.0,21.0,2.0,,,,,,,,,,,,,,,,4.0,1.0,8.0,3.0,1.0,1.0,2.0,
7582,31.0,18.0,18.0,1.0,3.0,4.0,2.0,3.0,3.0,7.0,1.0,1.0,0.0,1.0,1.0,,3.0,1.0,,4.0,1.0,8.0,3.0,1.0,1.0,2.0,beneficiario
7633,31.0,52.0,51.75359342915811,2.0,3.0,,2.0,1.0,5.0,,,0.0,,,,,2.0,0.0,2.0,2.0,1.0,,,1.0,1.0,2.0,controle
7633,31.0,31.0,31.307323750855577,2.0,,,,,,,,,,,,,,,2.0,2.0,1.0,,,1.0,1.0,2.0,
7633,31.0,25.0,25.086926762491444,1.0,3.0,,2.0,3.0,5.0,,,0.0,,,,,3.0,0.0,2.0,2.0,1.0,,,1.0,1.0,2.0,controle
7633,31.0,23.0,22.822724161533195,2.0,,,,,,,,,,,,,,,2.0,2.0,1.0,,,1.0,1.0,2.0,
7633,31.0,21.0,21.065023956194388,1.0,,,,,,,,,,,,,,,2.0,2.0,1.0,,,1.0,1.0,2.0,
7633,31.0,7.0,7.427789185489391,1.0,,,,,,,,,,,,,,,2.0,2.0,1.0,,,1.0,1.0,2.0,
7633,31.0,4.0,4.265571526351814,1.0,,,,,,,,,,,,,,,2.0,2.0,1.0,,,1.0,1.0,2.0,
7633,,,,,,,,,,,,,,,,,,,2.0,2.0,1.0,,,1.0,1.0,2.0,
7650,31.0,34.0,33.87816563997262,1.0,3.0,2.0,2.0,1.0,2.0,,,0.0,1.0,,,,3.0,1.0,3.0,4.0,1.0,5.0,1.0,1.0,1.0,1.0,beneficiario
7650,31.0,37.0,37.45379876796714,2.0,3.0,2.0,1.0,2.0,2.0,,,0.0,1.0,,,,2.0,1.0,3.0,4.0,1.0,5.0,1.0,1.0,1.0,1.0,beneficiario
7650,31.0,15.0,15.457905544147843,1.0,3.0,1.0,2.0,3.0,3.0,7.0,2.0,1.0,0.0,1.0,1.0,9.0,3.0,1.0,3.0,4.0,1.0,5.0,1.0,1.0,1.0,1.0,beneficiario
7650,31.0,8.0,8.657084188911705,1.0,3.0,,2.0,3.0,2.0,7.0,2.0,1.0,0.0,1.0,1.0,3.0,2.0,1.0,3.0,4.0,1.0,5.0,1.0,1.0,1.0,1.0,beneficiario
7759,31.0,41.0,41.82340862422998,1.0,3.0,3.0,2.0,1.0,5.0,,,0.0,,,,,,0.0,,4.0,1.0,4.0,2.0,1.0,1.0,2.0,controle
7759,31.0,38.0,38.04243668720055,2.0,3.0,3.0,2.0,2.0,5.0,,,0.0,,,,,,0.0,,4.0,1.0,4.0,2.0,1.0,1.0,2.0,controle
7759,31.0,17.0,17.44832306639288,2.0,3.0,3.0,2.0,3.0,1.0,7.0,2.0,1.0,0.0,1.0,0.0,10.0,3.0,0.0,,4.0,1.0,4.0,2.0,1.0,1.0,2.0,controle
7759,31.0,15.0,15.917864476386038,2.0,3.0,3.0,2.0,3.0,1.0,6.0,2.0,1.0,0.0,1.0,0.0,9.0,3.0,0.0,,4.0,1.0,4.0,2.0,1.0,1.0,2.0,controle
7765,31.0,68.0,67.97535934291581,1.0,3.0,1.0,,1.0,2.0,,,0.0,1.0,,,,,0.0,,8.0,1.0,,4.0,2.0,1.0,1.0,controle
7765,31.0,59.0,59.04722792607803,2.0,3.0,3.0,,2.0,2.0,,,0.0,1.0,,,,,0.0,,8.0,1.0,,4.0,2.0,1.0,1.0,controle
7765,31.0,29.0,28.810403832991103,2.0,3.0,,,3.0,2.0,,,0.0,1.0,,,,,0.0,,8.0,1.0,,4.0,2.0,1.0,1.0,controle
7765,31.0,26.0,26.245037645448324,1.0,3.0,,,3.0,2.0,,,0.0,1.0,,,,,0.0,,8.0,1.0,,4.0,2.0,1.0,1.0,controle
7765,31.0,25.0,24.93360711841205,1.0,3.0,,,3.0,2.0,,,0.0,1.0,,,,,0.0,,8.0,1.0,,4.0,2.0,1.0,1.0,controle
7765,31.0,21.0,21.65639972621492,1.0,3.0,,,3.0,2.0,,,0.0,1.0,,,,3.0,0.0,,8.0,1.0,,4.0,2.0,1.0,1.0,controle
7765,31.0,19.0,18.79260780287474,1.0,3.0,,,3.0,2.0,7.0,2.0,1.0,0.0,1.0,,,,0.0,,8.0,1.0,,4.0,2.0,1.0,1.0,controle
7765,31.0,74.0,70.43668720054757,2.0,3.0,,,8.0,5.0,,,0.0,,,,,,0.0,,8.0,1.0,,4.0,2.0,1.0,1.0,controle
7779,31.0,29.0,29.73579739904175,2.0,3.0,1.0,2.0,3.0,5.0,,,0.0,,,,,3.0,0.0,2.0,3.0,1.0,5.0,2.0,1.0,1.0,1.0,controle
7779,31.0,9.0,9.111567419575632,2.0,3.0,,2.0,5.0,2.0,7.0,2.0,1.0,0.0,1.0,0.0,0.0,1.0,0.0,2.0,3.0,1.0,5.0,2.0,1.0,1.0,1.0,controle
7779,31.0,50.0,50.79534565366188,2.0,3.0,1.0,2.0,1.0,5.0,,,0.0,,,,,2.0,0.0,2.0,3.0,1.0,5.0,2.0,1.0,1.0,1.0,controle
7818,31.0,39.0,41.733059548254616,2.0,3.0,,1.0,2.0,5.0,,,0.0,,,,,3.0,0.0,2.0,3.0,1.0,5.0,3.0,1.0,1.0,2.0,controle
7818,31.0,54.0,54.79260780287474,1.0,3.0,,2.0,1.0,5.0,,,0.0,,,,,2.0,0.0,2.0,3.0,1.0,5.0,3.0,1.0,1.0,2.0,controle
7818,31.0,22.0,22.97056810403833,1.0,,,,,,,,,,,,,,,2.0,3.0,1.0,5.0,3.0,1.0,1.0,2.0,
7818,31.0,20.0,21.15811088295688,2.0,,,,,,,,,,,,,,,2.0,3.0,1.0,5.0,3.0,1.0,1.0,2.0,
7818,31.0,19.0,20.05475701574264,2.0,,,,,,,,,,,,,,,2.0,3.0,1.0,5.0,3.0,1.0,1.0,2.0,
7818,31.0,14.0,14.373716632443532,1.0,3.0,,2.0,3.0,3.0,,,0.0,1.0,,,,,0.0,2.0,3.0,1.0,5.0,3.0,1.0,1.0,2.0,controle
7821,31.0,36.0,36.980150581793296,2.0,2.0,4.0,2.0,2.0,1.0,,,0.0,1.0,,,,,0.0,,3.0,1.0,4.0,2.0,0.0,2.0,2.0,controle
7821,31.0,45.0,45.12251882272416,1.0,3.0,4.0,2.0,1.0,1.0,,,0.0,1.0,,,,,0.0,,3.0,1.0,4.0,2.0,0.0,2.0,2.0,controle
7821,31.0,15.0,15.238877481177276,2.0,3.0,,2.0,3.0,3.0,7.0,2.0,1.0,0.0,1.0,0.0,8.0,2.0,0.0,,3.0,1.0,4.0,2.0,0.0,2.0,2.0,controle
7842,31.0,43.0,43.75633127994524,1.0,2.0,4.0,2.0,1.0,5.0,,,0.0,,,,,2.0,0.0,2.0,4.0,1.0,6.0,2.0,1.0,1.0,1.0,controle
7842,31.0,36.0,36.199863107460644,2.0,,,,,,,,,,,,,,,2.0,4.0,1.0,6.0,2.0,1.0,1.0,1.0,
7842,31.0,14.0,14.620123203285422,1.0,3.0,4.0,,3.0,3.0,7.0,2.0,1.0,0.0,0.8571428571428571,1.0,8.0,2.0,0.0,2.0,4.0,1.0,6.0,2.0,1.0,1.0,1.0,controle
7842,31.0,12.0,12.761122518822724,2.0,3.0,,,3.0,3.0,7.0,2.0,1.0,0.0,1.0,0.0,6.0,2.0,0.0,2.0,4.0,1.0,6.0,2.0,1.0,1.0,1.0,controle
7842,31.0,10.0,10.715947980835045,2.0,3.0,,,3.0,2.0,7.0,2.0,1.0,0.0,1.0,0.0,4.0,2.0,0.0,2.0,4.0,1.0,6.0,2.0,1.0,1.0,1.0,controle
7844,31.0,78.0,77.6892539356605,1.0,3.0,4.0,2.0,1.0,2.0,,,0.0,1.0,,,,,0.0,,1.0,1.0,8.0,2.0,1.0,1.0,2.0,controle
7854,31.0,46.0,45.798767967145785,1.0,2.0,4.0,2.0,1.0,5.0,,,0.0,,,,,2.0,0.0,2.0,4.0,1.0,7.0,3.0,1.0,1.0,2.0,controle
7854,31.0,36.0,36.61327857631759,2.0,2.0,3.0,2.0,2.0,5.0,,,0.0,,,,,,0.0,2.0,4.0,1.0,7.0,3.0,1.0,1.0,2.0,controle
7854,31.0,17.0,17.607118412046542,1.0,2.0,3.0,2.0,3.0,3.0,6.0,1.0,1.0,0.0,0.2,1.0,2.0,2.0,0.0,2.0,4.0,1.0,7.0,3.0,1.0,1.0,2.0,controle
7854,31.0,12.0,12.692676249144421,1.0,2.0,,2.0,3.0,3.0,6.0,2.0,1.0,0.0,0.2,1.0,,3.0,0.0,2.0,4.0,1.0,7.0,3.0,1.0,1.0,2.0,controle
7854,31.0,,10.699520876112251,2.0,,,,,,,,,,,,,,,2.0,4.0,1.0,7.0,3.0,1.0,1.0,2.0,
7921,31.0,26.0,26.885694729637233,1.0,,4.0,,1.0,5.0,,,0.0,,,,,2.0,0.0,2.0,1.0,1.0,6.0,2.0,1.0,1.0,1.0,controle
7953,31.0,44.0,44.09308692676249,1.0,1.0,4.0,2.0,1.0,5.0,,,0.0,,,,,2.0,0.0,2.0,7.0,1.0,8.0,3.0,1.0,1.0,1.0,controle
7953,31.0,34.0,34.770704996577685,2.0,1.0,,2.0,2.0,5.0,,,0.0,,,,,2.0,0.0,2.0,7.0,1.0,8.0,3.0,1.0,1.0,1.0,controle
7953,31.0,12.0,12.851471594798083,2.0,1.0,,2.0,3.0,3.0,7.0,2.0,1.0,0.0,1.0,0.0,6.0,2.0,0.0,2.0,7.0,1.0,8.0,3.0,1.0,1.0,1.0,controle
7953,31.0,11.0,11.964407939767282,2.0,1.0,,2.0,3.0,3.0,7.0,1.0,1.0,0.0,1.0,0.0,4.0,2.0,0.0,2.0,7.0,1.0,8.0,3.0,1.0,1.0,1.0,controle
7953,31.0,9.0,9.295003422313483,2.0,1.0,,2.0,3.0,3.0,7.0,2.0,1.0,0.0,1.0,1.0,2.0,2.0,0.0,2.0,7.0,1.0,8.0,3.0,1.0,1.0,1.0,controle
7953,31.0,4.0,4.339493497604381,1.0,1.0,,2.0,3.0,5.0,,,0.0,,,,,,0.0,2.0,7.0,1.0,8.0,3.0,1.0,1.0,1.0,controle
7953,31.0,71.0,70.93223819301849,2.0,1.0,4.0,2.0,4.0,5.0,,,0.0,,,,,2.0,0.0,2.0,7.0,1.0,8.0,3.0,1.0,1.0,1.0,controle
8039,31.0,43.0,43.0,1.0,1.0,,2.0,1.0,5.0,,,0.0,,,,,3.0,1.0,3.0,4.0,1.0,8.0,4.0,1.0,1.0,1.0,beneficiario
8039,31.0,41.0,41.0,2.0,1.0,,2.0,2.0,5.0,,,0.0,,,,,3.0,1.0,3.0,4.0,1.0,8.0,4.0,1.0,1.0,1.0,beneficiario
8039,31.0,19.0,19.0,1.0,,,,,,,,,,,,,,,3.0,4.0,1.0,8.0,4.0,1.0,1.0,1.0,
8039,31.0,16.0,16.0,1.0,1.0,,2.0,3.0,3.0,5.0,2.0,1.0,0.0,1.0,0.0,10.0,3.0,1.0,3.0,4.0,1.0,8.0,4.0,1.0,1.0,1.0,beneficiario
8039,31.0,14.0,14.0,2.0,1.0,,2.0,3.0,3.0,5.0,2.0,1.0,0.0,1.0,0.0,8.0,2.0,1.0,3.0,4.0,1.0,8.0,4.0,1.0,1.0,1.0,beneficiario
8070,31.0,55.0,55.0,1.0,3.0,,1.0,1.0,5.0,,,0.0,,,,,,1.0,,4.0,1.0,7.0,4.0,1.0,1.0,2.0,beneficiario
8070,31.0,41.0,41.0,2.0,3.0,,2.0,2.0,5.0,,,0.0,,,,,,1.0,,4.0,1.0,7.0,4.0,1.0,1.0,2.0,beneficiario
8070,31.0,18.0,18.0,1.0,3.0,,2.0,3.0,3.0,5.0,1.0,1.0,0.0,1.0,0.0,,3.0,1.0,,4.0,1.0,7.0,4.0,1.0,1.0,2.0,beneficiario
8070,31.0,15.0,15.0,2.0,3.0,,2.0,3.0,3.0,6.0,2.0,1.0,0.0,1.0,0.0,,3.0,1.0,,4.0,1.0,7.0,4.0,1.0,1.0,2.0,beneficiario
8146,31.0,44.0,44.0,1.0,1.0,1.0,2.0,1.0,5.0,,,0.0,,,,,2.0,1.0,2.0,4.0,1.0,3.0,1.0,1.0,1.0,1.0,beneficiario
8146,31.0,41.0,41.0,2.0,1.0,1.0,1.0,2.0,5.0,,,0.0,,,,,3.0,1.0,2.0,4.0,1.0,3.0,1.0,1.0,1.0,1.0,beneficiario
8146,31.0,12.0,12.0,1.0,1.0,,2.0,3.0,3.0,,2.0,1.0,0.0,1.0,0.0,6.0,2.0,1.0,2.0,4.0,1.0,3.0,1.0,1.0,1.0,1.0,beneficiario
8146,31.0,7.0,7.0,2.0,2.0,,2.0,3.0,3.0,,2.0,1.0,0.0,1.0,0.0,,1.0,1.0,2.0,4.0,1.0,3.0,1.0,1.0,1.0,1.0,beneficiario
8197,31.0,46.0,46.23956194387406,1.0,1.0,1.0,2.0,1.0,5.0,,,0.0,,,,,,1.0,,4.0,1.0,7.0,3.0,2.0,1.0,1.0,beneficiario
8197,31.0,40.0,39.97262149212868,2.0,1.0,1.0,2.0,2.0,5.0,,,0.0,,,,,,1.0,,4.0,1.0,7.0,3.0,2.0,1.0,1.0,beneficiario
8197,31.0,7.0,7.049965776865161,2.0,1.0,,2.0,3.0,1.0,,2.0,1.0,0.0,1.0,1.0,1.0,2.0,1.0,,4.0,1.0,7.0,3.0,2.0,1.0,1.0,beneficiario
8197,31.0,0.0,0.04380561259411362,2.0,1.0,,2.0,3.0,5.0,,,0.0,,,,,,1.0,,4.0,1.0,7.0,3.0,2.0,1.0,1.0,beneficiario
8360,31.0,54.0,54.23956194387406,1.0,2.0,1.0,2.0,1.0,5.0,,,0.0,,,,,2.0,1.0,2.0,5.0,1.0,5.0,2.0,1.0,1.0,1.0,beneficiario
8360,31.0,21.0,21.286789869952088,2.0,2.0,1.0,2.0,3.0,5.0,,,0.0,,,,,,1.0,2.0,5.0,1.0,5.0,2.0,1.0,1.0,1.0,beneficiario
8360,31.0,19.0,19.09650924024641,1.0,2.0,1.0,2.0,3.0,5.0,,,0.0,,,,,,1.0,2.0,5.0,1.0,5.0,2.0,1.0,1.0,1.0,beneficiario
8360,31.0,15.0,14.973305954825461,1.0,2.0,1.0,2.0,3.0,2.0,,2.0,1.0,0.0,1.0,0.0,10.0,3.0,1.0,2.0,5.0,1.0,5.0,2.0,1.0,1.0,1.0,beneficiario
8360,31.0,12.0,12.391512662559892,1.0,2.0,,2.0,3.0,2.0,,2.0,1.0,0.0,1.0,0.0,7.0,2.0,1.0,2.0,5.0,1.0,5.0,2.0,1.0,1.0,1.0,beneficiario
8382,31.0,36.0,36.93908281998631,2.0,1.0,1.0,2.0,1.0,5.0,,,0.0,,,,,3.0,1.0,3.0,3.0,1.0,5.0,2.0,1.0,1.0,1.0,beneficiario
8382,31.0,18.0,18.406570841889117,1.0,1.0,1.0,2.0,3.0,5.0,,,0.0,,,,,3.0,1.0,3.0,3.0,1.0,5.0,2.0,1.0,1.0,1.0,beneficiario
8382,31.0,13.0,13.793292265571527,1.0,1.0,,2.0,3.0,2.0,7.0,2.0,1.0,0.0,1.0,0.0,5.0,2.0,1.0,3.0,3.0,1.0,5.0,2.0,1.0,1.0,1.0,beneficiario
8403,31.0,29.0,29.0,1.0,2.0,1.0,2.0,1.0,5.0,,,0.0,,,,,2.0,1.0,2.0,5.0,1.0,5.0,2.0,1.0,1.0,1.0,beneficiario
8403,31.0,31.0,31.0,2.0,2.0,,2.0,2.0,5.0,,,0.0,,,,,2.0,1.0,2.0,5.0,1.0,5.0,2.0,1.0,1.0,1.0,beneficiario
8403,31.0,11.0,11.0,2.0,2.0,,2.0,3.0,5.0,,,0.0,,,,,3.0,1.0,2.0,5.0,1.0,5.0,2.0,1.0,1.0,1.0,beneficiario
8403,31.0,8.0,8.0,1.0,2.0,,2.0,3.0,3.0,7.0,2.0,1.0,0.0,1.0,0.0,7.0,2.0,1.0,2.0,5.0,1.0,5.0,2.0,1.0,1.0,1.0,beneficiario
8403,31.0,6.0,6.0,1.0,2.0,,2.0,3.0,5.0,7.0,2.0,1.0,,1.0,0.0,1.0,2.0,1.0,2.0,5.0,1.0,5.0,2.0,1.0,1.0,1.0,beneficiario
8486,31.0,44.0,44.580424366872,1.0,1.0,4.0,2.0,1.0,5.0,,,0.0,,,,,2.0,1.0,2.0,4.0,1.0,6.0,2.0,1.0,1.0,1.0,beneficiario
8486,31.0,38.0,38.11362080766598,2.0,2.0,4.0,1.0,2.0,5.0,,,0.0,,,,,2.0,1.0,2.0,4.0,1.0,6.0,2.0,1.0,1.0,1.0,beneficiario
8486,31.0,18.0,18.55715263518138,2.0,2.0,4.0,2.0,3.0,3.0,,,0.0,1.0,,,,2.0,1.0,2.0,4.0,1.0,6.0,2.0,1.0,1.0,1.0,beneficiario
8486,31.0,13.0,13.785078713210131,2.0,2.0,,2.0,3.0,3.0,5.0,2.0,1.0,0.0,0.2,1.0,7.0,2.0,1.0,2.0,4.0,1.0,6.0,2.0,1.0,1.0,1.0,beneficiario
8486,,,,,,,,,,,,,,,,,,,2.0,4.0,1.0,6.0,2.0,1.0,1.0,1.0,
8529,31.0,41.0,41.785078713210126,1.0,3.0,3.0,2.0,1.0,5.0,,,0.0,,,,,2.0,0.0,2.0,3.0,1.0,3.0,1.0,1.0,1.0,,controle
8529,31.0,29.0,29.913757700205338,2.0,3.0,,1.0,2.0,5.0,,,0.0,,,,,3.0,0.0,2.0,3.0,1.0,3.0,1.0,1.0,1.0,,controle
8529,31.0,6.0,6.231348391512663,2.0,,,2.0,3.0,2.0,,2.0,1.0,0.0,1.0,1.0,,1.0,0.0,2.0,3.0,1.0,3.0,1.0,1.0,1.0,,controle
8555,31.0,39.0,39.44421629021218,1.0,2.0,4.0,,1.0,5.0,,,0.0,,,,,2.0,1.0,2.0,6.0,1.0,8.0,4.0,1.0,1.0,1.0,beneficiario
8555,31.0,36.0,36.0766598220397,2.0,2.0,4.0,1.0,2.0,5.0,,,0.0,,,,,2.0,1.0,2.0,6.0,1.0,8.0,4.0,1.0,1.0,1.0,beneficiario
8555,31.0,13.0,13.894592744695414,2.0,2.0,,2.0,3.0,2.0,7.0,1.0,1.0,0.0,1.0,0.0,5.0,2.0,1.0,2.0,6.0,1.0,8.0,4.0,1.0,1.0,1.0,beneficiario
8555,31.0,12.0,12.172484599589321,1.0,2.0,,2.0,3.0,2.0,7.0,1.0,1.0,0.0,1.0,0.0,5.0,2.0,1.0,2.0,6.0,1.0,8.0,4.0,1.0,1.0,1.0,beneficiario
8555,31.0,7.0,7.600273785078714,1.0,,,2.0,3.0,2.0,6.0,2.0,1.0,0.0,1.0,0.0,2.0,2.0,1.0,2.0,6.0,1.0,8.0,4.0,1.0,1.0,1.0,beneficiario
8555,31.0,7.0,7.600273785078714,2.0,2.0,,2.0,3.0,2.0,6.0,2.0,1.0,0.0,1.0,0.0,2.0,2.0,1.0,2.0,6.0,1.0,8.0,4.0,1.0,1.0,1.0,beneficiario
8653,31.0,78.0,78.2943189596167,1.0,1.0,4.0,2.0,1.0,5.0,,,0.0,,,,,2.0,1.0,2.0,6.0,2.0,7.0,4.0,2.0,1.0,2.0,beneficiario
8653,31.0,70.0,70.45037645448322,2.0,1.0,4.0,2.0,2.0,5.0,,,0.0,,,,,2.0,1.0,2.0,6.0,2.0,7.0,4.0,2.0,1.0,2.0,beneficiario
8653,31.0,36.0,36.30116358658453,1.0,,,,,,,,,,,,,,,2.0,6.0,2.0,7.0,4.0,2.0,1.0,2.0,
8653,31.0,32.0,32.63518138261465,1.0,1.0,4.0,2.0,7.0,5.0,,,0.0,,,,,2.0,1.0,2.0,6.0,2.0,7.0,4.0,2.0,1.0,2.0,beneficiario
8653,31.0,35.0,38.44216290212184,2.0,1.0,4.0,2.0,3.0,5.0,,,0.0,,,,,2.0,1.0,2.0,6.0,2.0,7.0,4.0,2.0,1.0,2.0,beneficiario
8653,31.0,8.0,8.76933607118412,2.0,1.0,,2.0,5.0,3.0,6.0,2.0,1.0,0.0,1.0,0.0,2.0,2.0,1.0,2.0,6.0,2.0,7.0,4.0,2.0,1.0,2.0,beneficiario
8653,31.0,6.0,6.151950718685831,1.0,1.0,,2.0,5.0,2.0,0.0,2.0,1.0,0.0,1.0,0.0,0.0,1.0,1.0,2.0,6.0,2.0,7.0,4.0,2.0,1.0,2.0,beneficiario
8683,31.0,59.0,59.854893908281994,1.0,2.0,4.0,2.0,1.0,5.0,,,0.0,,,,,2.0,1.0,2.0,11.0,3.0,,5.0,2.0,1.0,2.0,beneficiario
8683,31.0,52.0,52.27378507871321,2.0,3.0,4.0,1.0,2.0,5.0,,,0.0,,,,,2.0,1.0,2.0,11.0,3.0,,5.0,2.0,1.0,2.0,beneficiario
8683,31.0,31.0,31.56741957563313,1.0,3.0,3.0,2.0,3.0,5.0,,,0.0,,,,,2.0,1.0,2.0,11.0,3.0,,5.0,2.0,1.0,2.0,beneficiario
8683,31.0,28.0,28.73921971252567,2.0,3.0,3.0,2.0,3.0,5.0,,,0.0,,,,,3.0,1.0,2.0,11.0,3.0,,5.0,2.0,1.0,2.0,beneficiario
8683,31.0,27.0,27.742642026009584,2.0,3.0,3.0,2.0,3.0,5.0,,,0.0,,,,,3.0,1.0,2.0,11.0,3.0,,5.0,2.0,1.0,2.0,beneficiario
8683,31.0,26.0,26.72416153319644,1.0,3.0,3.0,2.0,3.0,,,,,,,,,,,2.0,11.0,3.0,,5.0,2.0,1.0,2.0,
8683,31.0,25.0,25.259411362080765,1.0,3.0,3.0,2.0,3.0,5.0,,,0.0,,,,,3.0,1.0,2.0,11.0,3.0,,5.0,2.0,1.0,2.0,beneficiario
8683,31.0,23.0,21.867214236824093,2.0,3.0,3.0,2.0,3.0,5.0,,,0.0,,,,,2.0,1.0,2.0,11.0,3.0,,5.0,2.0,1.0,2.0,beneficiario
8683,31.0,21.0,21.867214236824093,2.0,3.0,3.0,2.0,3.0,5.0,,,0.0,,,,,2.0,1.0,2.0,11.0,3.0,,5.0,2.0,1.0,2.0,beneficiario
8683,31.0,5.0,5.19917864476386,2.0,,,2.0,5.0,2.0,0.0,2.0,1.0,0.0,1.0,1.0,,1.0,1.0,2.0,11.0,3.0,,5.0,2.0,1.0,2.0,beneficiario
8683,31.0,2.0,2.7953456536618755,1.0,3.0,,2.0,5.0,5.0,,,0.0,,,,,,1.0,2.0,11.0,3.0,,5.0,2.0,1.0,2.0,beneficiario
8715,31.0,50.0,49.765913757700204,2.0,2.0,4.0,2.0,1.0,5.0,,,0.0,,,,,,1.0,,7.0,1.0,5.0,2.0,1.0,1.0,2.0,beneficiario
8715,31.0,17.0,17.14442162902122,2.0,2.0,3.0,1.0,3.0,5.0,,,0.0,,,,,2.0,1.0,,7.0,1.0,5.0,2.0,1.0,1.0,2.0,beneficiario
8715,31.0,15.0,15.00889801505818,1.0,2.0,3.0,2.0,3.0,3.0,5.0,1.0,1.0,0.0,1.0,0.0,7.0,2.0,1.0,,7.0,1.0,5.0,2.0,1.0,1.0,2.0,beneficiario
8715,31.0,12.0,12.750171115674195,2.0,2.0,,2.0,3.0,3.0,5.0,1.0,1.0,0.0,1.0,0.0,4.0,2.0,1.0,,7.0,1.0,5.0,2.0,1.0,1.0,2.0,beneficiario
8715,31.0,8.0,8.501026694045175,2.0,2.0,,2.0,3.0,3.0,,2.0,1.0,0.0,1.0,0.0,3.0,2.0,1.0,,7.0,1.0,5.0,2.0,1.0,1.0,2.0,beneficiario
8715,31.0,2.0,2.3353867214236823,1.0,2.0,,2.0,3.0,5.0,,,0.0,,,,,,1.0,,7.0,1.0,5.0,2.0,1.0,1.0,2.0,beneficiario
8715,31.0,2.0,2.8227241615331966,2.0,2.0,,,,5.0,,,0.0,,,,,,1.0,,7.0,1.0,5.0,2.0,1.0,1.0,2.0,beneficiario
8721,31.0,68.0,68.04654346338125,1.0,1.0,4.0,,1.0,5.0,,,0.0,,,,,,1.0,,2.0,1.0,8.0,4.0,1.0,1.0,2.0,beneficiario
8721,31.0,56.0,56.624229979466115,2.0,1.0,4.0,,2.0,5.0,,,0.0,,,,,2.0,1.0,,2.0,1.0,8.0,4.0,1.0,1.0,2.0,beneficiario
8721,31.0,95.0,93.46475017111567,2.0,,,,,,,,,,,,,,,,2.0,1.0,8.0,4.0,1.0,1.0,2.0,
8721,31.0,21.0,21.16084873374401,1.0,,,,,,,,,,,,,,,,2.0,1.0,8.0,4.0,1.0,1.0,2.0,
8721,31.0,12.0,12.317590691307322,2.0,,,,,,,,,,,,,,,,2.0,1.0,8.0,4.0,1.0,1.0,2.0,
8721,31.0,27.0,27.674195756331283,1.0,,,,,,,,,,,,,,,,2.0,1.0,8.0,4.0,1.0,1.0,2.0,
8721,31.0,24.0,24.175222450376452,2.0,,,,,,,,,,,,,,,,2.0,1.0,8.0,4.0,1.0,1.0,2.0,
8721,31.0,4.0,4.506502395619439,1.0,,,,,,,,,,,,,,,,2.0,1.0,8.0,4.0,1.0,1.0,2.0,
8721,31.0,4.0,4.506502395619439,1.0,,,,,,,,,,,,,,,,2.0,1.0,8.0,4.0,1.0,1.0,2.0,
8725,31.0,30.0,30.795345653661876,1.0,3.0,4.0,,1.0,5.0,,,0.0,,,,,,1.0,,5.0,1.0,6.0,3.0,1.0,1.0,1.0,beneficiario
8725,31.0,33.0,33.11430527036276,2.0,3.0,,1.0,2.0,5.0,,,0.0,,,,,2.0,1.0,,5.0,1.0,6.0,3.0,1.0,1.0,1.0,beneficiario
8725,31.0,8.0,8.61327857631759,1.0,3.0,,,3.0,2.0,8.0,1.0,1.0,0.0,0.4,1.0,1.0,2.0,1.0,,5.0,1.0,6.0,3.0,1.0,1.0,1.0,beneficiario
8725,31.0,6.0,6.713210130047912,2.0,3.0,,,3.0,5.0,,,0.0,,,,,,1.0,,5.0,1.0,6.0,3.0,1.0,1.0,1.0,beneficiario
8725,31.0,1.0,1.7084188911704314,2.0,,,,3.0,,,,,,,,,,1.0,,5.0,1.0,6.0,3.0,1.0,1.0,1.0,beneficiario
8735,31.0,58.0,58.17385352498289,1.0,3.0,,2.0,1.0,5.0,,,0.0,,,,,,1.0,,4.0,1.0,7.0,3.0,1.0,1.0,2.0,beneficiario
8735,31.0,55.0,54.195756331279945,2.0,1.0,,1.0,2.0,5.0,,,0.0,,,,,,1.0,,4.0,1.0,7.0,3.0,1.0,1.0,2.0,beneficiario
8735,31.0,22.0,22.19028062970568,1.0,3.0,,2.0,3.0,3.0,,,0.0,1.0,,,,3.0,1.0,,4.0,1.0,7.0,3.0,1.0,1.0,2.0,beneficiario
8735,31.0,16.0,16.706365503080082,1.0,3.0,,2.0,3.0,3.0,7.0,2.0,1.0,0.0,1.0,0.0,10.0,3.0,1.0,,4.0,1.0,7.0,3.0,1.0,1.0,2.0,beneficiario
8962,31.0,57.0,57.322381930184804,2.0,3.0,,2.0,1.0,5.0,,,0.0,,,,,,1.0,,3.0,1.0,7.0,3.0,2.0,1.0,2.0,beneficiario
8962,31.0,15.0,15.17864476386037,1.0,3.0,,2.0,3.0,2.0,7.0,2.0,1.0,0.0,1.0,0.0,1.0,2.0,1.0,,3.0,1.0,7.0,3.0,2.0,1.0,2.0,beneficiario
8962,31.0,84.0,83.95345653661875,1.0,3.0,,2.0,4.0,5.0,,,0.0,,,,,,1.0,,3.0,1.0,7.0,3.0,2.0,1.0,2.0,beneficiario
8962,31.0,42.0,42.62286105407255,2.0,,,,,,,,,,,,,,,,3.0,1.0,7.0,3.0,2.0,1.0,2.0,
8962,31.0,9.0,9.037645448323067,2.0,,,,,,,,,,,,,,,,3.0,1.0,7.0,3.0,2.0,1.0,2.0,
8974,31.0,31.0,31.69883641341547,1.0,3.0,3.0,2.0,1.0,2.0,,,0.0,1.0,,,,2.0,1.0,2.0,6.0,1.0,6.0,3.0,1.0,1.0,1.0,beneficiario
8974,31.0,32.0,32.47091033538672,2.0,3.0,3.0,1.0,2.0,2.0,,,0.0,1.0,,,,2.0,1.0,2.0,6.0,1.0,6.0,3.0,1.0,1.0,1.0,beneficiario
8974,31.0,15.0,15.471594798083505,2.0,3.0,3.0,2.0,3.0,3.0,6.0,1.0,1.0,0.0,,1.0,7.0,2.0,1.0,2.0,6.0,1.0,6.0,3.0,1.0,1.0,1.0,beneficiario
8974,31.0,12.0,12.068446269678303,2.0,3.0,,2.0,3.0,3.0,6.0,2.0,1.0,0.0,,1.0,5.0,2.0,1.0,2.0,6.0,1.0,6.0,3.0,1.0,1.0,1.0,beneficiario
8974,31.0,9.0,8.002737850787133,1.0,3.0,,2.0,3.0,3.0,6.0,2.0,1.0,0.0,,1.0,2.0,2.0,1.0,2.0,6.0,1.0,6.0,3.0,1.0,1.0,1.0,beneficiario
8974,31.0,6.0,6.006844626967831,1.0,3.0,,2.0,3.0,5.0,5.0,2.0,,,0.2,1.0,,,1.0,2.0,6.0,1.0,6.0,3.0,1.0,1.0,1.0,beneficiario
8981,31.0,30.0,30.4476386036961,1.0,2.0,3.0,2.0,1.0,1.0,,,0.0,1.0,,,,2.0,1.0,2.0,4.0,1.0,3.0,3.0,1.0,1.0,2.0,beneficiario
8981,31.0,23.0,23.5564681724846,2.0,2.0,3.0,2.0,2.0,1.0,,,0.0,1.0,,,,2.0,1.0,2.0,4.0,1.0,3.0,3.0,1.0,1.0,2.0,beneficiario
8981,31.0,6.0,6.559890485968515,1.0,2.0,,2.0,3.0,3.0,6.0,2.0,1.0,0.0,,1.0,,1.0,1.0,2.0,4.0,1.0,3.0,3.0,1.0,1.0,2.0,beneficiario
8981,31.0,4.0,4.243668720054757,1.0,2.0,,2.0,3.0,1.0,,,0.0,1.0,,,,,1.0,2.0,4.0,1.0,3.0,3.0,1.0,1.0,2.0,beneficiario
8995,31.0,45.0,45.563312799452426,1.0,3.0,4.0,2.0,1.0,5.0,,,0.0,,,,,,1.0,,5.0,1.0,5.0,2.0,1.0,1.0,2.0,beneficiario
8995,31.0,47.0,46.98699520876112,2.0,3.0,4.0,1.0,2.0,5.0,,,0.0,,,,,,1.0,,5.0,1.0,5.0,2.0,1.0,1.0,2.0,beneficiario
8995,31.0,23.0,23.381245722108144,1.0,,,,,,,,,,,,,,,,5.0,1.0,5.0,2.0,1.0,1.0,2.0,
8995,31.0,22.0,21.905544147843944,2.0,3.0,4.0,2.0,3.0,5.0,,,0.0,,,,,2.0,1.0,,5.0,1.0,5.0,2.0,1.0,1.0,2.0,beneficiario
8995,31.0,15.0,15.049965776865163,1.0,3.0,,2.0,3.0,3.0,5.0,2.0,1.0,0.0,0.8333333333333334,1.0,8.0,2.0,1.0,,5.0,1.0,5.0,2.0,1.0,1.0,2.0,beneficiario
8995,31.0,7.0,7.972621492128679,2.0,3.0,,2.0,3.0,2.0,5.0,2.0,1.0,0.0,1.0,0.0,0.0,1.0,1.0,,5.0,1.0,5.0,2.0,1.0,1.0,2.0,beneficiario
9028,31.0,39.0,38.99520876112252,1.0,3.0,4.0,2.0,1.0,5.0,,,0.0,,,,,,0.0,,3.0,1.0,4.0,2.0,1.0,1.0,2.0,controle
9028,31.0,36.0,36.43805612594114,2.0,3.0,4.0,1.0,2.0,5.0,,,0.0,,,,,,0.0,,3.0,1.0,4.0,2.0,1.0,1.0,2.0,controle
9028,31.0,14.0,14.0,1.0,,,,,,,,,,,,,,,,3.0,1.0,4.0,2.0,1.0,1.0,2.0,
9028,31.0,11.0,11.277207392197125,1.0,3.0,,2.0,3.0,2.0,,,1.0,0.0,1.0,1.0,4.0,2.0,0.0,,3.0,1.0,4.0,2.0,1.0,1.0,2.0,controle
9053,31.0,52.0,52.69815195071869,1.0,2.0,,2.0,1.0,5.0,,,0.0,,,,,2.0,0.0,2.0,6.0,2.0,,,1.0,1.0,1.0,controle
9053,31.0,52.0,51.79739904175223,2.0,2.0,,2.0,2.0,5.0,,,0.0,,,,,2.0,0.0,2.0,6.0,2.0,,,1.0,1.0,1.0,controle
9053,31.0,26.0,26.09445585215606,1.0,2.0,,2.0,3.0,5.0,,,0.0,,,,,3.0,0.0,2.0,6.0,2.0,,,1.0,1.0,1.0,controle
9053,31.0,20.0,20.03832991101985,2.0,2.0,,2.0,7.0,5.0,,,0.0,,,,,3.0,0.0,2.0,6.0,2.0,,,1.0,1.0,1.0,controle
9053,31.0,7.0,7.843942505133471,1.0,2.0,,2.0,5.0,2.0,,2.0,1.0,0.0,1.0,0.0,2.0,2.0,0.0,2.0,6.0,2.0,,,1.0,1.0,1.0,controle
9053,31.0,5.0,5.549623545516769,1.0,2.0,,2.0,5.0,2.0,,2.0,1.0,0.0,1.0,0.0,,1.0,0.0,2.0,6.0,2.0,,,1.0,1.0,1.0,controle
9054,31.0,46.0,46.46132785763176,2.0,1.0,,1.0,1.0,5.0,,,0.0,,,,,3.0,0.0,3.0,4.0,1.0,5.0,2.0,0.0,2.0,1.0,controle
9054,31.0,36.0,36.668035592060235,1.0,1.0,,2.0,2.0,5.0,,,0.0,,,,,2.0,0.0,3.0,4.0,1.0,5.0,2.0,0.0,2.0,1.0,controle
9054,31.0,12.0,12.54483230663929,2.0,2.0,,2.0,3.0,1.0,7.0,2.0,1.0,0.0,1.0,,6.0,2.0,0.0,3.0,4.0,1.0,5.0,2.0,0.0,2.0,1.0,controle
9054,31.0,4.0,4.728268309377139,,2.0,,2.0,3.0,5.0,,,0.0,,,,,,0.0,3.0,4.0,1.0,5.0,2.0,0.0,2.0,1.0,controle
9086,31.0,32.0,32.180698151950715,2.0,1.0,,1.0,1.0,,,,,,,,,,1.0,,6.0,1.0,,,1.0,1.0,1.0,beneficiario
9086,31.0,44.0,45.35797399041752,1.0,2.0,,2.0,2.0,,,,,,,,,,1.0,,6.0,1.0,,,1.0,1.0,1.0,beneficiario
9086,31.0,15.0,18.729637234770706,1.0,2.0,,2.0,3.0,,6.0,2.0,,,1.0,0.0,9.0,,1.0,,6.0,1.0,,,1.0,1.0,1.0,beneficiario
9086,31.0,14.0,14.20123203285421,2.0,2.0,,2.0,3.0,,6.0,2.0,,,1.0,0.0,8.0,,1.0,,6.0,1.0,,,1.0,1.0,1.0,beneficiario
9086,31.0,11.0,11.622176591375771,1.0,2.0,,2.0,3.0,,6.0,2.0,,,1.0,0.0,4.0,,1.0,,6.0,1.0,,,1.0,1.0,1.0,beneficiario
9086,31.0,9.0,9.09514031485284,2.0,2.0,,2.0,3.0,,6.0,2.0,,,1.0,0.0,2.0,,1.0,,6.0,1.0,,,1.0,1.0,1.0,beneficiario
9109,31.0,36.0,36.30116358658453,1.0,3.0,1.0,1.0,1.0,2.0,,,1.0,0.0,1.0,0.0,,1.0,0.0,1.0,5.0,1.0,5.0,2.0,1.0,1.0,1.0,controle
9109,31.0,35.0,35.26351813826146,2.0,1.0,,,2.0,2.0,,,0.0,1.0,,,,2.0,0.0,1.0,5.0,1.0,5.0,2.0,1.0,1.0,1.0,controle
9109,31.0,10.0,9.943874058863791,1.0,3.0,,,3.0,2.0,7.0,2.0,1.0,0.0,1.0,0.0,2.0,2.0,0.0,1.0,5.0,1.0,5.0,2.0,1.0,1.0,1.0,controle
9109,31.0,7.0,7.5482546201232035,1.0,1.0,,,3.0,2.0,7.0,2.0,1.0,0.0,1.0,0.0,5.0,2.0,0.0,1.0,5.0,1.0,5.0,2.0,1.0,1.0,1.0,controle
9109,31.0,43.0,43.57015742642026,2.0,,,,,,,,,,,,,,,1.0,5.0,1.0,5.0,2.0,1.0,1.0,1.0,
9109,31.0,1.0,1.5906913073237507,1.0,1.0,,,3.0,,,,0.0,,,,,,0.0,1.0,5.0,1.0,5.0,2.0,1.0,1.0,1.0,controle
9123,31.0,62.0,62.379192334017795,2.0,1.0,,1.0,1.0,5.0,,,0.0,,,,,2.0,1.0,2.0,3.0,1.0,6.0,3.0,1.0,1.0,1.0,beneficiario
9123,31.0,72.0,72.49828884325804,1.0,1.0,,2.0,2.0,5.0,,,0.0,,,,,2.0,1.0,2.0,3.0,1.0,6.0,3.0,1.0,1.0,1.0,beneficiario
9123,31.0,15.0,15.003422313483917,2.0,1.0,,2.0,3.0,3.0,6.0,1.0,1.0,0.0,1.0,0.0,,2.0,1.0,2.0,3.0,1.0,6.0,3.0,1.0,1.0,1.0,beneficiario
9130,31.0,38.0,38.496919917864474,1.0,2.0,3.0,2.0,1.0,5.0,,,,,,,,,1.0,,4.0,1.0,9.0,3.0,1.0,1.0,1.0,beneficiario
9130,31.0,44.0,44.09856262833676,2.0,2.0,3.0,1.0,2.0,5.0,,,,,,,,,1.0,,4.0,1.0,9.0,3.0,1.0,1.0,1.0,beneficiario
9130,31.0,14.0,14.652977412731007,1.0,2.0,3.0,2.0,3.0,3.0,,2.0,1.0,0.0,1.0,0.0,8.0,2.0,1.0,,4.0,1.0,9.0,3.0,1.0,1.0,1.0,beneficiario
9130,31.0,10.0,9.869952087611226,2.0,2.0,,2.0,3.0,2.0,,2.0,1.0,0.0,1.0,1.0,4.0,2.0,1.0,,4.0,1.0,9.0,3.0,1.0,1.0,1.0,beneficiario
9139,31.0,37.0,37.426420260095824,2.0,3.0,,1.0,1.0,5.0,,,0.0,,,,,2.0,1.0,2.0,6.0,1.0,,,1.0,1.0,1.0,beneficiario
9139,31.0,17.0,17.284052019164957,2.0,3.0,,2.0,3.0,5.0,7.0,1.0,1.0,,1.0,0.0,8.0,2.0,1.0,2.0,6.0,1.0,,,1.0,1.0,1.0,beneficiario
9139,31.0,13.0,13.921971252566735,1.0,3.0,,2.0,3.0,5.0,7.0,1.0,1.0,,1.0,0.0,7.0,2.0,1.0,2.0,6.0,1.0,,,1.0,1.0,1.0,beneficiario
9139,31.0,12.0,12.002737850787133,2.0,3.0,,2.0,3.0,5.0,7.0,2.0,1.0,,1.0,0.0,5.0,2.0,1.0,2.0,6.0,1.0,,,1.0,1.0,1.0,beneficiario
9139,31.0,10.0,10.72142368240931,1.0,3.0,,2.0,3.0,5.0,7.0,1.0,1.0,,1.0,0.0,3.0,2.0,1.0,2.0,6.0,1.0,,,1.0,1.0,1.0,beneficiario
9139,31.0,8.0,9.125256673511293,1.0,3.0,,2.0,3.0,5.0,6.0,1.0,1.0,,1.0,0.0,2.0,2.0,1.0,2.0,6.0,1.0,,,1.0,1.0,1.0,beneficiario
9139,31.0,38.0,38.214921286789874,1.0,,,2.0,3.0,5.0,,,0.0,,,,,,1.0,2.0,6.0,1.0,,,1.0,1.0,1.0,beneficiario
9155,31.0,57.0,57.70841889117043,1.0,3.0,4.0,2.0,2.0,5.0,,,0.0,,,,,,0.0,,2.0,1.0,5.0,2.0,1.0,1.0,1.0,controle
9155,31.0,57.0,57.456536618754285,2.0,3.0,4.0,2.0,1.0,5.0,,,0.0,,,,,,0.0,,2.0,1.0,5.0,2.0,1.0,1.0,1.0,controle
9167,31.0,45.0,45.76043805612594,2.0,1.0,,2.0,1.0,5.0,,,0.0,,,,,2.0,0.0,2.0,1.0,1.0,,,1.0,1.0,1.0,controle
9167,31.0,11.0,10.893908281998632,2.0,,,,,,,,,,,,,,,2.0,1.0,1.0,,,1.0,1.0,1.0,
9179,31.0,44.0,14.223134839151266,2.0,1.0,,,1.0,5.0,,,0.0,,,,,,1.0,,7.0,2.0,6.0,2.0,1.0,1.0,1.0,beneficiario
9179,31.0,31.0,31.704312114989733,1.0,,,,,,,,,,,,,,,,7.0,2.0,6.0,2.0,1.0,1.0,1.0,
9179,31.0,23.0,23.430527036276523,2.0,1.0,,,3.0,5.0,,,0.0,,,,,,1.0,,7.0,2.0,6.0,2.0,1.0,1.0,1.0,beneficiario
9179,31.0,28.0,28.030116358658454,2.0,,,,,,,,,,,,,,,,7.0,2.0,6.0,2.0,1.0,1.0,1.0,
9179,31.0,16.0,16.15879534565366,2.0,1.0,,,3.0,3.0,7.0,1.0,1.0,0.0,1.0,0.0,,2.0,1.0,,7.0,2.0,6.0,2.0,1.0,1.0,1.0,beneficiario
9179,31.0,8.0,8.465434633812457,2.0,1.0,,,5.0,3.0,7.0,2.0,1.0,0.0,1.0,0.0,0.0,1.0,1.0,,7.0,2.0,6.0,2.0,1.0,1.0,1.0,beneficiario
9179,31.0,5.0,5.295003422313484,2.0,1.0,,,5.0,2.0,,,0.0,1.0,,,,,1.0,,7.0,2.0,6.0,2.0,1.0,1.0,1.0,beneficiario
9179,31.0,3.0,4.049281314168377,2.0,3.0,,,5.0,5.0,,,0.0,,,,,,1.0,,7.0,2.0,6.0,2.0,1.0,1.0,1.0,beneficiario
9197,31.0,57.0,57.352498288843265,1.0,3.0,,2.0,1.0,5.0,,,0.0,,,,,2.0,1.0,2.0,2.0,1.0,3.0,1.0,1.0,2.0,2.0,beneficiario
9197,31.0,40.0,40.06570841889117,2.0,,,,,,,,,,,,,,,2.0,2.0,1.0,3.0,1.0,1.0,2.0,2.0,
9197,31.0,20.0,20.164271047227924,2.0,,,,,,,,,,,,,,,2.0,2.0,1.0,3.0,1.0,1.0,2.0,2.0,
9197,31.0,18.0,18.951403148528403,2.0,,,,,,,,,,,,,,,2.0,2.0,1.0,3.0,1.0,1.0,2.0,2.0,
9197,31.0,16.0,16.865160848733744,2.0,,,,,,,,,,,,,,,2.0,2.0,1.0,3.0,1.0,1.0,2.0,2.0,
9197,31.0,14.0,14.633812457221081,2.0,3.0,,2.0,3.0,2.0,7.0,1.0,1.0,0.0,1.0,1.0,7.0,2.0,1.0,2.0,2.0,1.0,3.0,1.0,1.0,2.0,2.0,beneficiario
9197,31.0,,,1.0,,,,,,,,,,,,,,,2.0,2.0,1.0,3.0,1.0,1.0,2.0,2.0,
9204,31.0,,,,,,,,5.0,,,0.0,,,,,,0.0,,5.0,1.0,7.0,3.0,1.0,1.0,2.0,controle
9204,,,,,,,,,5.0,,,0.0,,,,,,0.0,,5.0,1.0,7.0,3.0,1.0,1.0,2.0,controle
9204,,,,,,,,,5.0,,,0.0,,,,,2.0,0.0,,5.0,1.0,7.0,3.0,1.0,1.0,2.0,controle
9204,,,,,,,,,5.0,,,0.0,,,,,2.0,0.0,,5.0,1.0,7.0,3.0,1.0,1.0,2.0,controle
9204,,,,,,,,,2.0,7.0,2.0,1.0,0.0,1.0,1.0,2.0,2.0,0.0,,5.0,1.0,7.0,3.0,1.0,1.0,2.0,controle
9370,32.0,34.0,34.09993155373032,2.0,,,,,,,,,,,,,,,,1.0,1.0,7.0,3.0,1.0,1.0,2.0,
9370,32.0,10.0,10.800821355236138,1.0,,,,,,,,,,,,,,,,1.0,1.0,7.0,3.0,1.0,1.0,2.0,
9370,32.0,6.0,6.910335386721424,1.0,,,,,,,,,,,,,,,,1.0,1.0,7.0,3.0,1.0,1.0,2.0,
9370,32.0,54.0,54.36002737850787,2.0,2.0,3.0,2.0,1.0,5.0,,,0.0,,,,,,1.0,,1.0,1.0,7.0,3.0,1.0,1.0,2.0,beneficiario
9375,32.0,55.0,55.411362080766594,2.0,1.0,3.0,2.0,1.0,5.0,,,0.0,,,,,,1.0,,2.0,1.0,5.0,2.0,1.0,1.0,2.0,beneficiario
9375,32.0,34.0,34.19301848049282,1.0,,,,,,,,,,,,,,,,2.0,1.0,5.0,2.0,1.0,1.0,2.0,
9375,32.0,27.0,27.238877481177273,1.0,1.0,3.0,2.0,3.0,5.0,,,0.0,,,,,2.0,1.0,,2.0,1.0,5.0,2.0,1.0,1.0,2.0,beneficiario
9375,32.0,20.0,20.30390143737166,2.0,,,,,,,,,,,,,,,,2.0,1.0,5.0,2.0,1.0,1.0,2.0,
9375,32.0,21.0,21.44832306639288,2.0,,,,,,,,,,,,,,,,2.0,1.0,5.0,2.0,1.0,1.0,2.0,
9416,32.0,34.0,34.38740588637919,1.0,3.0,,2.0,1.0,5.0,,,0.0,,,,,,1.0,,6.0,1.0,5.0,3.0,1.0,1.0,1.0,beneficiario
9416,32.0,34.0,34.548939082819984,2.0,3.0,,2.0,2.0,5.0,,,0.0,,,,,,1.0,,6.0,1.0,5.0,3.0,1.0,1.0,1.0,beneficiario
9416,32.0,16.0,16.298425735797398,2.0,,,,,,,,,,,,,,,,6.0,1.0,5.0,3.0,1.0,1.0,1.0,
9416,32.0,13.0,33.93292265571526,1.0,3.0,,2.0,3.0,2.0,,,0.0,1.0,,,,,1.0,,6.0,1.0,5.0,3.0,1.0,1.0,1.0,beneficiario
9416,32.0,11.0,11.323750855578371,1.0,3.0,,2.0,3.0,2.0,6.0,2.0,1.0,0.0,1.0,0.0,5.0,2.0,1.0,,6.0,1.0,5.0,3.0,1.0,1.0,1.0,beneficiario
9416,32.0,9.0,9.204654346338126,2.0,3.0,,2.0,3.0,2.0,6.0,2.0,1.0,0.0,1.0,0.0,4.0,2.0,1.0,,6.0,1.0,5.0,3.0,1.0,1.0,1.0,beneficiario
9416,32.0,6.0,6.548939082819987,2.0,3.0,,2.0,3.0,2.0,6.0,2.0,1.0,0.0,1.0,0.0,1.0,2.0,1.0,,6.0,1.0,5.0,3.0,1.0,1.0,1.0,beneficiario
9484,32.0,46.0,46.5325119780972,1.0,1.0,,2.0,1.0,2.0,,,0.0,1.0,,,,,1.0,,3.0,1.0,,2.0,0.0,2.0,2.0,beneficiario
9484,32.0,37.0,36.90075290896646,2.0,1.0,,1.0,2.0,2.0,,,0.0,1.0,,,,,1.0,,3.0,1.0,,2.0,0.0,2.0,2.0,beneficiario
9484,32.0,10.0,10.009582477754963,2.0,1.0,,2.0,3.0,3.0,6.0,2.0,1.0,0.0,1.0,0.0,4.0,2.0,1.0,,3.0,1.0,,2.0,0.0,2.0,2.0,beneficiario
9487,32.0,49.0,49.4757015742642,1.0,1.0,4.0,2.0,1.0,5.0,,,0.0,,,,,2.0,1.0,2.0,3.0,1.0,6.0,2.0,1.0,1.0,1.0,beneficiario
9487,32.0,45.0,45.43463381245722,2.0,1.0,4.0,1.0,2.0,5.0,,,0.0,,,,,2.0,1.0,2.0,3.0,1.0,6.0,2.0,1.0,1.0,1.0,beneficiario
9487,32.0,19.0,19.290896646132786,1.0,1.0,,,3.0,5.0,,,0.0,,,,,3.0,1.0,2.0,3.0,1.0,6.0,2.0,1.0,1.0,1.0,beneficiario
9502,32.0,33.0,33.74401095140315,1.0,1.0,,2.0,1.0,5.0,,,0.0,,,,,2.0,1.0,2.0,4.0,1.0,5.0,2.0,1.0,1.0,2.0,beneficiario
9502,32.0,29.0,29.6290212183436,2.0,1.0,,1.0,2.0,5.0,,,0.0,,,,,2.0,1.0,2.0,4.0,1.0,5.0,2.0,1.0,1.0,2.0,beneficiario
9502,32.0,11.0,11.682409308692677,2.0,1.0,,2.0,3.0,3.0,,,1.0,0.0,1.0,0.0,5.0,2.0,1.0,2.0,4.0,1.0,5.0,2.0,1.0,1.0,2.0,beneficiario
9502,32.0,5.0,5.3579739904175225,1.0,1.0,,2.0,3.0,5.0,,,0.0,,,,,,1.0,2.0,4.0,1.0,5.0,2.0,1.0,1.0,2.0,beneficiario
9531,33.0,43.0,43.20328542094455,2.0,2.0,,2.0,1.0,5.0,,,0.0,,,,,2.0,1.0,2.0,3.0,1.0,3.0,1.0,1.0,1.0,1.0,beneficiario
9531,33.0,12.0,12.413415468856948,1.0,2.0,,2.0,3.0,3.0,6.0,1.0,1.0,0.0,0.8571428571428571,1.0,5.0,2.0,1.0,2.0,3.0,1.0,3.0,1.0,1.0,1.0,1.0,beneficiario
9531,33.0,3.0,3.134839151266256,2.0,2.0,,2.0,3.0,5.0,,,0.0,,,,,,1.0,2.0,3.0,1.0,3.0,1.0,1.0,1.0,1.0,beneficiario
9598,33.0,56.0,57.05407255304586,2.0,,,,,,,,,,,,,,,2.0,6.0,1.0,5.0,1.0,1.0,1.0,1.0,
9598,33.0,51.0,51.46611909650924,1.0,1.0,1.0,2.0,1.0,5.0,,,0.0,,,,,2.0,1.0,2.0,6.0,1.0,5.0,1.0,1.0,1.0,1.0,beneficiario
9598,33.0,37.0,37.45653661875428,2.0,1.0,1.0,1.0,6.0,5.0,,,0.0,,,,,2.0,1.0,2.0,6.0,1.0,5.0,1.0,1.0,1.0,1.0,beneficiario
9598,33.0,12.0,12.906228610540724,2.0,1.0,,2.0,3.0,2.0,7.0,2.0,1.0,0.0,1.0,,7.0,2.0,1.0,2.0,6.0,1.0,5.0,1.0,1.0,1.0,1.0,beneficiario
9598,33.0,10.0,10.55167693360712,1.0,1.0,,2.0,3.0,2.0,8.0,2.0,1.0,0.0,1.0,,2.0,2.0,1.0,2.0,6.0,1.0,5.0,1.0,1.0,1.0,1.0,beneficiario
9598,33.0,3.0,3.704312114989733,1.0,,,2.0,3.0,5.0,,,0.0,,,,,,1.0,2.0,6.0,1.0,5.0,1.0,1.0,1.0,1.0,beneficiario
9610,33.0,30.0,30.84188911704312,1.0,1.0,1.0,2.0,1.0,5.0,,,0.0,,,,,2.0,1.0,2.0,5.0,1.0,3.0,1.0,1.0,1.0,1.0,beneficiario
9610,33.0,30.0,30.97330595482546,2.0,1.0,1.0,2.0,2.0,5.0,,,0.0,,,,,,1.0,2.0,5.0,1.0,3.0,1.0,1.0,1.0,1.0,beneficiario
9610,33.0,6.0,6.587268993839836,1.0,1.0,,2.0,3.0,3.0,,,1.0,0.0,1.0,1.0,,1.0,1.0,2.0,5.0,1.0,3.0,1.0,1.0,1.0,1.0,beneficiario
9610,33.0,7.0,7.676933607118412,2.0,1.0,,2.0,3.0,3.0,5.0,2.0,1.0,0.0,1.0,1.0,1.0,2.0,1.0,2.0,5.0,1.0,3.0,1.0,1.0,1.0,1.0,beneficiario
9610,33.0,11.0,11.611225188227241,2.0,1.0,,2.0,3.0,3.0,5.0,2.0,1.0,0.0,1.0,0.0,4.0,2.0,1.0,2.0,5.0,1.0,3.0,1.0,1.0,1.0,1.0,beneficiario
9663,33.0,39.0,39.72621492128679,1.0,3.0,,,1.0,5.0,,,0.0,,,,,2.0,1.0,2.0,6.0,1.0,4.0,1.0,1.0,1.0,1.0,beneficiario
9663,33.0,37.0,37.70841889117043,2.0,3.0,,1.0,2.0,5.0,,,0.0,,,,,2.0,1.0,2.0,6.0,1.0,4.0,1.0,1.0,1.0,1.0,beneficiario
9663,33.0,19.0,18.984257357973988,1.0,,,,,,,,,,,,,,1.0,2.0,6.0,1.0,4.0,1.0,1.0,1.0,1.0,beneficiario
9663,33.0,18.0,18.7378507871321,1.0,3.0,,,3.0,2.0,,,0.0,1.0,,,,,1.0,2.0,6.0,1.0,4.0,1.0,1.0,1.0,1.0,beneficiario
9663,33.0,16.0,16.473648186173854,2.0,3.0,,,3.0,3.0,7.0,2.0,1.0,0.0,1.0,1.0,,3.0,1.0,2.0,6.0,1.0,4.0,1.0,1.0,1.0,1.0,beneficiario
9663,33.0,15.0,14.940451745379876,2.0,3.0,,,3.0,2.0,7.0,2.0,1.0,0.0,1.0,0.0,8.0,2.0,1.0,2.0,6.0,1.0,4.0,1.0,1.0,1.0,1.0,beneficiario
9663,33.0,11.0,10.893908281998632,2.0,3.0,,,3.0,2.0,7.0,1.0,1.0,0.0,1.0,0.0,2.0,2.0,1.0,2.0,6.0,1.0,4.0,1.0,1.0,1.0,1.0,beneficiario
9711,33.0,26.0,26.327173169062288,1.0,3.0,,2.0,1.0,5.0,,,0.0,,,,,,1.0,,5.0,1.0,3.0,1.0,1.0,1.0,2.0,beneficiario
9711,33.0,35.0,35.68240930869268,2.0,3.0,3.0,2.0,2.0,3.0,,,1.0,0.0,1.0,0.0,11.0,3.0,1.0,,5.0,1.0,3.0,1.0,1.0,1.0,2.0,beneficiario
9711,33.0,16.0,16.629705681040384,2.0,3.0,,2.0,3.0,3.0,6.0,1.0,1.0,0.0,1.0,1.0,8.0,2.0,1.0,,5.0,1.0,3.0,1.0,1.0,1.0,2.0,beneficiario
9711,33.0,14.0,14.327173169062284,2.0,3.0,,2.0,3.0,3.0,7.0,2.0,1.0,0.0,1.0,1.0,8.0,2.0,1.0,,5.0,1.0,3.0,1.0,1.0,1.0,2.0,beneficiario
9711,33.0,12.0,12.487337440109515,2.0,3.0,,2.0,3.0,2.0,7.0,1.0,1.0,0.0,1.0,1.0,5.0,2.0,1.0,,5.0,1.0,3.0,1.0,1.0,1.0,2.0,beneficiario
9746,33.0,41.0,41.74948665297741,1.0,2.0,1.0,2.0,1.0,5.0,,,0.0,,,,,3.0,1.0,3.0,4.0,1.0,5.0,2.0,1.0,1.0,1.0,beneficiario
9746,33.0,40.0,40.700889801505824,2.0,1.0,1.0,2.0,2.0,5.0,,,0.0,,,,,3.0,1.0,3.0,4.0,1.0,5.0,2.0,1.0,1.0,1.0,beneficiario
9746,33.0,14.0,14.34360027378508,1.0,3.0,,2.0,3.0,3.0,7.0,2.0,1.0,0.0,1.0,0.0,9.0,3.0,1.0,3.0,4.0,1.0,5.0,2.0,1.0,1.0,1.0,beneficiario
9746,33.0,8.0,8.032854209445585,1.0,3.0,,2.0,3.0,1.0,7.0,2.0,1.0,0.0,1.0,0.0,2.0,2.0,1.0,3.0,4.0,1.0,5.0,2.0,1.0,1.0,1.0,beneficiario
9746,33.0,64.0,64.73648186173854,1.0,,,,,,,,,,,,,,,3.0,4.0,1.0,5.0,2.0,1.0,1.0,1.0,
9746,33.0,58.0,58.439425051334695,2.0,,,,,,,,,,,,,,,3.0,4.0,1.0,5.0,2.0,1.0,1.0,1.0,
9747,33.0,78.0,78.3709787816564,2.0,3.0,3.0,,1.0,5.0,,,0.0,,,,,,1.0,,2.0,1.0,4.0,1.0,1.0,1.0,1.0,beneficiario
9747,33.0,23.0,23.318275154004105,2.0,3.0,,,5.0,5.0,,,0.0,,,,,3.0,1.0,,2.0,1.0,4.0,1.0,1.0,1.0,1.0,beneficiario
9775,33.0,39.0,39.85215605749487,2.0,1.0,3.0,1.0,1.0,5.0,,,0.0,,,,,3.0,0.0,3.0,5.0,1.0,4.0,1.0,1.0,2.0,,controle
9775,33.0,20.0,20.777549623545518,1.0,1.0,,2.0,3.0,5.0,,,0.0,,,,,,0.0,3.0,5.0,1.0,4.0,1.0,1.0,2.0,,controle
9775,33.0,17.0,17.253935660506503,1.0,1.0,,2.0,3.0,3.0,7.0,2.0,1.0,0.0,1.0,0.0,,4.0,0.0,3.0,5.0,1.0,4.0,1.0,1.0,2.0,,controle
9775,33.0,16.0,16.161533196440793,1.0,1.0,,2.0,3.0,2.0,7.0,2.0,1.0,0.0,1.0,1.0,,2.0,0.0,3.0,5.0,1.0,4.0,1.0,1.0,2.0,,controle
9775,33.0,14.0,14.450376454483232,1.0,1.0,,2.0,3.0,2.0,7.0,2.0,1.0,0.0,1.0,0.0,,3.0,0.0,3.0,5.0,1.0,4.0,1.0,1.0,2.0,,controle
9832,33.0,39.0,39.162217659137575,2.0,3.0,1.0,1.0,1.0,5.0,,,0.0,,,,,3.0,1.0,3.0,4.0,1.0,4.0,1.0,1.0,1.0,2.0,beneficiario
9832,33.0,15.0,15.104722792607804,2.0,3.0,1.0,2.0,3.0,2.0,7.0,1.0,1.0,0.0,1.0,1.0,1.0,2.0,1.0,3.0,4.0,1.0,4.0,1.0,1.0,1.0,2.0,beneficiario
9832,33.0,9.0,9.160848733744011,2.0,3.0,,2.0,3.0,2.0,7.0,2.0,1.0,0.0,1.0,1.0,7.0,2.0,1.0,3.0,4.0,1.0,4.0,1.0,1.0,1.0,2.0,beneficiario
9832,33.0,74.0,74.05338809034907,2.0,3.0,4.0,,,,,,,,,,,,,3.0,4.0,1.0,4.0,1.0,1.0,1.0,2.0,
9832,33.0,37.0,37.48939082819986,1.0,,1.0,,,,,,,,,,,,,3.0,4.0,1.0,4.0,1.0,1.0,1.0,2.0,
9832,33.0,31.0,31.08008213552361,2.0,3.0,2.0,,,,,,,,,,,,,3.0,4.0,1.0,4.0,1.0,1.0,1.0,2.0,
9832,33.0,2.0,2.9075975359342916,1.0,2.0,,2.0,3.0,5.0,,,0.0,,,,,,1.0,3.0,4.0,1.0,4.0,1.0,1.0,1.0,2.0,beneficiario
9883,33.0,38.0,38.74880219028063,2.0,1.0,1.0,2.0,1.0,5.0,,,0.0,,,,,,0.0,,7.0,1.0,6.0,2.0,1.0,1.0,1.0,controle
9883,33.0,43.0,43.715263518138265,1.0,,,,,,,,,,,,,,,,7.0,1.0,6.0,2.0,1.0,1.0,1.0,
9883,33.0,20.0,20.383299110198497,1.0,3.0,,,,5.0,,,0.0,,,,,,0.0,,7.0,1.0,6.0,2.0,1.0,1.0,1.0,controle
9883,33.0,18.0,18.272416153319643,2.0,3.0,,2.0,3.0,1.0,7.0,1.0,1.0,0.0,1.0,0.0,10.0,3.0,0.0,,7.0,1.0,6.0,2.0,1.0,1.0,1.0,controle
9883,33.0,11.0,11.110198494182066,1.0,3.0,,,,1.0,7.0,1.0,1.0,0.0,1.0,0.0,4.0,2.0,0.0,,7.0,1.0,6.0,2.0,1.0,1.0,1.0,controle
9883,33.0,12.0,22.24229979466119,2.0,1.0,1.0,,,5.0,,,0.0,,,,,,0.0,,7.0,1.0,6.0,2.0,1.0,1.0,1.0,controle
9883,33.0,19.0,19.66324435318275,1.0,3.0,,2.0,3.0,1.0,7.0,1.0,1.0,0.0,1.0,0.0,9.0,3.0,0.0,,7.0,1.0,6.0,2.0,1.0,1.0,1.0,controle
9883,33.0,17.0,17.782340862423,2.0,1.0,1.0,2.0,3.0,1.0,7.0,2.0,1.0,0.0,1.0,0.0,9.0,3.0,0.0,,7.0,1.0,6.0,2.0,1.0,1.0,1.0,controle
9994,33.0,59.0,59.88227241615331,1.0,1.0,,2.0,1.0,5.0,,,0.0,,,,,,1.0,,4.0,1.0,6.0,3.0,1.0,2.0,1.0,beneficiario
9994,33.0,50.0,50.69952087611225,2.0,1.0,,2.0,2.0,5.0,,,1.0,,,,9.0,3.0,1.0,,4.0,1.0,6.0,3.0,1.0,2.0,1.0,beneficiario
9994,33.0,15.0,15.655030800821354,2.0,1.0,,2.0,3.0,1.0,,,0.0,1.0,,,,,1.0,,4.0,1.0,6.0,3.0,1.0,2.0,1.0,beneficiario
9994,33.0,63.0,63.8631074606434,1.0,1.0,1.0,2.0,6.0,5.0,,,0.0,,,,,,1.0,,4.0,1.0,6.0,3.0,1.0,2.0,1.0,beneficiario
10069,33.0,42.0,42.81998631074607,2.0,1.0,1.0,2.0,1.0,5.0,,,0.0,,,,,2.0,1.0,2.0,4.0,1.0,5.0,2.0,1.0,1.0,1.0,beneficiario
10069,33.0,19.0,19.526351813826146,2.0,1.0,,2.0,3.0,5.0,,,0.0,,,,,2.0,1.0,2.0,4.0,1.0,5.0,2.0,1.0,1.0,1.0,beneficiario
10069,33.0,14.0,14.47501711156742,1.0,1.0,,2.0,3.0,3.0,7.0,2.0,1.0,0.0,1.0,0.0,8.0,2.0,1.0,2.0,4.0,1.0,5.0,2.0,1.0,1.0,1.0,beneficiario
10069,33.0,13.0,13.314168377823409,2.0,1.0,,2.0,3.0,3.0,7.0,2.0,1.0,0.0,1.0,0.0,7.0,2.0,1.0,2.0,4.0,1.0,5.0,2.0,1.0,1.0,1.0,beneficiario
10091,33.0,43.0,43.90691307323751,2.0,1.0,3.0,2.0,2.0,5.0,,,0.0,,,,,2.0,1.0,2.0,4.0,1.0,5.0,2.0,1.0,1.0,1.0,beneficiario
10091,33.0,41.0,41.51950718685831,1.0,1.0,3.0,2.0,1.0,5.0,,,0.0,,,,,2.0,1.0,2.0,4.0,1.0,5.0,2.0,1.0,1.0,1.0,beneficiario
10091,33.0,25.0,25.193702943189596,2.0,1.0,,2.0,3.0,5.0,,,0.0,,,,,3.0,1.0,2.0,4.0,1.0,5.0,2.0,1.0,1.0,1.0,beneficiario
10091,33.0,16.0,16.826830937713893,1.0,1.0,,2.0,3.0,3.0,7.0,2.0,1.0,0.0,1.0,0.0,10.0,3.0,1.0,2.0,4.0,1.0,5.0,2.0,1.0,1.0,1.0,beneficiario
10112,33.0,27.0,26.984257357973988,2.0,1.0,3.0,2.0,1.0,5.0,,,0.0,,,,,3.0,1.0,3.0,5.0,1.0,5.0,2.0,1.0,2.0,1.0,beneficiario
10112,33.0,10.0,10.160164271047227,2.0,1.0,,2.0,3.0,3.0,7.0,2.0,1.0,0.0,1.0,0.0,5.0,2.0,1.0,3.0,5.0,1.0,5.0,2.0,1.0,2.0,1.0,beneficiario
10112,33.0,9.0,9.051334702258726,1.0,1.0,,2.0,3.0,3.0,7.0,2.0,1.0,0.0,1.0,0.0,4.0,2.0,1.0,3.0,5.0,1.0,5.0,2.0,1.0,2.0,1.0,beneficiario
10112,33.0,6.0,6.595482546201232,2.0,1.0,,2.0,3.0,5.0,7.0,2.0,1.0,,1.0,0.0,0.0,1.0,1.0,3.0,5.0,1.0,5.0,2.0,1.0,2.0,1.0,beneficiario
10112,33.0,5.0,5.642710472279261,2.0,1.0,,2.0,3.0,5.0,,,0.0,,,,,,1.0,3.0,5.0,1.0,5.0,2.0,1.0,2.0,1.0,beneficiario
10116,33.0,25.0,25.716632443531825,2.0,3.0,3.0,2.0,2.0,5.0,,,0.0,,,,,3.0,1.0,2.0,3.0,1.0,4.0,1.0,1.0,2.0,1.0,beneficiario
10116,33.0,29.0,29.503080082135522,1.0,1.0,3.0,2.0,1.0,5.0,,,0.0,,,,,2.0,1.0,2.0,3.0,1.0,4.0,1.0,1.0,2.0,1.0,beneficiario
10116,33.0,8.0,8.145106091718,2.0,1.0,,2.0,3.0,2.0,7.0,2.0,1.0,0.0,1.0,0.0,2.0,2.0,1.0,2.0,3.0,1.0,4.0,1.0,1.0,2.0,1.0,beneficiario
10131,33.0,53.0,53.522245037645455,1.0,,,,,,,,,,,,,,,2.0,4.0,1.0,6.0,2.0,2.0,1.0,2.0,
10131,33.0,53.0,53.563312799452426,2.0,1.0,1.0,2.0,1.0,5.0,,,0.0,,,,,2.0,1.0,2.0,4.0,1.0,6.0,2.0,2.0,1.0,2.0,beneficiario
10131,33.0,34.0,34.795345653661876,1.0,,,,,,,,,,,,,,,2.0,4.0,1.0,6.0,2.0,2.0,1.0,2.0,
10131,33.0,31.0,31.84394250513347,1.0,,,,,,,,,,,,,,,2.0,4.0,1.0,6.0,2.0,2.0,1.0,2.0,
10131,33.0,29.0,29.22108145106092,2.0,1.0,1.0,2.0,3.0,5.0,,,0.0,,,,,2.0,1.0,2.0,4.0,1.0,6.0,2.0,2.0,1.0,2.0,beneficiario
10131,33.0,22.0,22.425735797399042,2.0,1.0,1.0,2.0,3.0,1.0,,,0.0,1.0,,,,4.0,1.0,2.0,4.0,1.0,6.0,2.0,2.0,1.0,2.0,beneficiario
10131,33.0,15.0,15.080082135523615,1.0,1.0,1.0,2.0,3.0,3.0,,,0.0,1.0,,,,,1.0,2.0,4.0,1.0,6.0,2.0,2.0,1.0,2.0,beneficiario
10151,33.0,41.0,41.034907597535934,1.0,1.0,,2.0,2.0,5.0,,,0.0,,,,,3.0,1.0,3.0,3.0,1.0,7.0,3.0,2.0,1.0,1.0,beneficiario
10151,33.0,36.0,36.068446269678304,2.0,1.0,,2.0,1.0,5.0,,,0.0,,,,,3.0,1.0,3.0,3.0,1.0,7.0,3.0,2.0,1.0,1.0,beneficiario
10151,33.0,11.0,11.501711156741958,1.0,1.0,,2.0,3.0,2.0,5.0,2.0,1.0,0.0,1.0,0.0,5.0,2.0,1.0,3.0,3.0,1.0,7.0,3.0,2.0,1.0,1.0,beneficiario
10172,33.0,63.0,63.66324435318275,2.0,3.0,,2.0,4.0,5.0,,,0.0,,,,,2.0,1.0,2.0,6.0,1.0,5.0,2.0,1.0,1.0,1.0,beneficiario
10172,33.0,38.0,38.62833675564682,1.0,3.0,,2.0,2.0,5.0,,,0.0,,,,,2.0,1.0,2.0,6.0,1.0,5.0,2.0,1.0,1.0,1.0,beneficiario
10172,33.0,35.0,35.175906913073234,2.0,3.0,,1.0,1.0,5.0,,,0.0,,,,,2.0,1.0,2.0,6.0,1.0,5.0,2.0,1.0,1.0,1.0,beneficiario
10172,33.0,16.0,16.725530458590008,1.0,3.0,,2.0,3.0,5.0,,,0.0,,,,,2.0,1.0,2.0,6.0,1.0,5.0,2.0,1.0,1.0,1.0,beneficiario
10172,33.0,13.0,13.546885694729637,1.0,3.0,,2.0,3.0,5.0,,,0.0,,,,,,1.0,2.0,6.0,1.0,5.0,2.0,1.0,1.0,1.0,beneficiario
10172,33.0,5.0,5.056810403832991,2.0,,,2.0,3.0,5.0,,,0.0,,,,,,1.0,2.0,6.0,1.0,5.0,2.0,1.0,1.0,1.0,beneficiario
10185,35.0,53.0,53.661875427789184,1.0,1.0,1.0,2.0,1.0,5.0,,,0.0,,,,,3.0,1.0,3.0,4.0,1.0,7.0,3.0,2.0,1.0,1.0,beneficiario
10185,35.0,51.0,50.87200547570158,2.0,1.0,1.0,2.0,2.0,5.0,,,0.0,,,,,3.0,1.0,3.0,4.0,1.0,7.0,3.0,2.0,1.0,1.0,beneficiario
10185,35.0,23.0,23.359342915811087,2.0,1.0,1.0,2.0,3.0,1.0,,,1.0,0.0,1.0,0.0,,4.0,1.0,3.0,4.0,1.0,7.0,3.0,2.0,1.0,1.0,beneficiario
10185,35.0,14.0,14.652977412731007,1.0,1.0,1.0,2.0,3.0,1.0,,2.0,1.0,0.0,1.0,0.0,8.0,2.0,1.0,3.0,4.0,1.0,7.0,3.0,2.0,1.0,1.0,beneficiario
10278,33.0,58.0,58.672142368240934,1.0,1.0,1.0,2.0,1.0,5.0,,,0.0,,,,,2.0,0.0,2.0,5.0,1.0,5.0,2.0,1.0,1.0,1.0,controle
10278,33.0,44.0,44.525667351129364,2.0,1.0,1.0,,,5.0,,,0.0,,,,,2.0,0.0,2.0,5.0,1.0,5.0,2.0,1.0,1.0,1.0,controle
10278,33.0,23.0,23.433264887063654,1.0,1.0,1.0,2.0,3.0,5.0,,,0.0,,,,,3.0,0.0,2.0,5.0,1.0,5.0,2.0,1.0,1.0,1.0,controle
10278,33.0,18.0,18.529774127310063,2.0,1.0,1.0,2.0,3.0,3.0,6.0,2.0,1.0,0.0,1.0,1.0,11.0,3.0,0.0,2.0,5.0,1.0,5.0,2.0,1.0,1.0,1.0,controle
10278,33.0,7.0,7.605749486652978,2.0,1.0,,2.0,3.0,2.0,7.0,2.0,1.0,0.0,1.0,1.0,0.0,1.0,0.0,2.0,5.0,1.0,5.0,2.0,1.0,1.0,1.0,controle
10282,33.0,39.0,39.427789185489395,1.0,2.0,1.0,2.0,1.0,5.0,,,0.0,,,,,2.0,0.0,2.0,4.0,1.0,5.0,2.0,1.0,1.0,1.0,controle
10282,33.0,39.0,39.36755646817249,2.0,2.0,,1.0,2.0,3.0,,,0.0,1.0,,,,3.0,0.0,2.0,4.0,1.0,5.0,2.0,1.0,1.0,1.0,controle
10282,33.0,17.0,17.51129363449692,1.0,2.0,,2.0,3.0,5.0,,,0.0,,,,,,0.0,2.0,4.0,1.0,5.0,2.0,1.0,1.0,1.0,controle
10282,33.0,15.0,14.888432580424366,2.0,2.0,,2.0,3.0,2.0,6.0,2.0,1.0,0.0,1.0,1.0,7.0,2.0,0.0,2.0,4.0,1.0,5.0,2.0,1.0,1.0,1.0,controle
10286,33.0,35.0,35.05270362765229,1.0,1.0,1.0,2.0,2.0,5.0,,,0.0,,,,,2.0,0.0,2.0,4.0,1.0,5.0,2.0,1.0,1.0,1.0,controle
10286,33.0,36.0,35.97262149212868,2.0,1.0,1.0,1.0,1.0,5.0,,,0.0,,,,,2.0,0.0,2.0,4.0,1.0,5.0,2.0,1.0,1.0,1.0,controle
10286,33.0,14.0,14.406570841889119,1.0,1.0,1.0,2.0,3.0,2.0,7.0,2.0,1.0,0.0,1.0,0.0,8.0,2.0,0.0,2.0,4.0,1.0,5.0,2.0,1.0,1.0,1.0,controle
10286,33.0,13.0,12.922655715263517,1.0,1.0,,2.0,3.0,2.0,7.0,2.0,1.0,0.0,1.0,0.0,6.0,2.0,0.0,2.0,4.0,1.0,5.0,2.0,1.0,1.0,1.0,controle
10326,33.0,84.0,84.66803559206024,1.0,,,,,,,,,,,,,,,2.0,6.0,1.0,6.0,3.0,1.0,1.0,1.0,
10326,33.0,46.0,46.130047912388775,2.0,,,,,,,,,,,,,,,2.0,6.0,1.0,6.0,3.0,1.0,1.0,1.0,
10326,33.0,21.0,21.37987679671458,1.0,,,,,,,,,,,,,,,2.0,6.0,1.0,6.0,3.0,1.0,1.0,1.0,
10326,33.0,36.0,39.55099247091034,2.0,2.0,,1.0,1.0,5.0,,,0.0,,,,,2.0,1.0,2.0,6.0,1.0,6.0,3.0,1.0,1.0,1.0,beneficiario
10326,33.0,15.0,15.186858316221766,2.0,2.0,,2.0,3.0,2.0,6.0,1.0,1.0,0.0,0.2,1.0,6.0,2.0,1.0,2.0,6.0,1.0,6.0,3.0,1.0,1.0,1.0,beneficiario
10326,33.0,11.0,11.860369609856264,1.0,2.0,,2.0,3.0,2.0,6.0,1.0,1.0,0.0,0.2,1.0,4.0,2.0,1.0,2.0,6.0,1.0,6.0,3.0,1.0,1.0,1.0,beneficiario
10326,33.0,7.0,7.266255989048597,2.0,2.0,,2.0,3.0,2.0,0.0,2.0,1.0,0.0,0.2,1.0,0.0,1.0,1.0,2.0,6.0,1.0,6.0,3.0,1.0,1.0,1.0,beneficiario
10326,33.0,5.0,5.319644079397673,1.0,2.0,,2.0,3.0,2.0,0.0,2.0,1.0,0.0,0.2,1.0,,1.0,1.0,2.0,6.0,1.0,6.0,3.0,1.0,1.0,1.0,beneficiario
10326,33.0,33.0,30.696783025325118,2.0,,,,,,,,,,,,,,,2.0,6.0,1.0,6.0,3.0,1.0,1.0,1.0,
10326,33.0,6.0,6.075290896646132,2.0,,,,,,,,,,,,,,,2.0,6.0,1.0,6.0,3.0,1.0,1.0,1.0,
10326,33.0,44.0,45.256673511293634,2.0,,,,,,,,,,,,,,,2.0,6.0,1.0,6.0,3.0,1.0,1.0,1.0,
10326,33.0,29.0,29.437371663244353,1.0,2.0,,2.0,6.0,5.0,,,0.0,,,,,3.0,1.0,2.0,6.0,1.0,6.0,3.0,1.0,1.0,1.0,beneficiario
10326,33.0,27.0,27.76454483230664,1.0,,,,,,,,,,,,,,,2.0,6.0,1.0,6.0,3.0,1.0,1.0,1.0,
10326,33.0,2.0,5.127994524298426,2.0,2.0,,2.0,3.0,5.0,,,0.0,,,,,,1.0,2.0,6.0,1.0,6.0,3.0,1.0,1.0,1.0,beneficiario
10355,33.0,35.0,35.0,1.0,,,,,,,,,,,,,,,3.0,3.0,1.0,4.0,1.0,1.0,1.0,1.0,
10355,33.0,26.0,26.0,2.0,1.0,1.0,2.0,1.0,3.0,,,1.0,0.0,1.0,0.0,,3.0,1.0,3.0,3.0,1.0,4.0,1.0,1.0,1.0,1.0,beneficiario
10355,33.0,10.0,10.0,1.0,1.0,,2.0,3.0,2.0,6.0,2.0,1.0,0.0,1.0,0.0,3.0,2.0,1.0,3.0,3.0,1.0,4.0,1.0,1.0,1.0,1.0,beneficiario
10355,33.0,5.0,5.0,1.0,1.0,,2.0,3.0,2.0,0.0,2.0,1.0,0.0,1.0,0.0,,1.0,1.0,3.0,3.0,1.0,4.0,1.0,1.0,1.0,1.0,beneficiario
10401,33.0,73.0,73.7138945927447,2.0,,,2.0,1.0,5.0,,,0.0,,,,,,1.0,,4.0,1.0,5.0,2.0,1.0,1.0,1.0,beneficiario
10401,33.0,47.0,47.441478439425055,2.0,,,1.0,3.0,5.0,,,0.0,,,,,,1.0,,4.0,1.0,5.0,2.0,1.0,1.0,1.0,beneficiario
10401,33.0,19.0,19.468856947296374,2.0,1.0,1.0,2.0,5.0,5.0,,,0.0,,,,,,1.0,,4.0,1.0,5.0,2.0,1.0,1.0,1.0,beneficiario
10401,33.0,9.0,9.429158110882957,1.0,,,2.0,5.0,2.0,7.0,2.0,1.0,0.0,1.0,0.0,0.0,1.0,1.0,,4.0,1.0,5.0,2.0,1.0,1.0,1.0,beneficiario
10421,33.0,35.0,34.71594798083505,2.0,,,1.0,1.0,5.0,,,0.0,,,,,2.0,1.0,2.0,6.0,2.0,,,1.0,1.0,1.0,beneficiario
10421,33.0,19.0,10.765229295003422,2.0,3.0,,2.0,3.0,2.0,,,0.0,1.0,,,,,1.0,2.0,6.0,2.0,,,1.0,1.0,1.0,beneficiario
10421,33.0,15.0,15.266255989048597,2.0,,,2.0,3.0,2.0,6.0,1.0,1.0,0.0,1.0,0.0,7.0,2.0,1.0,2.0,6.0,2.0,,,1.0,1.0,1.0,beneficiario
10421,33.0,12.0,12.503764544832308,2.0,1.0,,2.0,3.0,2.0,6.0,2.0,1.0,0.0,1.0,0.0,5.0,2.0,1.0,2.0,6.0,2.0,,,1.0,1.0,1.0,beneficiario
10421,33.0,5.0,5.8261464750171115,2.0,2.0,,2.0,3.0,5.0,,,0.0,,,,,,1.0,2.0,6.0,2.0,,,1.0,1.0,1.0,beneficiario
10421,33.0,0.0,0.837782340862423,1.0,2.0,,2.0,5.0,,,,,,,,,,1.0,2.0,6.0,2.0,,,1.0,1.0,1.0,beneficiario
10511,33.0,26.0,26.21218343600274,2.0,1.0,1.0,1.0,1.0,5.0,,,0.0,,,,,3.0,1.0,3.0,2.0,1.0,4.0,1.0,1.0,1.0,1.0,beneficiario
10511,33.0,6.0,6.458590006844626,1.0,1.0,,2.0,3.0,1.0,6.0,2.0,1.0,0.0,1.0,,,1.0,1.0,3.0,2.0,1.0,4.0,1.0,1.0,1.0,1.0,beneficiario
10528,33.0,46.0,46.19849418206708,2.0,1.0,,1.0,1.0,5.0,,,0.0,,,,,2.0,1.0,2.0,6.0,1.0,,,1.0,1.0,1.0,beneficiario
10528,33.0,52.0,50.80629705681041,1.0,1.0,,2.0,2.0,5.0,,,0.0,,,,,2.0,1.0,2.0,6.0,1.0,,,1.0,1.0,1.0,beneficiario
10528,33.0,14.0,14.965092402464064,2.0,1.0,,2.0,3.0,1.0,7.0,2.0,1.0,0.0,,0.0,11.0,3.0,1.0,2.0,6.0,1.0,,,1.0,1.0,1.0,beneficiario
10528,33.0,13.0,13.943874058863791,2.0,1.0,,2.0,3.0,1.0,7.0,2.0,1.0,0.0,,0.0,,3.0,1.0,2.0,6.0,1.0,,,1.0,1.0,1.0,beneficiario
10528,33.0,12.0,12.035592060232718,1.0,1.0,,2.0,3.0,1.0,7.0,1.0,1.0,0.0,1.0,0.0,4.0,2.0,1.0,2.0,6.0,1.0,,,1.0,1.0,1.0,beneficiario
10528,33.0,89.0,89.42642026009582,2.0,3.0,,2.0,9.0,5.0,,,0.0,,,,,2.0,1.0,2.0,6.0,1.0,,,1.0,1.0,1.0,beneficiario
10534,33.0,42.0,42.332648870636554,2.0,1.0,1.0,1.0,1.0,5.0,,,0.0,,,,,2.0,0.0,2.0,5.0,1.0,5.0,2.0,1.0,1.0,1.0,controle
10534,33.0,24.0,24.399726214921284,1.0,1.0,1.0,2.0,3.0,5.0,,,0.0,,,,,2.0,0.0,2.0,5.0,1.0,5.0,2.0,1.0,1.0,1.0,controle
10534,33.0,19.0,19.082819986310746,2.0,1.0,1.0,2.0,3.0,,,,,,,,,,,2.0,5.0,1.0,5.0,2.0,1.0,1.0,1.0,
10534,33.0,15.0,15.540041067761805,1.0,1.0,1.0,2.0,3.0,3.0,6.0,2.0,1.0,0.0,0.6,1.0,,2.0,0.0,2.0,5.0,1.0,5.0,2.0,1.0,1.0,1.0,controle
10534,33.0,13.0,13.601642710472278,2.0,1.0,,2.0,3.0,3.0,6.0,1.0,1.0,0.0,0.6,1.0,,2.0,0.0,2.0,5.0,1.0,5.0,2.0,1.0,1.0,1.0,controle
10534,33.0,6.0,6.587268993839836,1.0,1.0,,2.0,3.0,,5.0,2.0,,,1.0,0.0,0.0,,0.0,2.0,5.0,1.0,5.0,2.0,1.0,1.0,1.0,controle
10605,35.0,38.0,68.17522245037645,2.0,3.0,3.0,1.0,2.0,5.0,,,0.0,,,,,2.0,1.0,3.0,4.0,1.0,4.0,1.0,1.0,1.0,1.0,beneficiario
10605,35.0,17.0,16.82135523613963,1.0,3.0,3.0,2.0,3.0,5.0,,,0.0,,,,,2.0,1.0,3.0,4.0,1.0,4.0,1.0,1.0,1.0,1.0,beneficiario
10605,35.0,12.0,12.588637919233403,2.0,,,2.0,3.0,3.0,6.0,2.0,1.0,0.0,1.0,0.0,5.0,2.0,1.0,3.0,4.0,1.0,4.0,1.0,1.0,1.0,1.0,beneficiario
10605,35.0,10.0,10.622861054072553,2.0,,,2.0,3.0,3.0,5.0,2.0,1.0,0.0,1.0,0.0,3.0,2.0,1.0,3.0,4.0,1.0,4.0,1.0,1.0,1.0,1.0,beneficiario
10605,35.0,30.0,30.338124572210816,1.0,3.0,3.0,2.0,1.0,5.0,,,0.0,,,,,3.0,1.0,3.0,4.0,1.0,4.0,1.0,1.0,1.0,1.0,beneficiario
10680,35.0,55.0,55.69336071184121,2.0,2.0,3.0,1.0,1.0,5.0,,,0.0,,,,,,1.0,,2.0,1.0,5.0,2.0,1.0,1.0,2.0,beneficiario
10680,35.0,26.0,26.168377823408626,2.0,,,,,,,,,,,,,,,,2.0,1.0,5.0,2.0,1.0,1.0,2.0,
10680,35.0,16.0,16.86242299794661,1.0,2.0,1.0,1.0,3.0,3.0,6.0,1.0,1.0,0.0,1.0,1.0,3.0,2.0,1.0,,2.0,1.0,5.0,2.0,1.0,1.0,2.0,beneficiario
10680,35.0,4.0,13.900068446269678,1.0,,,,,,,,,,,,,,,,2.0,1.0,5.0,2.0,1.0,1.0,2.0,
10680,35.0,24.0,24.0,2.0,,,,,,,,,,,,,,,,2.0,1.0,5.0,2.0,1.0,1.0,2.0,
10680,35.0,8.0,8.980150581793293,2.0,,,,,,,,,,,,,,,,2.0,1.0,5.0,2.0,1.0,1.0,2.0,
10763,35.0,59.0,59.3429158110883,1.0,1.0,4.0,2.0,1.0,5.0,,,,,,,,,1.0,,6.0,2.0,,8.0,0.0,1.0,1.0,beneficiario
10763,35.0,59.0,54.64202600958247,2.0,3.0,4.0,2.0,2.0,5.0,,,,,,,,,1.0,,6.0,2.0,,8.0,0.0,1.0,1.0,beneficiario
10763,35.0,29.0,29.284052019164957,2.0,3.0,3.0,2.0,3.0,5.0,,,,,,,,,1.0,,6.0,2.0,,8.0,0.0,1.0,1.0,beneficiario
10763,35.0,26.0,26.51334702258727,1.0,3.0,3.0,2.0,7.0,5.0,,,,,,,,,1.0,,6.0,2.0,,8.0,0.0,1.0,1.0,beneficiario
10763,35.0,10.0,17.88911704312115,1.0,,,2.0,5.0,2.0,7.0,2.0,1.0,0.0,1.0,0.0,4.0,2.0,1.0,,6.0,2.0,,8.0,0.0,1.0,1.0,beneficiario
10763,35.0,6.0,6.047912388774812,1.0,,,2.0,5.0,2.0,0.0,2.0,1.0,0.0,1.0,0.0,,1.0,1.0,,6.0,2.0,,8.0,0.0,1.0,1.0,beneficiario
10775,35.0,69.0,68.9719370294319,2.0,2.0,,2.0,1.0,5.0,,,0.0,,,,,2.0,1.0,2.0,5.0,1.0,3.0,1.0,1.0,1.0,1.0,beneficiario
10775,35.0,24.0,24.95003422313484,1.0,,,,,,,,,,,,,,,2.0,5.0,1.0,3.0,1.0,1.0,1.0,1.0,
10775,35.0,20.0,20.971937029431896,1.0,1.0,,2.0,5.0,5.0,,,0.0,,,,,2.0,1.0,2.0,5.0,1.0,3.0,1.0,1.0,1.0,1.0,beneficiario
10775,35.0,20.0,20.971937029431896,2.0,1.0,,2.0,5.0,5.0,,,0.0,,,,,3.0,1.0,2.0,5.0,1.0,3.0,1.0,1.0,1.0,1.0,beneficiario
10775,35.0,50.0,50.0,1.0,2.0,,2.0,3.0,5.0,,,0.0,,,,,3.0,1.0,2.0,5.0,1.0,3.0,1.0,1.0,1.0,1.0,beneficiario
10820,35.0,45.0,45.62628336755647,1.0,1.0,4.0,,1.0,5.0,,,0.0,,,,,2.0,1.0,2.0,4.0,1.0,5.0,2.0,1.0,1.0,1.0,beneficiario
10820,35.0,39.0,39.23340177960301,2.0,,,,,,,,,,,,,,,2.0,4.0,1.0,5.0,2.0,1.0,1.0,1.0,
10820,35.0,18.0,18.732375085557837,2.0,,,,,,,,,,,,,,,2.0,4.0,1.0,5.0,2.0,1.0,1.0,1.0,
10820,35.0,21.0,21.50034223134839,1.0,1.0,3.0,2.0,3.0,5.0,,,0.0,,,,,2.0,1.0,2.0,4.0,1.0,5.0,2.0,1.0,1.0,1.0,beneficiario
10820,35.0,22.0,22.187542778918548,2.0,1.0,3.0,1.0,7.0,5.0,,,0.0,,,,,3.0,1.0,2.0,4.0,1.0,5.0,2.0,1.0,1.0,1.0,beneficiario
10820,35.0,2.0,2.6584531143052703,2.0,1.0,,2.0,5.0,5.0,,,0.0,,,,,,1.0,2.0,4.0,1.0,5.0,2.0,1.0,1.0,1.0,beneficiario
10866,35.0,53.0,53.7056810403833,1.0,1.0,4.0,2.0,1.0,5.0,,,0.0,,,,,2.0,1.0,2.0,3.0,1.0,6.0,2.0,1.0,1.0,1.0,beneficiario
10866,35.0,49.0,49.2539356605065,2.0,2.0,3.0,2.0,2.0,5.0,,,0.0,,,,,2.0,1.0,2.0,3.0,1.0,6.0,2.0,1.0,1.0,1.0,beneficiario
10866,35.0,17.0,17.251197809719372,2.0,2.0,3.0,2.0,3.0,3.0,7.0,2.0,1.0,0.0,1.0,1.0,11.0,3.0,1.0,2.0,3.0,1.0,6.0,2.0,1.0,1.0,1.0,beneficiario
10866,35.0,47.0,47.32101300479123,1.0,,,,,,,,,,,,,,,2.0,3.0,1.0,6.0,2.0,1.0,1.0,1.0,
10936,35.0,45.0,40.700889801505824,1.0,,,,,,,,,,,,,,,2.0,4.0,1.0,3.0,2.0,1.0,1.0,1.0,
10936,35.0,35.0,35.175906913073234,2.0,1.0,1.0,1.0,1.0,5.0,,,0.0,,,,,2.0,1.0,2.0,4.0,1.0,3.0,2.0,1.0,1.0,1.0,beneficiario
10936,35.0,17.0,27.84120465434634,2.0,1.0,1.0,2.0,3.0,3.0,,,1.0,0.0,,1.0,10.0,3.0,1.0,2.0,4.0,1.0,3.0,2.0,1.0,1.0,1.0,beneficiario
10936,35.0,12.0,12.553045859000685,2.0,1.0,,2.0,3.0,3.0,7.0,2.0,1.0,0.0,1.0,0.0,5.0,2.0,1.0,2.0,4.0,1.0,3.0,2.0,1.0,1.0,1.0,beneficiario
10936,35.0,8.0,8.446269678302532,1.0,1.0,,2.0,3.0,3.0,7.0,2.0,1.0,0.0,1.0,0.0,2.0,2.0,1.0,2.0,4.0,1.0,3.0,2.0,1.0,1.0,1.0,beneficiario
10990,35.0,46.0,46.0,1.0,3.0,1.0,2.0,1.0,5.0,,,0.0,,,,,,1.0,,6.0,1.0,4.0,2.0,1.0,1.0,2.0,beneficiario
10990,35.0,36.0,36.0,2.0,3.0,1.0,1.0,2.0,5.0,,,0.0,,,,,2.0,1.0,,6.0,1.0,4.0,2.0,1.0,1.0,2.0,beneficiario
10990,35.0,13.0,13.0,1.0,3.0,,2.0,3.0,3.0,7.0,2.0,1.0,0.0,1.0,0.0,7.0,2.0,1.0,,6.0,1.0,4.0,2.0,1.0,1.0,2.0,beneficiario
10990,35.0,9.0,9.0,1.0,3.0,,2.0,3.0,3.0,7.0,2.0,1.0,0.0,1.0,0.0,3.0,2.0,1.0,,6.0,1.0,4.0,2.0,1.0,1.0,2.0,beneficiario
10990,35.0,7.0,7.0,1.0,3.0,,2.0,3.0,3.0,7.0,2.0,1.0,0.0,1.0,0.0,2.0,2.0,1.0,,6.0,1.0,4.0,2.0,1.0,1.0,2.0,beneficiario
10990,35.0,5.0,5.0,2.0,3.0,,2.0,3.0,5.0,,,0.0,,,,,,1.0,,6.0,1.0,4.0,2.0,1.0,1.0,2.0,beneficiario
11207,35.0,62.0,62.35181382614647,1.0,3.0,4.0,2.0,1.0,5.0,,,0.0,,,,,3.0,1.0,3.0,3.0,1.0,,3.0,2.0,1.0,1.0,beneficiario
11207,35.0,43.0,45.58795345653662,2.0,3.0,1.0,2.0,2.0,5.0,,,0.0,,,,,2.0,1.0,3.0,3.0,1.0,,3.0,2.0,1.0,1.0,beneficiario
11207,35.0,19.0,18.915811088295687,1.0,3.0,1.0,2.0,3.0,5.0,,,0.0,,,,,3.0,1.0,3.0,3.0,1.0,,3.0,2.0,1.0,1.0,beneficiario
11273,35.0,38.0,38.34633812457221,2.0,3.0,3.0,2.0,1.0,5.0,,,0.0,,,,,3.0,1.0,3.0,2.0,1.0,4.0,1.0,1.0,1.0,1.0,beneficiario
11273,35.0,16.0,16.084873374401095,1.0,,,,,,,,,,,,,,,3.0,2.0,1.0,4.0,1.0,1.0,1.0,1.0,
11273,35.0,14.0,14.633812457221081,1.0,3.0,1.0,2.0,3.0,1.0,,,1.0,0.0,1.0,0.0,7.0,2.0,1.0,3.0,2.0,1.0,4.0,1.0,1.0,1.0,1.0,beneficiario
11273,,,,,,,,,,,,,,,,,,,3.0,2.0,1.0,4.0,1.0,1.0,1.0,1.0,
11279,35.0,47.0,47.611225188227245,1.0,,,,,,,,,,,,,,,2.0,4.0,1.0,4.0,1.0,1.0,1.0,2.0,
11279,35.0,31.0,31.331964407939765,2.0,2.0,3.0,1.0,1.0,5.0,,,0.0,,,,,2.0,1.0,2.0,4.0,1.0,4.0,1.0,1.0,1.0,2.0,beneficiario
11279,35.0,15.0,15.378507871321013,2.0,1.0,1.0,,8.0,1.0,7.0,2.0,1.0,0.0,1.0,0.0,9.0,3.0,1.0,2.0,4.0,1.0,4.0,1.0,1.0,1.0,2.0,beneficiario
11279,35.0,6.0,6.026009582477755,1.0,3.0,,,3.0,1.0,6.0,2.0,1.0,0.0,1.0,0.0,,1.0,1.0,2.0,4.0,1.0,4.0,1.0,1.0,1.0,2.0,beneficiario
11279,35.0,2.0,3.3401779603011637,1.0,3.0,,,3.0,5.0,,,1.0,,1.0,0.0,,1.0,1.0,2.0,4.0,1.0,4.0,1.0,1.0,1.0,2.0,beneficiario
11432,35.0,62.0,62.034223134839145,1.0,1.0,3.0,,1.0,5.0,,,0.0,,,,,2.0,1.0,2.0,2.0,1.0,4.0,1.0,1.0,1.0,1.0,beneficiario
11432,35.0,58.0,58.5763175906913,2.0,1.0,,,2.0,5.0,,,0.0,,,,,2.0,1.0,2.0,2.0,1.0,4.0,1.0,1.0,1.0,1.0,beneficiario
11432,35.0,34.0,34.42847364818618,2.0,,,,,,,,,,,,,,,2.0,2.0,1.0,4.0,1.0,1.0,1.0,1.0,
11432,35.0,16.0,16.457221081451063,1.0,,,,,,,,,,,,,,,2.0,2.0,1.0,4.0,1.0,1.0,1.0,1.0,
11432,35.0,13.0,13.199178644763862,1.0,,,,,,,,,,,,,,,2.0,2.0,1.0,4.0,1.0,1.0,1.0,1.0,
11527,35.0,52.0,52.28747433264888,1.0,3.0,1.0,2.0,1.0,5.0,,,0.0,,,,,2.0,1.0,2.0,1.0,1.0,3.0,1.0,1.0,1.0,1.0,beneficiario
11533,35.0,67.0,67.5400410677618,1.0,1.0,1.0,1.0,1.0,5.0,,,0.0,,,,,2.0,1.0,2.0,2.0,1.0,5.0,2.0,1.0,1.0,1.0,beneficiario
11533,35.0,67.0,67.7262149212868,2.0,1.0,1.0,2.0,2.0,5.0,,,0.0,,,,,2.0,1.0,2.0,2.0,1.0,5.0,2.0,1.0,1.0,1.0,beneficiario
11650,35.0,52.0,51.9233401779603,1.0,1.0,1.0,1.0,1.0,5.0,,,0.0,,,,,4.0,1.0,4.0,3.0,1.0,5.0,2.0,1.0,1.0,1.0,beneficiario
11650,35.0,52.0,52.145106091718006,2.0,1.0,1.0,2.0,2.0,5.0,,,0.0,,,,,4.0,1.0,4.0,3.0,1.0,5.0,2.0,1.0,1.0,1.0,beneficiario
11650,35.0,29.0,29.38261464750171,1.0,1.0,1.0,2.0,3.0,5.0,,,0.0,,,,,4.0,1.0,4.0,3.0,1.0,5.0,2.0,1.0,1.0,1.0,beneficiario
11724,35.0,47.0,47.26899383983573,1.0,1.0,3.0,2.0,1.0,5.0,,,0.0,,,,,2.0,1.0,2.0,6.0,1.0,5.0,2.0,1.0,1.0,1.0,beneficiario
11724,35.0,46.0,46.17932922655716,2.0,1.0,4.0,1.0,2.0,5.0,,,0.0,,,,,2.0,1.0,2.0,6.0,1.0,5.0,2.0,1.0,1.0,1.0,beneficiario
11724,35.0,22.0,22.71047227926078,2.0,1.0,3.0,2.0,3.0,5.0,,,0.0,,,,,3.0,1.0,2.0,6.0,1.0,5.0,2.0,1.0,1.0,1.0,beneficiario
11724,35.0,16.0,16.0684462696783,1.0,1.0,3.0,2.0,3.0,5.0,,,0.0,,,,,2.0,1.0,2.0,6.0,1.0,5.0,2.0,1.0,1.0,1.0,beneficiario
11724,35.0,13.0,13.095140314852841,2.0,1.0,,2.0,3.0,3.0,7.0,2.0,1.0,0.0,1.0,1.0,7.0,2.0,1.0,2.0,6.0,1.0,5.0,2.0,1.0,1.0,1.0,beneficiario
11724,35.0,7.0,7.529089664613279,1.0,1.0,,2.0,5.0,3.0,7.0,2.0,1.0,0.0,1.0,0.0,2.0,2.0,1.0,2.0,6.0,1.0,5.0,2.0,1.0,1.0,1.0,beneficiario
11744,35.0,35.0,35.351129363449694,1.0,1.0,3.0,2.0,1.0,5.0,,,0.0,,,,,3.0,1.0,3.0,3.0,1.0,5.0,2.0,1.0,1.0,2.0,beneficiario
11744,35.0,30.0,30.48596851471595,2.0,1.0,3.0,2.0,2.0,5.0,,,0.0,,,,,3.0,1.0,3.0,3.0,1.0,5.0,2.0,1.0,1.0,2.0,beneficiario
11744,35.0,5.0,5.333333333333333,1.0,1.0,,2.0,3.0,2.0,,,0.0,1.0,,,,,1.0,3.0,3.0,1.0,5.0,2.0,1.0,1.0,2.0,beneficiario
11762,35.0,55.0,55.20876112251882,1.0,1.0,3.0,2.0,1.0,5.0,,,0.0,,,,,2.0,1.0,2.0,5.0,1.0,9.0,1.0,1.0,1.0,2.0,beneficiario
11762,35.0,49.0,49.28131416837782,2.0,3.0,3.0,1.0,2.0,5.0,,,0.0,,,,,3.0,1.0,2.0,5.0,1.0,9.0,1.0,1.0,1.0,2.0,beneficiario
11762,35.0,21.0,21.555099247091032,2.0,1.0,3.0,2.0,3.0,5.0,,,0.0,,,,,3.0,1.0,2.0,5.0,1.0,9.0,1.0,1.0,1.0,2.0,beneficiario
11762,35.0,19.0,19.942505133470227,1.0,3.0,3.0,2.0,3.0,5.0,,,0.0,,,,,3.0,1.0,2.0,5.0,1.0,9.0,1.0,1.0,1.0,2.0,beneficiario
11762,35.0,16.0,16.84873374401095,2.0,3.0,3.0,2.0,3.0,3.0,7.0,2.0,1.0,0.0,1.0,1.0,10.0,3.0,1.0,2.0,5.0,1.0,9.0,1.0,1.0,1.0,2.0,beneficiario
11811,35.0,66.0,66.89664613278576,1.0,3.0,4.0,1.0,1.0,5.0,,,0.0,,,,,2.0,0.0,2.0,4.0,1.0,3.0,1.0,1.0,1.0,1.0,controle
11811,35.0,46.0,46.365503080082135,2.0,3.0,4.0,2.0,2.0,5.0,,,0.0,,,,,2.0,0.0,2.0,4.0,1.0,3.0,1.0,1.0,1.0,1.0,controle
11811,35.0,16.0,16.865160848733744,2.0,3.0,3.0,2.0,3.0,3.0,7.0,2.0,1.0,0.0,1.0,0.0,10.0,3.0,0.0,2.0,4.0,1.0,3.0,1.0,1.0,1.0,1.0,controle
11811,35.0,9.0,9.921971252566735,1.0,3.0,,2.0,3.0,3.0,7.0,2.0,1.0,0.0,0.8333333333333334,1.0,3.0,2.0,0.0,2.0,4.0,1.0,3.0,1.0,1.0,1.0,1.0,controle
11849,35.0,55.0,55.60027378507871,1.0,3.0,1.0,2.0,1.0,5.0,,,0.0,,,,,2.0,1.0,2.0,4.0,1.0,5.0,2.0,1.0,1.0,2.0,beneficiario
11849,35.0,55.0,55.13483915126626,2.0,3.0,3.0,2.0,2.0,5.0,,,0.0,,,,,3.0,1.0,2.0,4.0,1.0,5.0,2.0,1.0,1.0,2.0,beneficiario
11849,35.0,25.0,25.34154688569473,2.0,3.0,3.0,2.0,3.0,5.0,,,0.0,,,,,3.0,1.0,2.0,4.0,1.0,5.0,2.0,1.0,1.0,2.0,beneficiario
11849,35.0,15.0,15.425051334702259,2.0,3.0,3.0,2.0,3.0,3.0,7.0,2.0,1.0,0.0,1.0,1.0,9.0,3.0,1.0,2.0,4.0,1.0,5.0,2.0,1.0,1.0,2.0,beneficiario
11921,35.0,46.0,46.8911704312115,2.0,3.0,4.0,1.0,1.0,5.0,,,0.0,,,,,,1.0,,4.0,1.0,3.0,1.0,1.0,1.0,2.0,beneficiario
11921,35.0,21.0,22.313483915126625,2.0,3.0,,2.0,3.0,5.0,,,0.0,,,,,3.0,1.0,,4.0,1.0,3.0,1.0,1.0,1.0,2.0,beneficiario
11921,35.0,12.0,12.791238877481177,1.0,3.0,,2.0,3.0,3.0,7.0,2.0,1.0,0.0,1.0,0.0,6.0,2.0,1.0,,4.0,1.0,3.0,1.0,1.0,1.0,2.0,beneficiario
11921,35.0,7.0,7.534565366187543,2.0,3.0,,2.0,5.0,2.0,6.0,2.0,1.0,0.0,1.0,0.0,1.0,2.0,1.0,,4.0,1.0,3.0,1.0,1.0,1.0,2.0,beneficiario
12019,35.0,53.0,53.34428473648186,1.0,1.0,1.0,2.0,1.0,5.0,,,0.0,,,,,2.0,1.0,2.0,4.0,1.0,4.0,2.0,1.0,1.0,1.0,beneficiario
12019,35.0,42.0,42.54620123203286,2.0,1.0,1.0,1.0,2.0,5.0,,,0.0,,,,,2.0,1.0,2.0,4.0,1.0,4.0,2.0,1.0,1.0,1.0,beneficiario
12019,35.0,20.0,20.605065023956193,2.0,1.0,,2.0,3.0,,,,,,,,,,,2.0,4.0,1.0,4.0,2.0,1.0,1.0,1.0,
12019,35.0,19.0,19.091033538672143,2.0,1.0,,2.0,3.0,2.0,,1.0,1.0,0.0,1.0,1.0,,2.0,1.0,2.0,4.0,1.0,4.0,2.0,1.0,1.0,1.0,beneficiario
12019,35.0,16.0,16.7337440109514,1.0,1.0,,2.0,3.0,3.0,,1.0,1.0,0.0,1.0,1.0,9.0,3.0,1.0,2.0,4.0,1.0,4.0,2.0,1.0,1.0,1.0,beneficiario
12058,35.0,69.0,69.31964407939766,1.0,1.0,1.0,2.0,1.0,5.0,,,0.0,,,,,2.0,1.0,2.0,2.0,1.0,5.0,2.0,1.0,1.0,1.0,beneficiario
12058,35.0,68.0,68.55030800821356,2.0,1.0,1.0,2.0,2.0,5.0,,,0.0,,,,,2.0,1.0,2.0,2.0,1.0,5.0,2.0,1.0,1.0,1.0,beneficiario
12058,35.0,30.0,30.294318959616703,1.0,,,,,,,,,,,,,,,2.0,2.0,1.0,5.0,2.0,1.0,1.0,1.0,
12063,35.0,36.0,36.37234770704996,1.0,1.0,3.0,2.0,1.0,5.0,,,0.0,,,,,2.0,0.0,2.0,4.0,1.0,6.0,2.0,1.0,1.0,2.0,controle
12063,35.0,43.0,43.70704996577687,2.0,1.0,3.0,2.0,2.0,5.0,,,0.0,,,,,2.0,0.0,2.0,4.0,1.0,6.0,2.0,1.0,1.0,2.0,controle
12063,35.0,21.0,21.913757700205338,1.0,1.0,3.0,2.0,3.0,5.0,,,0.0,,,,,3.0,0.0,2.0,4.0,1.0,6.0,2.0,1.0,1.0,2.0,controle
12063,35.0,8.0,8.24640657084189,2.0,1.0,,2.0,3.0,2.0,6.0,2.0,1.0,0.0,1.0,0.0,2.0,2.0,0.0,2.0,4.0,1.0,6.0,2.0,1.0,1.0,2.0,controle
12067,35.0,26.0,26.866529774127308,1.0,1.0,3.0,,1.0,5.0,,,0.0,,,,,2.0,1.0,2.0,5.0,1.0,5.0,2.0,1.0,1.0,1.0,beneficiario
12067,35.0,32.0,32.86242299794662,2.0,3.0,3.0,1.0,2.0,5.0,,,0.0,,,,,2.0,1.0,2.0,5.0,1.0,5.0,2.0,1.0,1.0,1.0,beneficiario
12067,35.0,11.0,11.326488706365502,1.0,3.0,,,3.0,3.0,7.0,2.0,1.0,0.0,1.0,1.0,5.0,2.0,1.0,2.0,5.0,1.0,5.0,2.0,1.0,1.0,1.0,beneficiario
12067,35.0,8.0,8.561259411362082,1.0,1.0,,,3.0,3.0,6.0,2.0,1.0,0.0,1.0,1.0,2.0,2.0,1.0,2.0,5.0,1.0,5.0,2.0,1.0,1.0,1.0,beneficiario
12067,35.0,5.0,5.505817932922656,1.0,1.0,,,3.0,2.0,0.0,2.0,1.0,0.0,1.0,0.0,,1.0,1.0,2.0,5.0,1.0,5.0,2.0,1.0,1.0,1.0,beneficiario
12095,35.0,53.0,53.9192334017796,1.0,1.0,3.0,2.0,1.0,5.0,,,0.0,,,,,2.0,0.0,2.0,4.0,1.0,9.0,4.0,1.0,1.0,2.0,controle
12095,35.0,39.0,39.58932238193019,2.0,3.0,3.0,2.0,2.0,5.0,,,0.0,,,,,2.0,0.0,2.0,4.0,1.0,9.0,4.0,1.0,1.0,2.0,controle
12095,35.0,19.0,19.690622861054074,1.0,3.0,,2.0,3.0,5.0,,,0.0,,,,,3.0,0.0,2.0,4.0,1.0,9.0,4.0,1.0,1.0,2.0,controle
12095,35.0,17.0,17.639972621492127,1.0,3.0,,2.0,3.0,2.0,7.0,2.0,1.0,0.0,1.0,1.0,10.0,3.0,0.0,2.0,4.0,1.0,9.0,4.0,1.0,1.0,2.0,controle
12106,35.0,52.0,52.12320328542095,2.0,1.0,1.0,2.0,1.0,5.0,,,0.0,,,,,4.0,1.0,4.0,5.0,1.0,9.0,4.0,2.0,1.0,1.0,beneficiario
12106,35.0,26.0,26.45037645448323,2.0,1.0,3.0,2.0,3.0,5.0,,,1.0,,,1.0,,4.0,1.0,4.0,5.0,1.0,9.0,4.0,2.0,1.0,1.0,beneficiario
12106,35.0,21.0,21.593429158110883,1.0,1.0,3.0,2.0,3.0,5.0,6.0,1.0,1.0,,,1.0,,4.0,1.0,4.0,5.0,1.0,9.0,4.0,2.0,1.0,1.0,beneficiario
12106,35.0,90.0,90.41204654346338,2.0,1.0,4.0,2.0,4.0,5.0,,,0.0,,,,,3.0,1.0,4.0,5.0,1.0,9.0,4.0,2.0,1.0,1.0,beneficiario
12106,35.0,66.0,66.507871321013,1.0,1.0,1.0,2.0,2.0,5.0,,,0.0,,,,,3.0,1.0,4.0,5.0,1.0,9.0,4.0,2.0,1.0,1.0,beneficiario
12121,35.0,49.0,49.267624914442166,1.0,3.0,3.0,2.0,1.0,5.0,,,0.0,,,,,2.0,1.0,2.0,3.0,1.0,5.0,2.0,1.0,1.0,2.0,beneficiario
12121,35.0,44.0,44.51745379876797,2.0,3.0,3.0,2.0,2.0,5.0,,,0.0,,,,,2.0,1.0,2.0,3.0,1.0,5.0,2.0,1.0,1.0,2.0,beneficiario
12121,35.0,19.0,19.121149897330596,1.0,3.0,3.0,2.0,3.0,5.0,,,0.0,,,,,3.0,1.0,2.0,3.0,1.0,5.0,2.0,1.0,1.0,2.0,beneficiario
12187,35.0,69.0,66.32443531827515,1.0,,,,,,,,,,,,,,,,4.0,2.0,7.0,3.0,1.0,1.0,2.0,
12187,35.0,54.0,54.809034907597535,2.0,1.0,4.0,2.0,1.0,5.0,,,0.0,,,,,,1.0,,4.0,2.0,7.0,3.0,1.0,1.0,2.0,beneficiario
12187,35.0,33.0,33.908281998631075,2.0,,,,,,,,,,,,,,,,4.0,2.0,7.0,3.0,1.0,1.0,2.0,
12187,35.0,14.0,14.98425735797399,2.0,,,,,,,,,,,,,,,,4.0,2.0,7.0,3.0,1.0,1.0,2.0,
12187,35.0,30.0,30.354551676933607,2.0,,,,,,,,,,,,,,,,4.0,2.0,7.0,3.0,1.0,1.0,2.0,
12187,35.0,11.0,11.671457905544148,2.0,,,2.0,5.0,3.0,7.0,2.0,1.0,0.0,1.0,1.0,5.0,2.0,1.0,,4.0,2.0,7.0,3.0,1.0,1.0,2.0,beneficiario
12187,35.0,50.0,50.85284052019165,1.0,1.0,3.0,2.0,8.0,5.0,,,0.0,,,,,,1.0,,4.0,2.0,7.0,3.0,1.0,1.0,2.0,beneficiario
12187,35.0,43.0,43.6413415468857,1.0,1.0,3.0,2.0,8.0,5.0,,,0.0,,,,,,1.0,,4.0,2.0,7.0,3.0,1.0,1.0,2.0,beneficiario
12258,29.0,51.0,51.252566735112936,1.0,2.0,4.0,2.0,1.0,5.0,,,0.0,,,,,,1.0,,6.0,1.0,5.0,3.0,1.0,1.0,2.0,beneficiario
12258,29.0,41.0,41.850787132101296,2.0,1.0,4.0,2.0,2.0,3.0,,,1.0,0.0,1.0,0.0,,4.0,1.0,,6.0,1.0,5.0,3.0,1.0,1.0,2.0,beneficiario
12258,29.0,19.0,19.77549623545517,1.0,2.0,,2.0,3.0,3.0,7.0,1.0,1.0,0.0,1.0,0.0,,3.0,1.0,,6.0,1.0,5.0,3.0,1.0,1.0,2.0,beneficiario
12258,29.0,16.0,16.643394934976044,2.0,2.0,,2.0,3.0,3.0,7.0,1.0,1.0,0.0,1.0,0.0,7.0,2.0,1.0,,6.0,1.0,5.0,3.0,1.0,1.0,2.0,beneficiario
12258,29.0,15.0,15.403148528405202,2.0,2.0,,2.0,3.0,3.0,7.0,1.0,1.0,0.0,1.0,0.0,8.0,2.0,1.0,,6.0,1.0,5.0,3.0,1.0,1.0,2.0,beneficiario
12258,29.0,14.0,14.160164271047227,2.0,2.0,,2.0,3.0,3.0,7.0,2.0,1.0,0.0,1.0,0.0,8.0,2.0,1.0,,6.0,1.0,5.0,3.0,1.0,1.0,2.0,beneficiario
12260,35.0,55.0,54.39014373716632,2.0,1.0,3.0,1.0,1.0,5.0,,,0.0,,,,,,1.0,,4.0,1.0,5.0,0.0,0.0,1.0,1.0,beneficiario
12260,35.0,31.0,31.24435318275154,2.0,,,,,,,,,,,,,,,,4.0,1.0,5.0,0.0,0.0,1.0,1.0,
12260,35.0,21.0,21.007529089664615,2.0,,,,,,,,,,,,,,,,4.0,1.0,5.0,0.0,0.0,1.0,1.0,
12260,35.0,13.0,13.894592744695414,2.0,1.0,,2.0,3.0,3.0,6.0,2.0,1.0,0.0,1.0,1.0,9.0,3.0,1.0,,4.0,1.0,5.0,0.0,0.0,1.0,1.0,beneficiario
12260,35.0,29.0,29.478439425051334,2.0,1.0,3.0,2.0,3.0,5.0,,,0.0,,,,,,1.0,,4.0,1.0,5.0,0.0,0.0,1.0,1.0,beneficiario
12260,35.0,10.0,19.263518138261464,2.0,1.0,3.0,2.0,5.0,2.0,,,0.0,1.0,,,,,1.0,,4.0,1.0,5.0,0.0,0.0,1.0,1.0,beneficiario
12407,35.0,55.0,55.60301163586584,1.0,1.0,1.0,2.0,1.0,5.0,,,0.0,,,,,,1.0,,4.0,1.0,4.0,2.0,1.0,1.0,2.0,beneficiario
12407,35.0,52.0,52.30116358658453,2.0,1.0,1.0,1.0,2.0,5.0,,,0.0,,,,,3.0,1.0,,4.0,1.0,4.0,2.0,1.0,1.0,2.0,beneficiario
12407,35.0,19.0,19.13757700205339,2.0,1.0,1.0,2.0,3.0,3.0,,,0.0,1.0,,,,,1.0,,4.0,1.0,4.0,2.0,1.0,1.0,2.0,beneficiario
12407,35.0,14.0,14.209445585215605,2.0,1.0,1.0,2.0,3.0,3.0,7.0,2.0,1.0,0.0,0.8333333333333334,1.0,7.0,2.0,1.0,,4.0,1.0,4.0,2.0,1.0,1.0,2.0,beneficiario
12408,35.0,40.0,41.19917864476386,1.0,3.0,1.0,2.0,1.0,5.0,,,0.0,,,,,,1.0,,5.0,1.0,7.0,3.0,1.0,1.0,1.0,beneficiario
12408,35.0,34.0,34.587268993839835,2.0,3.0,1.0,2.0,2.0,5.0,,,0.0,,,,,2.0,1.0,,5.0,1.0,7.0,3.0,1.0,1.0,1.0,beneficiario
12408,35.0,15.0,15.457905544147843,1.0,3.0,,2.0,3.0,3.0,7.0,1.0,1.0,0.0,0.2,1.0,8.0,2.0,1.0,,5.0,1.0,7.0,3.0,1.0,1.0,1.0,beneficiario
12408,35.0,11.0,11.498973305954825,2.0,3.0,,2.0,3.0,3.0,7.0,1.0,1.0,0.0,0.2,1.0,4.0,2.0,1.0,,5.0,1.0,7.0,3.0,1.0,1.0,1.0,beneficiario
12408,35.0,4.0,4.720054757015743,2.0,3.0,,2.0,3.0,5.0,,,0.0,,,,,,1.0,,5.0,1.0,7.0,3.0,1.0,1.0,1.0,beneficiario
12429,35.0,44.0,44.79671457905545,2.0,,1.0,1.0,1.0,5.0,,,0.0,,,,,,1.0,,5.0,1.0,5.0,1.0,1.0,1.0,1.0,beneficiario
12429,35.0,48.0,49.229295003422315,1.0,,1.0,2.0,6.0,5.0,,,0.0,,,,,,1.0,,5.0,1.0,5.0,1.0,1.0,1.0,1.0,beneficiario
12429,35.0,24.0,24.99110198494182,2.0,,1.0,2.0,3.0,2.0,,,1.0,0.0,1.0,0.0,11.0,3.0,1.0,,5.0,1.0,5.0,1.0,1.0,1.0,1.0,beneficiario
12429,35.0,18.0,18.767967145790553,1.0,,1.0,2.0,3.0,3.0,7.0,2.0,1.0,0.0,1.0,0.0,,4.0,1.0,,5.0,1.0,5.0,1.0,1.0,1.0,1.0,beneficiario
12429,35.0,15.0,15.937029431895962,2.0,,1.0,2.0,3.0,2.0,7.0,2.0,1.0,0.0,1.0,1.0,,2.0,1.0,,5.0,1.0,5.0,1.0,1.0,1.0,1.0,beneficiario
12463,41.0,37.0,37.82067077344284,2.0,1.0,1.0,2.0,1.0,5.0,,,0.0,,,,,2.0,1.0,2.0,3.0,1.0,5.0,2.0,1.0,1.0,1.0,beneficiario
12463,41.0,12.0,12.813141683778234,1.0,1.0,,,2.0,1.0,6.0,2.0,1.0,0.0,1.0,0.0,6.0,2.0,1.0,2.0,3.0,1.0,5.0,2.0,1.0,1.0,1.0,beneficiario
12463,41.0,66.0,62.63655030800821,2.0,1.0,1.0,2.0,3.0,5.0,,,0.0,,,,,2.0,1.0,2.0,3.0,1.0,5.0,2.0,1.0,1.0,1.0,beneficiario
12474,41.0,61.0,64.07118412046543,2.0,1.0,,2.0,1.0,5.0,,,0.0,,,,,2.0,0.0,2.0,2.0,1.0,6.0,3.0,1.0,1.0,1.0,controle
12474,41.0,24.0,23.964407939767284,1.0,1.0,,,3.0,5.0,,,0.0,,,,,3.0,0.0,2.0,2.0,1.0,6.0,3.0,1.0,1.0,1.0,controle
12474,41.0,35.0,35.55099247091034,2.0,,,,,,,,,,,,,,,2.0,2.0,1.0,6.0,3.0,1.0,1.0,1.0,
12474,41.0,9.0,9.648186173853524,2.0,,,,,,,,,,,,,,,2.0,2.0,1.0,6.0,3.0,1.0,1.0,1.0,
12474,41.0,4.0,4.271047227926078,1.0,,,,,,,,,,,,,,,2.0,2.0,1.0,6.0,3.0,1.0,1.0,1.0,
12482,41.0,43.0,43.00342231348392,2.0,1.0,1.0,2.0,1.0,5.0,,,0.0,,,,,2.0,1.0,2.0,2.0,1.0,6.0,2.0,0.0,1.0,1.0,beneficiario
12482,41.0,22.0,22.600958247775498,2.0,1.0,1.0,2.0,3.0,5.0,,,0.0,,,,,3.0,1.0,2.0,2.0,1.0,6.0,2.0,0.0,1.0,1.0,beneficiario
12482,41.0,21.0,21.15537303216975,2.0,,,,,,,,,,,,,,,2.0,2.0,1.0,6.0,2.0,0.0,1.0,1.0,
12529,41.0,43.0,43.096509240246405,1.0,1.0,1.0,2.0,1.0,5.0,,,0.0,,,,,2.0,0.0,2.0,4.0,1.0,6.0,3.0,1.0,1.0,1.0,controle
12529,41.0,45.0,40.49828884325804,2.0,1.0,1.0,2.0,2.0,5.0,,,0.0,,,,,2.0,0.0,2.0,4.0,1.0,6.0,3.0,1.0,1.0,1.0,controle
12529,41.0,14.0,13.932922655715263,1.0,1.0,,2.0,3.0,3.0,,,1.0,0.0,1.0,0.0,8.0,2.0,0.0,2.0,4.0,1.0,6.0,3.0,1.0,1.0,1.0,controle
12529,41.0,8.0,8.632443531827516,2.0,1.0,,2.0,3.0,2.0,6.0,2.0,1.0,0.0,0.8,1.0,3.0,2.0,0.0,2.0,4.0,1.0,6.0,3.0,1.0,1.0,1.0,controle
12529,,,,,,,,,,,,,,,,,,,2.0,4.0,1.0,6.0,3.0,1.0,1.0,1.0,
12575,41.0,51.0,51.94250513347022,1.0,1.0,1.0,2.0,2.0,5.0,,,0.0,,,,,2.0,1.0,,3.0,1.0,3.0,1.0,1.0,1.0,1.0,beneficiario
12575,41.0,60.0,60.64887063655031,2.0,1.0,1.0,2.0,2.0,5.0,,,0.0,,,,,2.0,1.0,,3.0,1.0,3.0,1.0,1.0,1.0,1.0,beneficiario
12575,41.0,16.0,16.804928131416837,1.0,1.0,1.0,2.0,3.0,5.0,7.0,1.0,1.0,,1.0,0.0,7.0,2.0,1.0,,3.0,1.0,3.0,1.0,1.0,1.0,1.0,beneficiario
12576,41.0,43.0,43.238877481177276,1.0,1.0,1.0,2.0,2.0,5.0,,,0.0,,,,,2.0,0.0,2.0,7.0,1.0,5.0,2.0,1.0,1.0,1.0,controle
12576,41.0,35.0,35.73442847364819,2.0,1.0,1.0,2.0,1.0,5.0,,,0.0,,,,,2.0,0.0,2.0,7.0,1.0,5.0,2.0,1.0,1.0,1.0,controle
12576,41.0,18.0,18.321697467488022,1.0,1.0,1.0,2.0,8.0,5.0,,,0.0,,,,,3.0,0.0,2.0,7.0,1.0,5.0,2.0,1.0,1.0,1.0,controle
12576,41.0,17.0,16.95003422313484,1.0,1.0,1.0,2.0,8.0,3.0,6.0,1.0,1.0,0.0,1.0,0.0,10.0,3.0,0.0,2.0,7.0,1.0,5.0,2.0,1.0,1.0,1.0,controle
12576,41.0,16.0,15.898699520876113,2.0,1.0,1.0,2.0,3.0,3.0,6.0,1.0,1.0,0.0,1.0,0.0,7.0,2.0,0.0,2.0,7.0,1.0,5.0,2.0,1.0,1.0,1.0,controle
12576,41.0,4.0,4.0629705681040384,2.0,1.0,,2.0,3.0,5.0,,,0.0,,,,,,0.0,2.0,7.0,1.0,5.0,2.0,1.0,1.0,1.0,controle
12576,41.0,0.0,0.4161533196440794,2.0,1.0,,2.0,3.0,5.0,,,0.0,,,,,,0.0,2.0,7.0,1.0,5.0,2.0,1.0,1.0,1.0,controle
12594,41.0,42.0,43.87679671457906,1.0,1.0,1.0,2.0,2.0,5.0,,,0.0,,,,,2.0,0.0,2.0,3.0,1.0,4.0,2.0,1.0,1.0,1.0,controle
12594,41.0,40.0,40.941820670773446,2.0,1.0,1.0,2.0,1.0,5.0,,,0.0,,,,,2.0,0.0,2.0,3.0,1.0,4.0,2.0,1.0,1.0,1.0,controle
12594,41.0,11.0,11.622176591375771,1.0,1.0,,,3.0,3.0,7.0,2.0,1.0,0.0,1.0,0.0,6.0,2.0,0.0,2.0,3.0,1.0,4.0,2.0,1.0,1.0,1.0,controle
12646,41.0,49.0,49.74948665297741,1.0,4.0,,2.0,1.0,5.0,,,0.0,,,,,,1.0,,5.0,1.0,7.0,2.0,2.0,1.0,1.0,beneficiario
12646,41.0,43.0,43.24435318275154,2.0,1.0,,2.0,2.0,5.0,,,0.0,,,,,,1.0,,5.0,1.0,7.0,2.0,2.0,1.0,1.0,beneficiario
12646,41.0,21.0,21.626283367556468,2.0,4.0,,2.0,3.0,5.0,,,0.0,,,,,,1.0,,5.0,1.0,7.0,2.0,2.0,1.0,1.0,beneficiario
12646,41.0,18.0,18.84462696783025,1.0,4.0,,2.0,3.0,1.0,6.0,2.0,1.0,0.0,1.0,0.0,,3.0,1.0,,5.0,1.0,7.0,2.0,2.0,1.0,1.0,beneficiario
12646,41.0,0.0,0.7693360711841204,2.0,4.0,,2.0,3.0,5.0,,,0.0,,,,,,1.0,,5.0,1.0,7.0,2.0,2.0,1.0,1.0,beneficiario
12688,41.0,43.0,43.375770020533885,1.0,1.0,,2.0,1.0,5.0,,,0.0,,,,,,1.0,,2.0,1.0,4.0,1.0,1.0,1.0,,beneficiario
12688,41.0,16.0,16.7419575633128,2.0,1.0,,2.0,3.0,3.0,6.0,2.0,1.0,0.0,1.0,0.0,10.0,3.0,1.0,,2.0,1.0,4.0,1.0,1.0,1.0,,beneficiario
12796,42.0,55.0,55.16495550992471,1.0,1.0,3.0,2.0,1.0,5.0,,,0.0,,,,,4.0,0.0,4.0,4.0,1.0,7.0,3.0,1.0,1.0,1.0,controle
12796,42.0,46.0,46.795345653661876,2.0,1.0,3.0,2.0,2.0,5.0,,,0.0,,,,,3.0,0.0,4.0,4.0,1.0,7.0,3.0,1.0,1.0,1.0,controle
12796,42.0,22.0,22.026009582477755,2.0,1.0,3.0,2.0,3.0,1.0,,,1.0,0.0,1.0,0.0,,4.0,0.0,4.0,4.0,1.0,7.0,3.0,1.0,1.0,1.0,controle
12796,42.0,20.0,20.53388090349076,2.0,1.0,3.0,2.0,3.0,1.0,6.0,2.0,1.0,0.0,1.0,0.0,,4.0,0.0,4.0,4.0,1.0,7.0,3.0,1.0,1.0,1.0,controle
12814,42.0,72.0,72.10130047912389,1.0,1.0,3.0,1.0,1.0,5.0,,,0.0,,,,,2.0,1.0,2.0,4.0,1.0,6.0,3.0,1.0,1.0,1.0,beneficiario
12814,42.0,50.0,50.80629705681041,2.0,1.0,3.0,2.0,2.0,5.0,,,0.0,,,,,2.0,1.0,2.0,4.0,1.0,6.0,3.0,1.0,1.0,1.0,beneficiario
12814,42.0,20.0,20.788501026694046,1.0,1.0,3.0,2.0,3.0,5.0,,,0.0,,,,,2.0,1.0,2.0,4.0,1.0,6.0,3.0,1.0,1.0,1.0,beneficiario
12814,42.0,19.0,19.318275154004105,2.0,,,,,,,,,,,,,,,2.0,4.0,1.0,6.0,3.0,1.0,1.0,1.0,
12814,42.0,10.0,10.261464750171116,2.0,1.0,,2.0,5.0,3.0,6.0,1.0,,,1.0,1.0,3.0,,1.0,2.0,4.0,1.0,6.0,3.0,1.0,1.0,1.0,beneficiario
12902,42.0,56.0,56.26283367556468,1.0,1.0,3.0,2.0,1.0,5.0,,,0.0,,,,,2.0,0.0,2.0,4.0,1.0,5.0,2.0,1.0,1.0,2.0,controle
12902,42.0,35.0,35.73169062286105,2.0,1.0,3.0,1.0,2.0,5.0,,,0.0,,,,,2.0,0.0,2.0,4.0,1.0,5.0,2.0,1.0,1.0,2.0,controle
12902,42.0,11.0,11.772758384668036,2.0,1.0,,2.0,3.0,2.0,6.0,2.0,1.0,0.0,1.0,0.0,5.0,2.0,0.0,2.0,4.0,1.0,5.0,2.0,1.0,1.0,2.0,controle
12902,42.0,,0.7939767282683093,2.0,1.0,,2.0,3.0,5.0,,,0.0,,,,,,0.0,2.0,4.0,1.0,5.0,2.0,1.0,1.0,2.0,controle
12908,42.0,43.0,43.597535934291585,2.0,1.0,3.0,1.0,1.0,5.0,,,0.0,,,,,2.0,0.0,2.0,3.0,1.0,5.0,2.0,1.0,1.0,1.0,controle
12908,42.0,17.0,17.987679671457904,2.0,1.0,3.0,2.0,3.0,2.0,,,0.0,1.0,,,,3.0,0.0,2.0,3.0,1.0,5.0,2.0,1.0,1.0,1.0,controle
12908,42.0,4.0,4.265571526351814,1.0,1.0,,2.0,5.0,5.0,,,1.0,,1.0,1.0,,1.0,0.0,2.0,3.0,1.0,5.0,2.0,1.0,1.0,1.0,controle
12927,43.0,58.0,57.07871321013004,1.0,1.0,4.0,,1.0,5.0,,,0.0,,,,,2.0,1.0,2.0,2.0,1.0,3.0,1.0,1.0,1.0,2.0,beneficiario
12927,43.0,51.0,52.26009582477755,2.0,1.0,4.0,1.0,2.0,5.0,,,0.0,,,,,2.0,1.0,2.0,2.0,1.0,3.0,1.0,1.0,1.0,2.0,beneficiario
13008,43.0,73.0,73.12251882272416,1.0,1.0,,2.0,1.0,,,,,,,,,,1.0,,5.0,1.0,7.0,4.0,1.0,1.0,1.0,beneficiario
13008,43.0,72.0,72.53935660506502,2.0,1.0,,2.0,2.0,,,,,,,,,,1.0,,5.0,1.0,7.0,4.0,1.0,1.0,1.0,beneficiario
13008,43.0,47.0,47.37303216974675,1.0,1.0,,2.0,3.0,,,,,,,,,,1.0,,5.0,1.0,7.0,4.0,1.0,1.0,1.0,beneficiario
13008,43.0,43.0,43.742642026009584,2.0,1.0,,2.0,3.0,,,,,,,,,,1.0,,5.0,1.0,7.0,4.0,1.0,1.0,1.0,beneficiario
13008,43.0,34.0,34.54072553045859,1.0,,,,,,,,,,,,,,,,5.0,1.0,7.0,4.0,1.0,1.0,1.0,
13008,43.0,21.0,21.215605749486652,1.0,1.0,,2.0,5.0,,,,,,,,,,1.0,,5.0,1.0,7.0,4.0,1.0,1.0,1.0,beneficiario
13081,43.0,48.0,47.84394250513347,2.0,1.0,,1.0,1.0,5.0,,,0.0,,,,,,1.0,,4.0,1.0,5.0,2.0,1.0,1.0,1.0,beneficiario
13081,43.0,49.0,48.99657768651608,1.0,1.0,,2.0,2.0,5.0,,,0.0,,,,,,1.0,,4.0,1.0,5.0,2.0,1.0,1.0,1.0,beneficiario
13081,43.0,17.0,17.530458590006845,1.0,1.0,,2.0,3.0,3.0,6.0,2.0,1.0,0.0,,0.0,11.0,3.0,1.0,,4.0,1.0,5.0,2.0,1.0,1.0,1.0,beneficiario
13081,43.0,5.0,5.210130047912388,1.0,1.0,,2.0,5.0,5.0,,,0.0,,,,,,1.0,,4.0,1.0,5.0,2.0,1.0,1.0,1.0,beneficiario
13081,43.0,29.0,29.03764544832307,2.0,,,,,,,,,,,,,,,,4.0,1.0,5.0,2.0,1.0,1.0,1.0,
13081,43.0,,,1.0,,,,,,,,,,,,,,,,4.0,1.0,5.0,2.0,1.0,1.0,1.0,
13103,43.0,33.0,33.03216974674881,1.0,1.0,4.0,2.0,1.0,5.0,,,0.0,,,,,,1.0,,5.0,1.0,5.0,2.0,1.0,1.0,2.0,beneficiario
13103,43.0,35.0,35.09377138945927,2.0,1.0,3.0,1.0,2.0,5.0,,,0.0,,,,,,1.0,,5.0,1.0,5.0,2.0,1.0,1.0,2.0,beneficiario
13103,43.0,16.0,16.243668720054757,2.0,1.0,,2.0,3.0,3.0,6.0,2.0,1.0,0.0,1.0,0.0,10.0,3.0,1.0,,5.0,1.0,5.0,2.0,1.0,1.0,2.0,beneficiario
13103,43.0,7.0,7.411362080766598,2.0,1.0,,2.0,3.0,2.0,6.0,2.0,1.0,0.0,1.0,1.0,1.0,2.0,1.0,,5.0,1.0,5.0,2.0,1.0,1.0,2.0,beneficiario
13103,43.0,5.0,5.61533196440794,1.0,1.0,,2.0,3.0,5.0,,,0.0,,,,,,1.0,,5.0,1.0,5.0,2.0,1.0,1.0,2.0,beneficiario
13103,43.0,4.0,4.142368240930869,2.0,1.0,,2.0,3.0,5.0,,,0.0,,,,,,1.0,,5.0,1.0,5.0,2.0,1.0,1.0,2.0,beneficiario
13257,43.0,38.0,38.417522245037645,1.0,1.0,1.0,2.0,1.0,,,,,,,,,,1.0,,4.0,1.0,,5.0,3.0,1.0,1.0,beneficiario
13257,43.0,34.0,34.12731006160165,2.0,1.0,1.0,2.0,2.0,,,,,,,,,,1.0,,4.0,1.0,,5.0,3.0,1.0,1.0,beneficiario
13257,43.0,12.0,12.988364134154688,2.0,1.0,,2.0,3.0,1.0,6.0,2.0,1.0,0.0,1.0,0.0,7.0,2.0,1.0,,4.0,1.0,,5.0,3.0,1.0,1.0,beneficiario
13257,43.0,7.0,7.41409993155373,1.0,1.0,,2.0,3.0,1.0,6.0,2.0,1.0,0.0,1.0,0.0,1.0,2.0,1.0,,4.0,1.0,,5.0,3.0,1.0,1.0,beneficiario
13257,43.0,57.0,57.40451745379877,2.0,,,,,,,,,,,,,,,,4.0,1.0,,5.0,3.0,1.0,1.0,
13314,43.0,28.0,28.769336071184124,1.0,1.0,4.0,2.0,1.0,5.0,,,0.0,,,,,,1.0,,5.0,1.0,5.0,2.0,1.0,1.0,1.0,beneficiario
13314,43.0,27.0,27.69883641341547,2.0,1.0,4.0,1.0,2.0,5.0,,,0.0,,,,,,1.0,,5.0,1.0,5.0,2.0,1.0,1.0,1.0,beneficiario
13314,43.0,14.0,13.921971252566735,1.0,1.0,,2.0,3.0,2.0,6.0,2.0,1.0,0.0,1.0,0.0,3.0,2.0,1.0,,5.0,1.0,5.0,2.0,1.0,1.0,1.0,beneficiario
13314,43.0,10.0,10.168377823408624,1.0,1.0,,2.0,3.0,2.0,,,0.0,1.0,,,,,1.0,,5.0,1.0,5.0,2.0,1.0,1.0,1.0,beneficiario
13314,43.0,3.0,3.4360027378507874,2.0,1.0,,2.0,3.0,5.0,,,1.0,,,,,1.0,1.0,,5.0,1.0,5.0,2.0,1.0,1.0,1.0,beneficiario
13316,43.0,50.0,50.54072553045859,1.0,1.0,,2.0,1.0,5.0,,,0.0,,,,,,1.0,,3.0,1.0,5.0,3.0,1.0,1.0,2.0,beneficiario
13316,43.0,44.0,44.134154688569474,2.0,,,,,,,,,,,,,,,,3.0,1.0,5.0,3.0,1.0,1.0,2.0,
13316,43.0,24.0,24.320328542094455,1.0,,,,,,,,,,,,,,,,3.0,1.0,5.0,3.0,1.0,1.0,2.0,
13316,43.0,20.0,20.640657084188913,1.0,,,,,,,,,,,,,,,,3.0,1.0,5.0,3.0,1.0,1.0,2.0,
13316,43.0,18.0,18.2943189596167,1.0,1.0,,2.0,3.0,2.0,,,0.0,1.0,,,,,1.0,,3.0,1.0,5.0,3.0,1.0,1.0,2.0,beneficiario
13316,43.0,16.0,16.380561259411362,1.0,1.0,,2.0,3.0,3.0,,,0.0,1.0,,,,,1.0,,3.0,1.0,5.0,3.0,1.0,1.0,2.0,beneficiario
13334,43.0,40.0,40.01916495550992,1.0,1.0,,2.0,1.0,5.0,,,0.0,,,,,2.0,1.0,2.0,4.0,1.0,5.0,2.0,1.0,1.0,1.0,beneficiario
13334,43.0,39.0,38.54072553045859,2.0,1.0,,,,5.0,,,0.0,,,,,2.0,1.0,2.0,4.0,1.0,5.0,2.0,1.0,1.0,1.0,beneficiario
13334,43.0,20.0,20.6652977412731,1.0,1.0,,2.0,2.0,5.0,,,0.0,,,,,3.0,1.0,2.0,4.0,1.0,5.0,2.0,1.0,1.0,1.0,beneficiario
13334,43.0,18.0,18.028747433264886,1.0,1.0,,2.0,3.0,5.0,,,0.0,,,,,3.0,1.0,2.0,4.0,1.0,5.0,2.0,1.0,1.0,1.0,beneficiario
13342,43.0,43.0,43.54277891854894,1.0,1.0,4.0,2.0,1.0,5.0,,,0.0,,,,,,1.0,,3.0,1.0,,3.0,1.0,1.0,2.0,beneficiario
13342,43.0,45.0,45.281314168377826,2.0,1.0,4.0,1.0,2.0,5.0,,,0.0,,,,,,1.0,,3.0,1.0,,3.0,1.0,1.0,2.0,beneficiario
13342,43.0,21.0,21.88911704312115,1.0,1.0,4.0,,,,,,,,,,,,,,3.0,1.0,,3.0,1.0,1.0,2.0,
13342,43.0,14.0,14.825462012320328,1.0,1.0,4.0,2.0,3.0,2.0,7.0,2.0,1.0,0.0,1.0,0.0,7.0,2.0,1.0,,3.0,1.0,,3.0,1.0,1.0,2.0,beneficiario
13351,43.0,40.0,40.38329911019849,2.0,1.0,3.0,1.0,1.0,5.0,,,,,,,,,1.0,,6.0,1.0,5.0,1.0,1.0,1.0,2.0,beneficiario
13351,43.0,,,1.0,,,,,,,,,,,,,,,,6.0,1.0,5.0,1.0,1.0,1.0,2.0,
13351,43.0,,,1.0,,,,,,,,,,,,,,,,6.0,1.0,5.0,1.0,1.0,1.0,2.0,
13351,43.0,21.0,21.075975359342916,1.0,,,,,,,,,,,,,,,,6.0,1.0,5.0,1.0,1.0,1.0,2.0,
13351,43.0,18.0,18.718685831622178,2.0,,,,,,,,,,,,,,,,6.0,1.0,5.0,1.0,1.0,1.0,2.0,
13351,43.0,14.0,14.521560574948666,2.0,3.0,3.0,1.0,3.0,3.0,12.0,2.0,1.0,0.0,1.0,0.0,3.0,2.0,1.0,,6.0,1.0,5.0,1.0,1.0,1.0,2.0,beneficiario
13351,43.0,13.0,13.574264202600958,2.0,3.0,,1.0,3.0,3.0,7.0,1.0,1.0,0.0,1.0,0.0,4.0,2.0,1.0,,6.0,1.0,5.0,1.0,1.0,1.0,2.0,beneficiario
13351,43.0,10.0,10.401095140314853,2.0,3.0,,1.0,3.0,3.0,,,0.0,1.0,,,,,1.0,,6.0,1.0,5.0,1.0,1.0,1.0,2.0,beneficiario
13351,43.0,9.0,9.330595482546201,2.0,3.0,,1.0,3.0,3.0,,,1.0,0.0,1.0,0.0,0.0,1.0,1.0,,6.0,1.0,5.0,1.0,1.0,1.0,2.0,beneficiario
13351,43.0,6.0,6.847364818617386,1.0,3.0,,1.0,3.0,5.0,7.0,2.0,1.0,,1.0,0.0,1.0,2.0,1.0,,6.0,1.0,5.0,1.0,1.0,1.0,2.0,beneficiario
13355,43.0,48.0,48.49555099247091,1.0,1.0,1.0,1.0,1.0,5.0,,,0.0,,,,,2.0,1.0,2.0,4.0,1.0,7.0,5.0,1.0,1.0,1.0,beneficiario
13355,43.0,41.0,41.0,2.0,1.0,,2.0,2.0,5.0,,,0.0,,,,,2.0,1.0,2.0,4.0,1.0,7.0,5.0,1.0,1.0,1.0,beneficiario
13355,43.0,19.0,19.093771389459274,1.0,1.0,1.0,2.0,3.0,2.0,,,0.0,1.0,,,,,1.0,2.0,4.0,1.0,7.0,5.0,1.0,1.0,1.0,beneficiario
13355,43.0,15.0,15.118412046543463,1.0,1.0,1.0,2.0,3.0,2.0,7.0,1.0,1.0,0.0,1.0,0.0,,3.0,1.0,2.0,4.0,1.0,7.0,5.0,1.0,1.0,1.0,beneficiario
13370,43.0,51.0,51.19780971937029,1.0,3.0,4.0,1.0,1.0,5.0,,,0.0,,,,,,1.0,,4.0,1.0,7.0,2.0,1.0,1.0,1.0,beneficiario
13370,43.0,46.0,46.63655030800821,2.0,3.0,4.0,2.0,2.0,5.0,,,0.0,,,,,2.0,1.0,,4.0,1.0,7.0,2.0,1.0,1.0,1.0,beneficiario
13370,43.0,22.0,22.652977412731005,1.0,,,,,,,,,,,,,,,,4.0,1.0,7.0,2.0,1.0,1.0,1.0,
13370,43.0,21.0,20.988364134154686,1.0,,,,,,,,,,,,,,,,4.0,1.0,7.0,2.0,1.0,1.0,1.0,
13370,43.0,19.0,19.08829568788501,2.0,,,,,,,,,,,,,,,,4.0,1.0,7.0,2.0,1.0,1.0,1.0,
13370,43.0,3.0,15.901437371663246,2.0,1.0,,2.0,3.0,3.0,7.0,1.0,1.0,0.0,1.0,0.0,7.0,2.0,1.0,,4.0,1.0,7.0,2.0,1.0,1.0,1.0,beneficiario
13370,43.0,8.0,8.342231348391513,1.0,1.0,,2.0,3.0,3.0,5.0,2.0,1.0,0.0,1.0,0.0,3.0,2.0,1.0,,4.0,1.0,7.0,2.0,1.0,1.0,1.0,beneficiario
13406,43.0,44.0,44.030116358658454,1.0,1.0,3.0,2.0,2.0,5.0,,,0.0,,,,,2.0,1.0,2.0,3.0,1.0,5.0,2.0,0.0,1.0,2.0,beneficiario
13406,43.0,45.0,45.50034223134839,2.0,3.0,4.0,1.0,1.0,5.0,,,0.0,,,,,2.0,1.0,2.0,3.0,1.0,5.0,2.0,0.0,1.0,2.0,beneficiario
13406,43.0,18.0,18.967830253251197,2.0,,,,,,,,,,,,,,,2.0,3.0,1.0,5.0,2.0,0.0,1.0,2.0,
13406,43.0,11.0,12.265571526351813,2.0,1.0,,2.0,3.0,2.0,6.0,2.0,1.0,0.0,1.0,1.0,5.0,2.0,1.0,2.0,3.0,1.0,5.0,2.0,0.0,1.0,2.0,beneficiario
13648,50.0,62.0,22.71047227926078,1.0,3.0,1.0,2.0,1.0,5.0,,,0.0,,,,,3.0,1.0,3.0,2.0,1.0,,,1.0,1.0,,beneficiario
13648,50.0,62.0,62.76522929500342,2.0,3.0,1.0,1.0,2.0,5.0,,,0.0,,,,,2.0,1.0,3.0,2.0,1.0,,,1.0,1.0,,beneficiario
13658,51.0,39.0,39.50444900752909,2.0,3.0,,,1.0,5.0,,,0.0,,,,,2.0,0.0,2.0,2.0,1.0,5.0,2.0,1.0,1.0,1.0,controle
13658,51.0,7.0,7.685147159479809,2.0,3.0,,,3.0,2.0,6.0,2.0,1.0,0.0,1.0,1.0,2.0,2.0,0.0,2.0,2.0,1.0,5.0,2.0,1.0,1.0,1.0,controle
13795,50.0,55.0,55.93702943189596,1.0,1.0,4.0,2.0,1.0,5.0,,,0.0,,,,,,1.0,,2.0,1.0,5.0,2.0,1.0,1.0,1.0,beneficiario
13795,50.0,52.0,52.76933607118412,2.0,1.0,4.0,2.0,2.0,5.0,,,0.0,,,,,,1.0,,2.0,1.0,5.0,2.0,1.0,1.0,1.0,beneficiario
13795,50.0,19.0,19.093771389459274,1.0,,,,,,,,,,,,,,,,2.0,1.0,5.0,2.0,1.0,1.0,1.0,
13807,50.0,79.0,79.76728268309377,2.0,2.0,4.0,,1.0,,,,,,,,,,1.0,,2.0,1.0,5.0,2.0,1.0,1.0,2.0,beneficiario
13807,50.0,35.0,35.00342231348392,1.0,,,,,,,,,,,,,,,,2.0,1.0,5.0,2.0,1.0,1.0,2.0,
13807,50.0,26.0,26.0,2.0,3.0,4.0,2.0,3.0,,,,,,,,,,1.0,,2.0,1.0,5.0,2.0,1.0,1.0,2.0,beneficiario
13853,50.0,37.0,37.086926762491444,1.0,1.0,3.0,1.0,1.0,2.0,,,0.0,1.0,,,,,0.0,,6.0,1.0,5.0,2.0,1.0,1.0,1.0,controle
13853,50.0,34.0,34.27241615331965,2.0,1.0,3.0,2.0,2.0,1.0,,,0.0,1.0,,,,2.0,0.0,,6.0,1.0,5.0,2.0,1.0,1.0,1.0,controle
13853,50.0,14.0,14.655715263518138,1.0,1.0,3.0,2.0,3.0,1.0,6.0,1.0,1.0,0.0,1.0,0.0,6.0,2.0,0.0,,6.0,1.0,5.0,2.0,1.0,1.0,1.0,controle
13853,50.0,14.0,14.655715263518138,2.0,1.0,3.0,2.0,3.0,1.0,6.0,1.0,1.0,0.0,1.0,0.0,6.0,2.0,0.0,,6.0,1.0,5.0,2.0,1.0,1.0,1.0,controle
13853,50.0,12.0,12.566735112936346,1.0,1.0,,2.0,3.0,1.0,6.0,1.0,1.0,0.0,1.0,0.0,5.0,2.0,0.0,,6.0,1.0,5.0,2.0,1.0,1.0,1.0,controle
13853,50.0,12.0,12.566735112936346,2.0,1.0,,2.0,3.0,1.0,6.0,1.0,1.0,0.0,1.0,0.0,5.0,2.0,0.0,,6.0,1.0,5.0,2.0,1.0,1.0,1.0,controle
13968,50.0,63.0,63.22245037645449,1.0,2.0,,2.0,1.0,5.0,,,0.0,,,,,2.0,1.0,2.0,6.0,1.0,5.0,2.0,1.0,1.0,,beneficiario
13968,50.0,57.0,57.36892539356606,2.0,2.0,,2.0,2.0,5.0,,,0.0,,,,,2.0,1.0,2.0,6.0,1.0,5.0,2.0,1.0,1.0,,beneficiario
13968,50.0,16.0,16.40246406570842,2.0,2.0,,2.0,3.0,2.0,6.0,2.0,1.0,0.0,1.0,0.0,9.0,3.0,1.0,2.0,6.0,1.0,5.0,2.0,1.0,1.0,,beneficiario
13968,50.0,15.0,15.091033538672143,2.0,2.0,,2.0,3.0,2.0,6.0,2.0,1.0,0.0,1.0,0.0,9.0,3.0,1.0,2.0,6.0,1.0,5.0,2.0,1.0,1.0,,beneficiario
13968,50.0,33.0,32.969199178644764,2.0,2.0,,2.0,3.0,5.0,,,0.0,,,,,,1.0,2.0,6.0,1.0,5.0,2.0,1.0,1.0,,beneficiario
13968,50.0,77.0,77.47296372347708,1.0,2.0,,2.0,8.0,5.0,,,0.0,,,,,,1.0,2.0,6.0,1.0,5.0,2.0,1.0,1.0,,beneficiario
13986,50.0,49.0,49.61259411362081,2.0,1.0,3.0,2.0,1.0,5.0,,,0.0,,,,,,1.0,,2.0,1.0,7.0,3.0,1.0,1.0,1.0,beneficiario
13986,50.0,20.0,20.394250513347025,1.0,,,,,,,,,,,,,,,,2.0,1.0,7.0,3.0,1.0,1.0,1.0,
13986,50.0,18.0,18.809034907597535,2.0,1.0,3.0,2.0,3.0,3.0,5.0,1.0,1.0,0.0,1.0,0.0,10.0,3.0,1.0,,2.0,1.0,7.0,3.0,1.0,1.0,1.0,beneficiario
14016,50.0,56.0,55.80013689253935,1.0,2.0,3.0,2.0,1.0,5.0,,,0.0,,,,,,1.0,,3.0,1.0,4.0,1.0,1.0,1.0,2.0,beneficiario
14016,50.0,44.0,44.95277207392197,2.0,2.0,3.0,1.0,2.0,5.0,,,0.0,,,,,2.0,1.0,,3.0,1.0,4.0,1.0,1.0,1.0,2.0,beneficiario
14016,50.0,8.0,8.678986995208762,1.0,2.0,,2.0,5.0,2.0,,,0.0,1.0,,,,,1.0,,3.0,1.0,4.0,1.0,1.0,1.0,2.0,beneficiario
14032,50.0,39.0,39.071868583162214,2.0,3.0,,,1.0,5.0,,,0.0,,,,,2.0,1.0,2.0,2.0,1.0,3.0,1.0,1.0,1.0,2.0,beneficiario
14032,50.0,18.0,18.154688569472963,2.0,2.0,3.0,,3.0,3.0,,,0.0,1.0,,,,3.0,1.0,2.0,2.0,1.0,3.0,1.0,1.0,1.0,2.0,beneficiario
14055,50.0,64.0,64.28747433264887,1.0,1.0,4.0,2.0,1.0,5.0,,,0.0,,,,,,0.0,,2.0,1.0,6.0,2.0,1.0,1.0,2.0,controle
14055,50.0,44.0,44.186173853524984,2.0,3.0,4.0,2.0,2.0,5.0,,,0.0,,,,,2.0,0.0,,2.0,1.0,6.0,2.0,1.0,1.0,2.0,controle
14061,51.0,44.0,44.08487337440109,2.0,3.0,3.0,1.0,2.0,5.0,,,0.0,,,,,2.0,1.0,2.0,5.0,1.0,3.0,2.0,1.0,1.0,1.0,beneficiario
14061,51.0,59.0,46.05612594113621,1.0,3.0,3.0,2.0,1.0,5.0,,,0.0,,,,,2.0,1.0,2.0,5.0,1.0,3.0,2.0,1.0,1.0,1.0,beneficiario
14061,51.0,24.0,24.50924024640657,1.0,3.0,,2.0,3.0,5.0,,,0.0,,,,,2.0,1.0,2.0,5.0,1.0,3.0,2.0,1.0,1.0,1.0,beneficiario
14061,51.0,23.0,23.23066392881588,1.0,3.0,,2.0,3.0,5.0,,,0.0,,,,,2.0,1.0,2.0,5.0,1.0,3.0,2.0,1.0,1.0,1.0,beneficiario
14061,51.0,21.0,21.20739219712526,2.0,3.0,,2.0,3.0,,,,,,,,,,,2.0,5.0,1.0,3.0,2.0,1.0,1.0,1.0,
14061,51.0,21.0,21.20739219712526,2.0,3.0,,2.0,3.0,,,,,,,,,,,2.0,5.0,1.0,3.0,2.0,1.0,1.0,1.0,
14061,51.0,14.0,14.0,2.0,,,2.0,3.0,3.0,6.0,2.0,1.0,0.0,1.0,0.0,7.0,2.0,1.0,2.0,5.0,1.0,3.0,2.0,1.0,1.0,1.0,beneficiario
14084,51.0,29.0,31.627652292950035,1.0,,,,,,,,,,,,,,,,5.0,2.0,3.0,1.0,1.0,2.0,2.0,
14084,51.0,30.0,30.001368925393567,2.0,3.0,3.0,1.0,2.0,5.0,,,0.0,,,,,3.0,1.0,,5.0,2.0,3.0,1.0,1.0,2.0,2.0,beneficiario
14084,51.0,,,2.0,,,,,,,,,,,,,,,,5.0,2.0,3.0,1.0,1.0,2.0,2.0,
14084,51.0,9.0,9.902806297056811,1.0,4.0,,2.0,8.0,2.0,5.0,1.0,1.0,0.0,0.8,1.0,,2.0,1.0,,5.0,2.0,3.0,1.0,1.0,2.0,2.0,beneficiario
14084,51.0,1.0,1.3169062286105409,2.0,3.0,,2.0,3.0,5.0,,,0.0,,,,,,1.0,,5.0,2.0,3.0,1.0,1.0,2.0,2.0,beneficiario
14084,51.0,29.0,29.16084873374401,1.0,3.0,3.0,2.0,3.0,5.0,,,0.0,,,,,2.0,1.0,,5.0,2.0,3.0,1.0,1.0,2.0,2.0,beneficiario
14084,51.0,61.0,61.0,1.0,3.0,3.0,2.0,8.0,5.0,,,0.0,,,,,2.0,1.0,,5.0,2.0,3.0,1.0,1.0,2.0,2.0,beneficiario
14141,51.0,51.0,56.59411362080767,2.0,3.0,3.0,1.0,1.0,5.0,,,0.0,,,,,3.0,1.0,3.0,7.0,2.0,6.0,2.0,1.0,1.0,,beneficiario
14141,51.0,20.0,20.525667351129364,1.0,3.0,1.0,2.0,3.0,3.0,,,1.0,0.0,1.0,1.0,,3.0,1.0,3.0,7.0,2.0,6.0,2.0,1.0,1.0,,beneficiario
14141,51.0,22.0,22.338124572210816,1.0,3.0,1.0,2.0,3.0,3.0,,,1.0,0.0,1.0,0.0,,1.0,1.0,3.0,7.0,2.0,6.0,2.0,1.0,1.0,,beneficiario
14141,51.0,30.0,30.67488021902806,1.0,3.0,1.0,2.0,3.0,5.0,,,0.0,,,,,2.0,1.0,3.0,7.0,2.0,6.0,2.0,1.0,1.0,,beneficiario
14141,51.0,26.0,26.614647501711158,2.0,3.0,1.0,2.0,3.0,5.0,,,1.0,,1.0,0.0,,1.0,1.0,3.0,7.0,2.0,6.0,2.0,1.0,1.0,,beneficiario
14141,51.0,6.0,6.52703627652293,1.0,3.0,,2.0,5.0,2.0,5.0,2.0,1.0,0.0,1.0,0.0,1.0,2.0,1.0,3.0,7.0,2.0,6.0,2.0,1.0,1.0,,beneficiario
14141,51.0,4.0,4.035592060232717,1.0,3.0,,2.0,5.0,5.0,,,1.0,,1.0,0.0,,1.0,1.0,3.0,7.0,2.0,6.0,2.0,1.0,1.0,,beneficiario
14249,51.0,,55.94250513347022,1.0,,,,,,,,,,,,,,,2.0,5.0,2.0,5.0,3.0,1.0,1.0,1.0,
14249,51.0,46.0,46.27515400410678,2.0,2.0,1.0,2.0,1.0,5.0,,,0.0,,,,,2.0,1.0,2.0,5.0,2.0,5.0,3.0,1.0,1.0,1.0,beneficiario
14249,51.0,19.0,19.304585900068446,2.0,2.0,1.0,2.0,3.0,5.0,,,0.0,,,,,3.0,1.0,2.0,5.0,2.0,5.0,3.0,1.0,1.0,1.0,beneficiario
14249,51.0,18.0,18.266940451745377,2.0,2.0,1.0,2.0,3.0,3.0,6.0,2.0,1.0,0.0,1.0,0.0,,,1.0,2.0,5.0,2.0,5.0,3.0,1.0,1.0,1.0,beneficiario
14249,51.0,32.0,32.468172484599584,1.0,3.0,1.0,2.0,7.0,5.0,,,0.0,,,,,2.0,1.0,2.0,5.0,2.0,5.0,3.0,1.0,1.0,1.0,beneficiario
14312,51.0,45.0,44.9719370294319,1.0,3.0,3.0,1.0,1.0,5.0,,,0.0,,,,,,0.0,,4.0,1.0,5.0,2.0,1.0,1.0,1.0,controle
14312,51.0,34.0,34.784394250513344,2.0,3.0,3.0,2.0,2.0,1.0,,,1.0,0.0,1.0,0.0,9.0,3.0,0.0,,4.0,1.0,5.0,2.0,1.0,1.0,1.0,controle
14312,51.0,11.0,11.225188227241615,2.0,3.0,,2.0,3.0,1.0,6.0,2.0,1.0,0.0,1.0,0.0,5.0,2.0,0.0,,4.0,1.0,5.0,2.0,1.0,1.0,1.0,controle
14312,51.0,8.0,8.268309377138946,1.0,3.0,,2.0,3.0,1.0,6.0,2.0,1.0,0.0,1.0,0.0,2.0,2.0,0.0,,4.0,1.0,5.0,2.0,1.0,1.0,1.0,controle
14337,51.0,55.0,54.41752224503764,1.0,3.0,3.0,2.0,2.0,5.0,,,0.0,,,,,4.0,0.0,2.0,5.0,1.0,6.0,2.0,1.0,1.0,2.0,controle
14337,51.0,35.0,35.71800136892539,2.0,3.0,3.0,1.0,1.0,5.0,,,0.0,,,,,2.0,0.0,2.0,5.0,1.0,6.0,2.0,1.0,1.0,2.0,controle
14337,51.0,16.0,16.449007529089666,1.0,3.0,2.0,2.0,3.0,3.0,7.0,1.0,1.0,0.0,1.0,0.0,9.0,3.0,0.0,2.0,5.0,1.0,6.0,2.0,1.0,1.0,2.0,controle
14337,51.0,14.0,14.088980150581794,1.0,3.0,3.0,,,3.0,7.0,1.0,1.0,0.0,1.0,0.0,7.0,2.0,0.0,2.0,5.0,1.0,6.0,2.0,1.0,1.0,2.0,controle
14337,51.0,12.0,12.24914442162902,1.0,3.0,,2.0,3.0,3.0,7.0,2.0,1.0,0.0,1.0,0.0,6.0,2.0,0.0,2.0,5.0,1.0,6.0,2.0,1.0,1.0,2.0,controle
14419,51.0,57.0,57.106091718001366,1.0,3.0,3.0,2.0,1.0,5.0,,,0.0,,,,,,1.0,,4.0,2.0,4.0,2.0,1.0,1.0,2.0,beneficiario
14419,51.0,55.0,55.68240930869268,2.0,1.0,3.0,1.0,2.0,5.0,,,0.0,,,,,,1.0,,4.0,2.0,4.0,2.0,1.0,1.0,2.0,beneficiario
14419,51.0,22.0,22.52703627652293,2.0,,,,,,,,,,,,,,,,4.0,2.0,4.0,2.0,1.0,1.0,2.0,
14419,51.0,9.0,9.505817932922657,2.0,2.0,,2.0,5.0,2.0,,2.0,1.0,0.0,1.0,0.0,4.0,2.0,1.0,,4.0,2.0,4.0,2.0,1.0,1.0,2.0,beneficiario
14419,51.0,6.0,6.173853524982889,1.0,2.0,,2.0,5.0,2.0,,2.0,1.0,0.0,1.0,0.0,,1.0,1.0,,4.0,2.0,4.0,2.0,1.0,1.0,2.0,beneficiario
14422,51.0,60.0,60.43258042436687,1.0,,,,,,,,,,,,,,,,1.0,1.0,6.0,3.0,1.0,1.0,,
14422,51.0,52.0,52.112251882272425,2.0,,,,,,,,,,,,,,,,1.0,1.0,6.0,3.0,1.0,1.0,,
14422,51.0,29.0,28.93634496919918,1.0,,,,,,,,,,,,,,,,1.0,1.0,6.0,3.0,1.0,1.0,,
14422,51.0,26.0,26.206707734428477,1.0,1.0,3.0,2.0,3.0,5.0,,,0.0,,,,,2.0,0.0,,1.0,1.0,6.0,3.0,1.0,1.0,,controle
14422,51.0,24.0,24.544832306639286,2.0,,,,,,,,,,,,,,,,1.0,1.0,6.0,3.0,1.0,1.0,,
14432,51.0,42.0,42.379192334017795,1.0,3.0,2.0,2.0,1.0,5.0,,,0.0,,,,,2.0,1.0,2.0,3.0,1.0,5.0,3.0,1.0,1.0,1.0,beneficiario
14432,51.0,40.0,40.09308692676249,2.0,3.0,,1.0,2.0,5.0,,,0.0,,,,,3.0,1.0,2.0,3.0,1.0,5.0,3.0,1.0,1.0,1.0,beneficiario
14432,51.0,7.0,8.09308692676249,2.0,3.0,,2.0,3.0,1.0,,2.0,1.0,0.0,1.0,1.0,2.0,2.0,1.0,2.0,3.0,1.0,5.0,3.0,1.0,1.0,1.0,beneficiario
14432,51.0,71.0,71.6249144421629,2.0,,,,,,,,,,,,,,,2.0,3.0,1.0,5.0,3.0,1.0,1.0,1.0,
14432,51.0,64.0,74.89390828199863,1.0,,,,,,,,,,,,,,,2.0,3.0,1.0,5.0,3.0,1.0,1.0,1.0,
14436,51.0,61.0,61.70294318959617,1.0,3.0,4.0,1.0,1.0,5.0,,,0.0,,,,,2.0,0.0,2.0,4.0,1.0,6.0,3.0,1.0,1.0,1.0,controle
14436,51.0,59.0,59.45790554414785,2.0,3.0,4.0,2.0,2.0,2.0,,,0.0,1.0,,,,2.0,0.0,2.0,4.0,1.0,6.0,3.0,1.0,1.0,1.0,controle
14436,51.0,26.0,26.732375085557837,2.0,3.0,3.0,2.0,3.0,2.0,,,0.0,1.0,,,,3.0,0.0,2.0,4.0,1.0,6.0,3.0,1.0,1.0,1.0,controle
14436,51.0,25.0,25.691991786447637,1.0,3.0,3.0,2.0,3.0,3.0,,,0.0,1.0,,,,2.0,0.0,2.0,4.0,1.0,6.0,3.0,1.0,1.0,1.0,controle
14437,51.0,35.0,35.0,1.0,3.0,,,1.0,5.0,,,0.0,,,,,3.0,1.0,3.0,4.0,1.0,,1.0,1.0,1.0,1.0,beneficiario
14437,51.0,29.0,29.0,2.0,1.0,3.0,,2.0,5.0,,,0.0,,,,,3.0,1.0,3.0,4.0,1.0,,1.0,1.0,1.0,1.0,beneficiario
14437,51.0,10.0,10.0,1.0,3.0,,,3.0,3.0,,,1.0,0.0,0.8,1.0,4.0,2.0,1.0,3.0,4.0,1.0,,1.0,1.0,1.0,1.0,beneficiario
14437,51.0,8.0,8.0,2.0,3.0,,,3.0,3.0,,,1.0,0.0,1.0,0.0,2.0,2.0,1.0,3.0,4.0,1.0,,1.0,1.0,1.0,1.0,beneficiario
14455,51.0,56.0,56.758384668035596,1.0,3.0,3.0,2.0,2.0,5.0,,,0.0,,,,,2.0,1.0,3.0,4.0,1.0,5.0,2.0,1.0,1.0,2.0,beneficiario
14455,51.0,43.0,45.31416837782341,2.0,3.0,3.0,2.0,1.0,5.0,,,0.0,,,,,3.0,1.0,3.0,4.0,1.0,5.0,2.0,1.0,1.0,2.0,beneficiario
14455,51.0,20.0,21.930184804928132,1.0,3.0,,2.0,3.0,5.0,,,0.0,,,,,,1.0,3.0,4.0,1.0,5.0,2.0,1.0,1.0,2.0,beneficiario
14455,51.0,19.0,19.5564681724846,1.0,3.0,,2.0,3.0,5.0,,,0.0,,,,,3.0,1.0,3.0,4.0,1.0,5.0,2.0,1.0,1.0,2.0,beneficiario
14563,52.0,49.0,49.00479123887748,2.0,1.0,3.0,2.0,1.0,5.0,,,0.0,,,,,2.0,1.0,2.0,3.0,1.0,6.0,3.0,1.0,1.0,1.0,beneficiario
14563,52.0,23.0,23.225188227241617,2.0,1.0,3.0,2.0,3.0,1.0,,,1.0,0.0,1.0,0.0,,4.0,1.0,2.0,3.0,1.0,6.0,3.0,1.0,1.0,1.0,beneficiario
14563,52.0,19.0,19.041752224503767,1.0,1.0,3.0,2.0,3.0,3.0,,1.0,1.0,0.0,0.5,1.0,10.0,3.0,1.0,2.0,3.0,1.0,6.0,3.0,1.0,1.0,1.0,beneficiario
14613,52.0,41.0,41.935660506502394,2.0,3.0,4.0,2.0,2.0,5.0,,,0.0,,,,,2.0,0.0,,4.0,1.0,4.0,1.0,1.0,1.0,2.0,controle
14613,52.0,54.0,54.68583162217659,1.0,3.0,4.0,2.0,1.0,5.0,,,0.0,,,,,,0.0,,4.0,1.0,4.0,1.0,1.0,1.0,2.0,controle
14613,52.0,22.0,22.023271731690624,1.0,3.0,3.0,2.0,3.0,5.0,,,0.0,,,,,2.0,0.0,,4.0,1.0,4.0,1.0,1.0,1.0,2.0,controle
14613,52.0,18.0,17.930184804928132,1.0,3.0,3.0,2.0,3.0,2.0,,,0.0,1.0,,,,2.0,0.0,,4.0,1.0,4.0,1.0,1.0,1.0,2.0,controle
14656,52.0,54.0,54.5927446954141,1.0,3.0,3.0,2.0,1.0,5.0,,,0.0,,,,,2.0,0.0,2.0,5.0,1.0,8.0,2.0,1.0,1.0,2.0,controle
14656,52.0,43.0,42.97056810403833,2.0,3.0,1.0,1.0,2.0,5.0,,,0.0,,,,,3.0,0.0,2.0,5.0,1.0,8.0,2.0,1.0,1.0,2.0,controle
14656,52.0,20.0,20.309377138945926,1.0,3.0,1.0,2.0,3.0,5.0,,,0.0,,,,,,0.0,2.0,5.0,1.0,8.0,2.0,1.0,1.0,2.0,controle
14656,52.0,17.0,17.349760438056126,1.0,5.0,,2.0,3.0,3.0,,,0.0,1.0,,,,,0.0,2.0,5.0,1.0,8.0,2.0,1.0,1.0,2.0,controle
14656,52.0,15.0,15.285420944558522,2.0,5.0,1.0,2.0,3.0,3.0,,,0.0,1.0,,,,,0.0,2.0,5.0,1.0,8.0,2.0,1.0,1.0,2.0,controle
14659,52.0,35.0,35.408624229979466,1.0,3.0,1.0,2.0,1.0,5.0,,,0.0,,,,,3.0,0.0,3.0,3.0,1.0,6.0,3.0,1.0,1.0,1.0,controle
14659,52.0,33.0,33.71115674195756,2.0,3.0,1.0,2.0,2.0,5.0,,,0.0,,,,,3.0,0.0,3.0,3.0,1.0,6.0,3.0,1.0,1.0,1.0,controle
14659,52.0,12.0,12.3750855578371,2.0,3.0,,2.0,3.0,3.0,6.0,2.0,1.0,0.0,1.0,0.0,6.0,2.0,0.0,3.0,3.0,1.0,6.0,3.0,1.0,1.0,1.0,controle
14706,52.0,,,,,,,,5.0,,,0.0,,,,,2.0,0.0,,44.0,1.0,7.0,3.0,2.0,1.0,2.0,controle
14706,,,,,,,,,5.0,,,0.0,,,,,2.0,0.0,,44.0,1.0,7.0,3.0,2.0,1.0,2.0,controle
14706,,,,,,,,,3.0,,,0.0,1.0,,,,3.0,0.0,,44.0,1.0,7.0,3.0,2.0,1.0,2.0,controle
14706,,,,,,,,,2.0,6.0,2.0,1.0,0.0,1.0,1.0,6.0,2.0,0.0,,44.0,1.0,7.0,3.0,2.0,1.0,2.0,controle
14710,52.0,49.0,49.03764544832307,1.0,2.0,4.0,2.0,1.0,5.0,,,0.0,,,,,2.0,0.0,2.0,4.0,1.0,7.0,3.0,1.0,1.0,2.0,controle
14710,52.0,50.0,50.52156057494866,2.0,2.0,4.0,2.0,2.0,5.0,,,0.0,,,,,2.0,0.0,2.0,4.0,1.0,7.0,3.0,1.0,1.0,2.0,controle
14710,52.0,20.0,20.446269678302535,2.0,2.0,,2.0,3.0,3.0,6.0,1.0,1.0,0.0,1.0,1.0,11.0,3.0,0.0,2.0,4.0,1.0,7.0,3.0,1.0,1.0,2.0,controle
14710,52.0,17.0,17.412731006160165,1.0,2.0,,2.0,3.0,5.0,,,0.0,,,,,2.0,0.0,2.0,4.0,1.0,7.0,3.0,1.0,1.0,2.0,controle
14715,52.0,43.0,42.18754277891855,1.0,1.0,4.0,2.0,1.0,2.0,,,0.0,1.0,,,,2.0,0.0,2.0,3.0,1.0,5.0,3.0,1.0,1.0,1.0,controle
14715,52.0,37.0,37.93292265571526,1.0,1.0,1.0,1.0,2.0,2.0,,,0.0,1.0,,,,2.0,0.0,2.0,3.0,1.0,5.0,3.0,1.0,1.0,1.0,controle
14715,52.0,14.0,14.26967830253251,1.0,1.0,1.0,2.0,3.0,3.0,6.0,2.0,1.0,0.0,1.0,0.0,8.0,2.0,0.0,2.0,3.0,1.0,5.0,3.0,1.0,1.0,1.0,controle
14720,52.0,71.0,71.21423682409308,1.0,1.0,4.0,2.0,1.0,5.0,,,0.0,,,,,,0.0,,2.0,1.0,4.0,1.0,1.0,1.0,2.0,controle
14720,52.0,64.0,64.30937713894593,2.0,1.0,4.0,2.0,2.0,5.0,,,0.0,,,,,,0.0,,2.0,1.0,4.0,1.0,1.0,1.0,2.0,controle
14720,52.0,22.0,22.740588637919235,1.0,,,,,,,,,,,,,,,,2.0,1.0,4.0,1.0,1.0,1.0,2.0,
14722,52.0,33.0,33.12251882272416,1.0,3.0,3.0,2.0,1.0,5.0,,,0.0,,,,,2.0,0.0,2.0,4.0,1.0,6.0,2.0,1.0,2.0,1.0,controle
14722,52.0,35.0,35.3347022587269,2.0,3.0,4.0,1.0,2.0,5.0,,,0.0,,,,,2.0,0.0,2.0,4.0,1.0,6.0,2.0,1.0,2.0,1.0,controle
14722,52.0,6.0,6.442162902121834,2.0,3.0,,2.0,3.0,5.0,6.0,2.0,1.0,,1.0,1.0,,1.0,0.0,2.0,4.0,1.0,6.0,2.0,1.0,2.0,1.0,controle
14722,52.0,2.0,2.0,2.0,3.0,,2.0,3.0,5.0,,,0.0,,,,,,0.0,2.0,4.0,1.0,6.0,2.0,1.0,2.0,1.0,controle
14724,52.0,43.0,42.8829568788501,2.0,3.0,3.0,1.0,2.0,5.0,,,0.0,,,,,2.0,0.0,2.0,5.0,2.0,5.0,2.0,1.0,1.0,2.0,controle
14724,52.0,18.0,18.981519507186857,1.0,3.0,3.0,2.0,3.0,5.0,,,0.0,,,,,2.0,0.0,2.0,5.0,2.0,5.0,2.0,1.0,1.0,2.0,controle
14724,52.0,17.0,19.958932238193018,1.0,3.0,3.0,2.0,3.0,5.0,,,0.0,,,,,2.0,0.0,2.0,5.0,2.0,5.0,2.0,1.0,1.0,2.0,controle
14724,52.0,19.0,19.958932238193018,1.0,3.0,3.0,2.0,3.0,5.0,,,0.0,,,,,2.0,0.0,2.0,5.0,2.0,5.0,2.0,1.0,1.0,2.0,controle
14724,52.0,44.0,43.832991101984945,1.0,3.0,4.0,2.0,1.0,5.0,,,0.0,,,,,2.0,0.0,2.0,5.0,2.0,5.0,2.0,1.0,1.0,2.0,controle
14739,52.0,52.0,52.8186173853525,2.0,3.0,4.0,2.0,1.0,5.0,,,0.0,,,,,2.0,1.0,2.0,2.0,1.0,7.0,2.0,1.0,1.0,1.0,beneficiario
14739,52.0,23.0,23.83025325119781,1.0,3.0,3.0,2.0,3.0,5.0,,,0.0,,,,,3.0,1.0,2.0,2.0,1.0,7.0,2.0,1.0,1.0,1.0,beneficiario
14809,52.0,53.0,53.99041752224503,1.0,3.0,4.0,2.0,1.0,5.0,,,0.0,,,,,,0.0,,5.0,1.0,6.0,2.0,1.0,1.0,2.0,controle
14809,52.0,51.0,51.926078028747426,2.0,3.0,4.0,1.0,2.0,5.0,,,0.0,,,,,,0.0,,5.0,1.0,6.0,2.0,1.0,1.0,2.0,controle
14809,52.0,24.0,24.80766598220397,1.0,3.0,4.0,2.0,3.0,5.0,,,0.0,,,,,,0.0,,5.0,1.0,6.0,2.0,1.0,1.0,2.0,controle
14809,52.0,22.0,22.84462696783025,1.0,3.0,4.0,2.0,3.0,5.0,,,0.0,,,,,,0.0,,5.0,1.0,6.0,2.0,1.0,1.0,2.0,controle
14809,52.0,22.0,22.160164271047226,1.0,3.0,4.0,2.0,3.0,5.0,,,0.0,,,,,,0.0,,5.0,1.0,6.0,2.0,1.0,1.0,2.0,controle
14813,52.0,48.0,48.435318275154,1.0,,,,,,,,,,,,,,,2.0,2.0,1.0,6.0,3.0,1.0,1.0,2.0,
14813,52.0,40.0,40.15879534565366,2.0,3.0,1.0,2.0,1.0,5.0,,,0.0,,,,,2.0,0.0,2.0,2.0,1.0,6.0,3.0,1.0,1.0,2.0,controle
14813,52.0,23.0,23.378507871321013,2.0,,,,,,,,,,,,,,,2.0,2.0,1.0,6.0,3.0,1.0,1.0,2.0,
14813,52.0,22.0,22.28062970568104,2.0,,,,,,,,,,,,,,,2.0,2.0,1.0,6.0,3.0,1.0,1.0,2.0,
14813,52.0,21.0,21.127994524298426,2.0,,,,,,,,,,,,,,,2.0,2.0,1.0,6.0,3.0,1.0,1.0,2.0,
14813,52.0,61.0,61.31690622861054,2.0,,,2.0,6.0,5.0,,,0.0,,,,,,0.0,2.0,2.0,1.0,6.0,3.0,1.0,1.0,2.0,controle
14845,52.0,67.0,67.09377138945928,1.0,3.0,4.0,2.0,1.0,5.0,,,0.0,,,,,2.0,0.0,2.0,3.0,1.0,5.0,2.0,1.0,1.0,1.0,controle
14845,52.0,63.0,62.23682409308692,2.0,3.0,4.0,2.0,2.0,5.0,,,0.0,,,,,2.0,0.0,2.0,3.0,1.0,5.0,2.0,1.0,1.0,1.0,controle
14845,52.0,18.0,18.132785763175907,1.0,3.0,4.0,2.0,3.0,3.0,,,0.0,1.0,,,,3.0,0.0,2.0,3.0,1.0,5.0,2.0,1.0,1.0,1.0,controle
14850,52.0,21.0,11.134839151266256,1.0,3.0,,,,5.0,,,0.0,,,,,2.0,0.0,,5.0,1.0,7.0,2.0,1.0,1.0,,controle
14850,52.0,31.0,31.42778918548939,2.0,3.0,4.0,1.0,2.0,5.0,,,0.0,,,,,2.0,0.0,,5.0,1.0,7.0,2.0,1.0,1.0,,controle
14850,52.0,16.0,16.123203285420946,2.0,3.0,4.0,,3.0,3.0,5.0,2.0,1.0,0.0,1.0,1.0,9.0,3.0,0.0,,5.0,1.0,7.0,2.0,1.0,1.0,,controle
14850,52.0,9.0,9.864476386036962,2.0,3.0,,,3.0,2.0,5.0,2.0,1.0,0.0,1.0,0.0,5.0,2.0,0.0,,5.0,1.0,7.0,2.0,1.0,1.0,,controle
14850,52.0,7.0,7.195071868583163,2.0,3.0,,,3.0,2.0,,2.0,1.0,0.0,1.0,0.0,2.0,2.0,0.0,,5.0,1.0,7.0,2.0,1.0,1.0,,controle
14918,52.0,43.0,43.97535934291581,1.0,1.0,1.0,2.0,1.0,5.0,,,0.0,,,,,2.0,0.0,2.0,5.0,1.0,7.0,2.0,2.0,1.0,1.0,controle
14918,52.0,40.0,40.824093086926766,2.0,1.0,3.0,2.0,2.0,5.0,,,0.0,,,,,3.0,0.0,2.0,5.0,1.0,7.0,2.0,2.0,1.0,1.0,controle
14918,52.0,8.0,18.135523613963038,1.0,1.0,,2.0,3.0,3.0,,2.0,,,1.0,1.0,,,0.0,2.0,5.0,1.0,7.0,2.0,2.0,1.0,1.0,controle
14918,52.0,6.0,6.967830253251198,1.0,1.0,,2.0,3.0,2.0,,,0.0,1.0,,,,,0.0,2.0,5.0,1.0,7.0,2.0,2.0,1.0,1.0,controle
14918,52.0,6.0,6.967830253251198,1.0,1.0,,2.0,3.0,2.0,,,0.0,1.0,,,,,0.0,2.0,5.0,1.0,7.0,2.0,2.0,1.0,1.0,controle
14966,52.0,34.0,34.8911704312115,2.0,3.0,1.0,1.0,2.0,5.0,,,0.0,,,,,2.0,0.0,2.0,7.0,1.0,6.0,3.0,1.0,1.0,1.0,controle
14966,52.0,39.0,39.0362765229295,1.0,3.0,1.0,,1.0,5.0,,,0.0,,,,,2.0,0.0,2.0,7.0,1.0,6.0,3.0,1.0,1.0,1.0,controle
14966,52.0,15.0,15.030800821355237,1.0,3.0,1.0,,3.0,3.0,5.0,1.0,1.0,0.0,1.0,0.0,7.0,2.0,0.0,2.0,7.0,1.0,6.0,3.0,1.0,1.0,1.0,controle
14966,52.0,13.0,13.325119780971937,1.0,3.0,,,3.0,3.0,5.0,1.0,1.0,0.0,1.0,0.0,6.0,2.0,0.0,2.0,7.0,1.0,6.0,3.0,1.0,1.0,1.0,controle
14966,52.0,11.0,11.419575633127995,2.0,3.0,,,3.0,2.0,5.0,2.0,1.0,0.0,1.0,0.0,5.0,2.0,0.0,2.0,7.0,1.0,6.0,3.0,1.0,1.0,1.0,controle
14966,52.0,9.0,9.850787132101301,2.0,3.0,,,3.0,2.0,5.0,1.0,1.0,0.0,1.0,0.0,3.0,2.0,0.0,2.0,7.0,1.0,6.0,3.0,1.0,1.0,1.0,controle
14966,52.0,5.0,5.505817932922656,1.0,3.0,,,3.0,5.0,,,0.0,,,,,,0.0,2.0,7.0,1.0,6.0,3.0,1.0,1.0,1.0,controle
15059,52.0,50.0,50.92950034223135,2.0,,3.0,2.0,1.0,5.0,,,0.0,,,,,2.0,1.0,2.0,3.0,1.0,7.0,3.0,2.0,1.0,2.0,beneficiario
15059,52.0,27.0,27.449691991786448,2.0,,3.0,2.0,3.0,1.0,,,1.0,0.0,1.0,0.0,,4.0,1.0,2.0,3.0,1.0,7.0,3.0,2.0,1.0,2.0,beneficiario
15059,52.0,19.0,19.789185489390828,1.0,,1.0,2.0,3.0,5.0,,,0.0,,,,,3.0,1.0,2.0,3.0,1.0,7.0,3.0,2.0,1.0,2.0,beneficiario
15093,52.0,5.0,50.70773442847366,2.0,1.0,3.0,2.0,1.0,5.0,,,0.0,,,,,2.0,1.0,2.0,1.0,1.0,9.0,4.0,1.0,1.0,1.0,beneficiario
15093,52.0,23.0,23.742642026009584,2.0,,,,,,,,,,,,,,,2.0,1.0,1.0,9.0,4.0,1.0,1.0,1.0,
15170,52.0,44.0,44.26830937713895,1.0,1.0,4.0,2.0,1.0,5.0,,,0.0,,,,,2.0,0.0,2.0,4.0,1.0,4.0,2.0,0.0,2.0,1.0,controle
15170,52.0,35.0,35.10198494182067,2.0,1.0,4.0,1.0,2.0,2.0,,,0.0,1.0,,,,2.0,0.0,2.0,4.0,1.0,4.0,2.0,0.0,2.0,1.0,controle
15170,52.0,18.0,18.042436687200546,1.0,1.0,4.0,2.0,3.0,5.0,,,0.0,,,,,2.0,0.0,2.0,4.0,1.0,4.0,2.0,0.0,2.0,1.0,controle
15170,52.0,13.0,13.727583846680357,1.0,1.0,,2.0,3.0,2.0,6.0,1.0,1.0,0.0,1.0,1.0,5.0,2.0,0.0,2.0,4.0,1.0,4.0,2.0,0.0,2.0,1.0,controle
15170,,,,,,,,,,,,,,,,,,0.0,2.0,4.0,1.0,4.0,2.0,0.0,2.0,1.0,controle
15174,52.0,34.0,33.96577686516085,1.0,1.0,3.0,1.0,1.0,5.0,,,0.0,,,,,3.0,1.0,3.0,5.0,1.0,6.0,3.0,1.0,1.0,1.0,beneficiario
15174,52.0,38.0,38.625598904859686,2.0,3.0,3.0,2.0,2.0,5.0,,,0.0,,,,,3.0,1.0,3.0,5.0,1.0,6.0,3.0,1.0,1.0,1.0,beneficiario
15174,52.0,4.0,4.941820670773443,1.0,3.0,,2.0,3.0,5.0,,,1.0,,0.8,1.0,,1.0,1.0,3.0,5.0,1.0,6.0,3.0,1.0,1.0,1.0,beneficiario
15174,52.0,7.0,7.485284052019164,2.0,3.0,,2.0,3.0,2.0,,2.0,1.0,0.0,0.8,1.0,1.0,2.0,1.0,3.0,5.0,1.0,6.0,3.0,1.0,1.0,1.0,beneficiario
15174,52.0,1.0,1.9849418206707734,2.0,3.0,,2.0,3.0,5.0,,,0.0,,,,,,1.0,3.0,5.0,1.0,6.0,3.0,1.0,1.0,1.0,beneficiario
15185,52.0,43.0,43.540041067761805,1.0,1.0,4.0,2.0,1.0,5.0,,,0.0,,,,,2.0,1.0,2.0,4.0,1.0,5.0,2.0,1.0,1.0,,beneficiario
15185,52.0,37.0,37.14168377823409,2.0,1.0,4.0,1.0,2.0,3.0,,,1.0,0.0,1.0,0.0,9.0,3.0,1.0,2.0,4.0,1.0,5.0,2.0,1.0,1.0,,beneficiario
15185,52.0,16.0,16.681724845995895,2.0,1.0,4.0,2.0,3.0,3.0,5.0,2.0,1.0,0.0,1.0,1.0,10.0,3.0,1.0,2.0,4.0,1.0,5.0,2.0,1.0,1.0,,beneficiario
15185,52.0,20.0,25.489390828199863,2.0,1.0,4.0,2.0,3.0,3.0,,,1.0,0.0,1.0,0.0,11.0,3.0,1.0,2.0,4.0,1.0,5.0,2.0,1.0,1.0,,beneficiario
15238,53.0,52.0,52.22724161533197,2.0,1.0,1.0,1.0,1.0,5.0,,,0.0,,,,,,0.0,,3.0,1.0,6.0,3.0,1.0,1.0,2.0,controle
15238,53.0,17.0,17.084188911704313,2.0,3.0,1.0,2.0,3.0,3.0,6.0,2.0,1.0,0.0,1.0,0.0,10.0,3.0,0.0,,3.0,1.0,6.0,3.0,1.0,1.0,2.0,controle
15238,53.0,14.0,14.757015742642025,1.0,1.0,1.0,2.0,3.0,3.0,6.0,1.0,1.0,0.0,1.0,0.0,7.0,2.0,0.0,,3.0,1.0,6.0,3.0,1.0,1.0,2.0,controle
15310,53.0,31.0,30.80082135523614,2.0,1.0,1.0,1.0,1.0,5.0,,,0.0,,,,,2.0,1.0,2.0,5.0,1.0,4.0,2.0,1.0,1.0,1.0,beneficiario
15310,53.0,33.0,33.333333333333336,1.0,3.0,1.0,2.0,2.0,5.0,,,0.0,,,,,2.0,1.0,2.0,5.0,1.0,4.0,2.0,1.0,1.0,1.0,beneficiario
15310,53.0,12.0,12.030116358658454,2.0,1.0,,2.0,3.0,2.0,,,1.0,0.0,1.0,0.0,5.0,2.0,1.0,2.0,5.0,1.0,4.0,2.0,1.0,1.0,1.0,beneficiario
15310,53.0,10.0,9.987679671457906,2.0,1.0,,2.0,3.0,2.0,,,1.0,0.0,1.0,0.0,3.0,2.0,1.0,2.0,5.0,1.0,4.0,2.0,1.0,1.0,1.0,beneficiario
15310,53.0,1.0,1.8945927446954143,1.0,1.0,,2.0,3.0,5.0,,,0.0,,,,,,1.0,2.0,5.0,1.0,4.0,2.0,1.0,1.0,1.0,beneficiario
15398,53.0,47.0,47.82477754962355,1.0,3.0,4.0,2.0,2.0,5.0,,,0.0,,,,,3.0,0.0,3.0,4.0,1.0,7.0,3.0,1.0,1.0,2.0,controle
15398,53.0,39.0,39.299110198494176,2.0,1.0,1.0,2.0,1.0,5.0,,,0.0,,,,,3.0,0.0,3.0,4.0,1.0,7.0,3.0,1.0,1.0,2.0,controle
15398,53.0,13.0,13.467488021902806,2.0,3.0,,2.0,3.0,3.0,6.0,2.0,1.0,0.0,1.0,1.0,7.0,2.0,0.0,3.0,4.0,1.0,7.0,3.0,1.0,1.0,2.0,controle
15398,53.0,5.0,5.987679671457905,2.0,1.0,,2.0,3.0,3.0,0.0,2.0,1.0,0.0,0.8,1.0,,1.0,0.0,3.0,4.0,1.0,7.0,3.0,1.0,1.0,2.0,controle
15426,53.0,42.0,42.614647501711154,2.0,3.0,3.0,2.0,1.0,5.0,,,0.0,,,,,2.0,0.0,2.0,3.0,1.0,3.0,1.0,1.0,1.0,1.0,controle
15426,53.0,19.0,19.57289527720739,2.0,1.0,3.0,2.0,3.0,2.0,,,0.0,1.0,,,,3.0,0.0,2.0,3.0,1.0,3.0,1.0,1.0,1.0,1.0,controle
15426,53.0,7.0,7.173169062286106,1.0,3.0,,2.0,3.0,2.0,7.0,2.0,1.0,0.0,1.0,1.0,2.0,2.0,0.0,2.0,3.0,1.0,3.0,1.0,1.0,1.0,1.0,controle
